Date,usdPrice,usdOpen,usdHigh,usdLow,Change ,Price,Open,High,Low
11 10 2017,104.265,104.105,104.295,103.995,0.35,1.604076923,1.601615385,1.604538462,1.599923077
11 09 2017,103.905,103.905,104.005,103.765,-0.02,1.598538462,1.598538462,1.600076923,1.596384615
11 08 2017,103.93,104.22,104.27,103.89,-0.12,1.598923077,1.603384615,1.604153846,1.598307692
11 07 2017,104.05,103.45,104.11,103.38,0.54,1.600769231,1.591538462,1.601692308,1.590461538
11 06 2017,103.49,103.45,103.59,103.45,0.2,1.592153846,1.591538462,1.593692308,1.591538462
11 03 2017,103.28,103.32,103.42,103.24,-0.1,1.588923077,1.589538462,1.591076923,1.588307692
11 02 2017,103.38,103.26,103.48,103.16,0.03,1.590461538,1.588615385,1.592,1.587076923
11 01 2017,103.35,103.53,103.53,103.22,-0.24,1.59,1.592769231,1.592769231,1.588
10 31 2017,103.6,103.74,103.75,103.56,-0.16,1.593846154,1.596,1.596153846,1.593230769
10 30 2017,103.77,103.82,103.93,103.67,-0.3,1.596461538,1.597230769,1.598923077,1.594923077
10 27 2017,104.08,104.04,104.18,103.95,0.35,1.601230769,1.600615385,1.602769231,1.599230769
10 26 2017,103.72,103.67,103.86,103.56,-0.11,1.595692308,1.594923077,1.597846154,1.593230769
10 25 2017,103.83,104.23,104.32,103.82,-0.25,1.597384615,1.603538462,1.604923077,1.597230769
10 24 2017,104.095,103.955,104.155,103.835,0.06,1.601461538,1.599307692,1.602384615,1.597461538
10 23 2017,104.035,104.115,104.185,103.965,-0.03,1.600538462,1.601769231,1.602846154,1.599461538
10 20 2017,104.065,104.065,104.065,104.065,0,1.601,1.601,1.601,1.601
10 19 2017,104.065,104.065,104.065,104.065,0,1.601,1.601,1.601,1.601
10 18 2017,104.065,103.975,104.255,103.925,0.02,1.601,1.599615385,1.603923077,1.598846154
10 17 2017,104.04,103.67,104.07,103.67,0.43,1.600615385,1.594923077,1.601076923,1.594923077
10 16 2017,103.59,103.69,103.69,103.51,-0.29,1.593692308,1.595230769,1.595230769,1.592461538
10 13 2017,103.89,103.93,103.95,103.8,-0.24,1.598307692,1.598923077,1.599230769,1.596923077
10 12 2017,104.135,104.215,104.255,104.065,-0.09,1.602076923,1.603307692,1.603923077,1.601
10 11 2017,104.23,104.36,104.51,104.2,-0.21,1.603538462,1.605538462,1.607846154,1.603076923
10 10 2017,104.45,104.57,104.6,104.33,-0.11,1.606923077,1.608769231,1.609230769,1.605076923
10 09 2017,104.57,104.6,104.66,104.44,-0.04,1.608769231,1.609230769,1.610153846,1.606769231
10 06 2017,104.61,104.31,104.63,104.31,0.36,1.609384615,1.604769231,1.609692308,1.604769231
10 05 2017,104.23,104.15,104.31,103.96,0.2,1.603538462,1.602307692,1.604769231,1.599384615
10 04 2017,104.025,104.585,104.615,103.915,-0.74,1.600384615,1.609,1.609461538,1.598692308
10 03 2017,104.8,104.95,105.02,104.75,0.33,1.612307692,1.614615385,1.615692308,1.611538462
10 02 2017,104.455,0.005,0.005,0.005,0,1.607,7.69231E-05,7.69231E-05,7.69231E-05
09 29 2017,104.455,104.535,104.745,104.375,-0.34,1.607,1.608230769,1.611461538,1.605769231
09 28 2017,104.81,105.26,105.43,104.79,-0.32,1.612461538,1.619384615,1.622,1.612153846
09 27 2017,105.145,104.585,105.205,104.545,0.41,1.617615385,1.609,1.618538462,1.608384615
09 26 2017,104.72,104.39,104.73,104.25,0.53,1.611076923,1.606,1.611230769,1.603846154
09 25 2017,104.17,103.75,104.28,103.56,0.48,1.602615385,1.596153846,1.604307692,1.593230769
09 22 2017,103.67,103.93,104.25,103.61,-0.02,1.594923077,1.598923077,1.603846154,1.594
09 21 2017,103.695,103.205,103.745,103.105,0.85,1.595307692,1.587769231,1.596076923,1.586230769
09 20 2017,102.825,102.805,103.095,102.785,-0.1,1.581923077,1.581615385,1.586076923,1.581307692
09 19 2017,102.93,102.69,102.94,102.61,0.31,1.583538462,1.579846154,1.583692308,1.578615385
09 18 2017,102.615,102.485,102.625,102.405,0.09,1.578692308,1.576692308,1.578846154,1.575461538
09 15 2017,102.525,102.625,102.625,102.465,-0.06,1.577307692,1.578846154,1.578846154,1.576384615
09 14 2017,102.59,102.68,102.68,102.51,0.19,1.578307692,1.579692308,1.579692308,1.577076923
09 13 2017,102.4,102.38,102.45,102.35,-0.06,1.575384615,1.575076923,1.576153846,1.574615385
09 12 2017,102.465,102.375,102.475,102.295,0.17,1.576384615,1.575,1.576538462,1.573769231
09 11 2017,102.295,102.245,102.295,102.135,0.24,1.573769231,1.573,1.573769231,1.571307692
09 08 2017,102.055,102.145,102.335,102.045,-0.41,1.570076923,1.571461538,1.574384615,1.569923077
09 07 2017,102.48,102.47,102.49,102.37,-0.08,1.576615385,1.576461538,1.576769231,1.574923077
09 06 2017,102.56,102.7,102.82,102.56,0.01,1.577846154,1.58,1.581846154,1.577846154
09 05 2017,102.55,102.61,102.7,102.55,0.06,1.577692308,1.578615385,1.58,1.577692308
09 04 2017,102.49,102.31,102.69,102.3,0.04,1.576769231,1.574,1.579846154,1.573846154
09 01 2017,102.45,102.42,102.62,102.34,0.05,1.576153846,1.575692308,1.578769231,1.574461538
08 31 2017,102.4,102.65,102.69,102.4,0,1.575384615,1.579230769,1.579846154,1.575384615
08 30 2017,102.4,102.55,102.62,102.39,-0.05,1.575384615,1.577692308,1.578769231,1.575230769
08 29 2017,102.45,102.47,102.6,102.42,0.2,1.576153846,1.576461538,1.578461538,1.575692308
08 28 2017,102.25,102.3,102.3,102.17,-0.2,1.573076923,1.573846154,1.573846154,1.571846154
08 25 2017,102.45,102.45,102.45,102.45,0,1.576153846,1.576153846,1.576153846,1.576153846
08 24 2017,102.45,102.61,102.69,102.45,-0.1,1.576153846,1.578615385,1.579846154,1.576153846
08 23 2017,102.55,102.51,102.68,102.51,0,1.577692308,1.577076923,1.579692308,1.577076923
08 22 2017,102.55,102.59,102.68,102.52,0,1.577692308,1.578307692,1.579692308,1.577230769
08 21 2017,102.55,102.56,102.69,102.47,-0.05,1.577692308,1.577846154,1.579846154,1.576461538
08 18 2017,102.6,102.79,102.79,102.6,0,1.578461538,1.581384615,1.581384615,1.578461538
08 17 2017,102.6,102.6,102.6,102.6,0,1.578461538,1.578461538,1.578461538,1.578461538
08 16 2017,102.6,102.95,103.02,102.6,0.05,1.578461538,1.583846154,1.584923077,1.578461538
08 15 2017,102.55,0.05,0.05,0.05,0,1.577692308,0.000769231,0.000769231,0.000769231
08 14 2017,102.55,102.43,102.67,102.29,-0.06,1.577692308,1.575846154,1.579538462,1.573692308
08 11 2017,102.615,102.72,102.825,102.58,0.16,1.578692308,1.580307692,1.581923077,1.578153846
08 10 2017,102.45,102.29,102.58,101.7,0.34,1.576153846,1.573692308,1.578153846,1.564615385
08 09 2017,102.1,102.05,102.24,101.7,0.2,1.570769231,1.57,1.572923077,1.564615385
08 08 2017,101.9,102.03,102.25,101.7,-0.15,1.567692308,1.569692308,1.573076923,1.564615385
08 07 2017,102.05,101.94,102.19,101.8,0.2,1.57,1.568307692,1.572153846,1.566153846
08 04 2017,101.85,101.87,102.01,101.72,0,1.566923077,1.567230769,1.569384615,1.564923077
08 03 2017,101.85,102.2,102.25,101.7,-0.54,1.566923077,1.572307692,1.573076923,1.564615385
08 02 2017,102.4,102.59,102.71,101.74,-0.05,1.575384615,1.578307692,1.580153846,1.565230769
08 01 2017,102.45,102.56,102.67,102.4,-0.24,1.576153846,1.577846154,1.579538462,1.575384615
07 31 2017,102.695,102.58,102.795,102.47,0.04,1.579923077,1.578153846,1.581461538,1.576461538
07 28 2017,102.65,102.7,102.83,102.58,0.1,1.579230769,1.58,1.582,1.578153846
07 27 2017,102.55,102.75,102.8,102.5,-0.39,1.577692308,1.580769231,1.581538462,1.576923077
07 26 2017,102.95,103.09,103.16,102.9,0,1.583846154,1.586,1.587076923,1.583076923
07 25 2017,102.95,103.07,103.12,102.8,0.05,1.583846154,1.585692308,1.586461538,1.581538462
07 24 2017,102.9,103.06,103.23,102.8,-0.01,1.583076923,1.585538462,1.588153846,1.581538462
07 21 2017,102.91,103.01,103.02,102.88,-0.14,1.583230769,1.584769231,1.584923077,1.582769231
07 20 2017,103.05,102.94,103.18,102.91,0.19,1.585384615,1.583692308,1.587384615,1.583230769
07 19 2017,102.85,102.96,103.01,102.8,-0.05,1.582307692,1.584,1.584769231,1.581538462
07 18 2017,102.9,102.91,103.08,102.8,-0.05,1.583076923,1.583230769,1.585846154,1.581538462
07 17 2017,102.95,102.94,103.07,102.9,-0.15,1.583846154,1.583692308,1.585692308,1.583076923
07 14 2017,103.1,103.2,103.3,103,-0.01,1.586153846,1.587692308,1.589230769,1.584615385
07 13 2017,103.11,103.02,103.16,103.02,-0.52,1.586307692,1.584923077,1.587076923,1.584923077
07 12 2017,103.65,103.74,103.89,103.17,0.39,1.594615385,1.596,1.598307692,1.587230769
07 11 2017,103.25,103.12,103.39,103.1,0.05,1.588461538,1.586461538,1.590615385,1.586153846
07 10 2017,103.2,103.3,103.42,103.1,-0.29,1.587692308,1.589230769,1.591076923,1.586153846
07 07 2017,103.5,103.6,104.12,103.3,-0.1,1.592307692,1.593846154,1.601846154,1.589230769
07 06 2017,103.6,103.87,103.97,103.5,-0.05,1.593846154,1.598,1.599538462,1.592307692
07 05 2017,103.65,103.9,104.09,103.3,-0.25,1.594615385,1.598461538,1.601384615,1.589230769
07 04 2017,103.91,103.96,103.97,103.5,-0.06,1.598615385,1.599384615,1.599538462,1.592307692
07 03 2017,103.97,103.7,103.97,103.41,0.41,1.599538462,1.595384615,1.599538462,1.590923077
06 30 2017,103.55,103.58,104.14,103.2,0.05,1.593076923,1.593538462,1.602153846,1.587692308
06 29 2017,103.5,103.65,104.04,103.1,-0.05,1.592307692,1.594615385,1.600615385,1.586153846
06 28 2017,103.55,103.64,104.02,103.2,-0.1,1.593076923,1.594461538,1.600307692,1.587692308
06 27 2017,103.65,103.7,103.89,103.04,0,1.594615385,1.595384615,1.598307692,1.585230769
06 26 2017,103.65,103.75,103.92,103.5,-0.1,1.594615385,1.596153846,1.598769231,1.592307692
06 23 2017,103.75,103.3,103.82,103.07,0.19,1.596153846,1.589230769,1.597230769,1.585692308
06 22 2017,103.55,103.89,104.04,103.12,-0.34,1.593076923,1.598307692,1.600615385,1.586461538
06 21 2017,103.9,103.63,103.9,103.18,0.29,1.598461538,1.594307692,1.598461538,1.587384615
06 20 2017,103.6,103.44,103.77,103.05,0.29,1.593846154,1.591384615,1.596461538,1.585384615
06 19 2017,103.3,103.62,104.14,102.9,-0.05,1.589230769,1.594153846,1.602153846,1.583076923
06 16 2017,103.35,103.67,104.14,103,-0.1,1.59,1.594923077,1.602153846,1.584615385
06 15 2017,103.45,103.45,104.04,102.78,0,1.591538462,1.591538462,1.600615385,1.581230769
06 14 2017,103.45,103.4,103.84,102.77,0.15,1.591538462,1.590769231,1.597538462,1.581076923
06 13 2017,103.3,103.59,103.99,102.9,-0.24,1.589230769,1.593692308,1.599846154,1.583076923
06 12 2017,103.55,103.37,103.8,102.88,0,1.593076923,1.590307692,1.596923077,1.582769231
06 09 2017,103.55,103.32,103.89,102.66,0.29,1.593076923,1.589538462,1.598307692,1.579384615
06 08 2017,103.25,103.47,104.03,102.72,-0.15,1.588461538,1.591846154,1.600461538,1.580307692
06 07 2017,103.4,103.67,103.99,102.86,-0.27,1.590769231,1.594923077,1.599846154,1.582461538
06 06 2017,103.68,103.47,103.68,102.9,0.22,1.595076923,1.591846154,1.595076923,1.583076923
06 05 2017,103.45,103.5,103.87,102.86,-0.1,1.591538462,1.592307692,1.598,1.582461538
06 02 2017,103.55,103.68,104.06,102.93,-0.19,1.593076923,1.595076923,1.600923077,1.583538462
06 01 2017,103.75,103.4,103.87,103.07,0.1,1.596153846,1.590769231,1.598,1.585692308
05 31 2017,103.65,103.8,103.98,103.18,-0.19,1.594615385,1.596923077,1.599692308,1.587384615
05 30 2017,103.85,103.69,104.02,103.34,0.14,1.597692308,1.595230769,1.600307692,1.589846154
05 29 2017,103.7,103.66,103.7,103.12,0,1.595384615,1.594769231,1.595384615,1.586461538
05 26 2017,103.7,103.67,103.77,103.07,0.05,1.595384615,1.594923077,1.596461538,1.585692308
05 25 2017,103.65,103.82,103.97,103.16,-0.1,1.594615385,1.597230769,1.599538462,1.587076923
05 24 2017,103.75,103.87,104.19,103.5,-0.05,1.596153846,1.598,1.602923077,1.592307692
05 23 2017,103.8,103.7,104.21,103.41,0.05,1.596923077,1.595384615,1.603230769,1.590923077
05 22 2017,103.75,103.23,104.07,103.09,0,1.596153846,1.588153846,1.601076923,1.586
05 19 2017,103.75,103.93,104.41,103.34,-0.14,1.596153846,1.598923077,1.606307692,1.589846154
05 18 2017,103.9,102.4,104.07,102.4,1.22,1.598461538,1.575384615,1.601076923,1.575384615
05 17 2017,102.65,102.38,102.66,102.37,0.15,1.579230769,1.575076923,1.579384615,1.574923077
05 16 2017,102.5,102.5,102.74,102.4,0,1.576923077,1.576923077,1.580615385,1.575384615
05 15 2017,102.495,102.57,102.655,102.4,-1,1.576846154,1.578,1.579307692,1.575384615
05 12 2017,103.53,103.64,103.65,102.81,-0.12,1.592769231,1.594461538,1.594615385,1.581692308
05 11 2017,103.65,103.79,103.8,102.94,-0.14,1.594615385,1.596769231,1.596923077,1.583692308
05 10 2017,103.8,103.82,103.85,103.79,0.34,1.596923077,1.597230769,1.597692308,1.596769231
05 09 2017,103.45,103.07,103.56,102.4,0.58,1.591538462,1.585692308,1.593230769,1.575384615
05 08 2017,102.85,102.83,102.96,102.7,-0.1,1.582307692,1.582,1.584,1.58
05 05 2017,102.95,102.75,103.06,102.75,0.25,1.583846154,1.580769231,1.585538462,1.580769231
05 04 2017,102.69,102.69,102.79,102.66,0.09,1.579846154,1.579846154,1.581384615,1.579384615
05 03 2017,102.6,102.59,103.2,102.5,-0.1,1.578461538,1.578307692,1.587692308,1.576923077
05 02 2017,102.7,102.69,102.86,102.5,-0.11,1.58,1.579846154,1.582461538,1.576923077
05 01 2017,102.81,103.35,103.46,102.77,-0.57,1.581692308,1.59,1.591692308,1.581076923
04 28 2017,103.4,102.58,103.4,102.58,0.83,1.590769231,1.578153846,1.590769231,1.578153846
04 27 2017,102.55,102.48,102.71,102.35,-0.04,1.577692308,1.576615385,1.580153846,1.574615385
04 26 2017,102.59,103.59,103.6,102.27,-0.97,1.578307692,1.593692308,1.593846154,1.573384615
04 25 2017,103.6,103.59,103.67,102.74,-0.05,1.593846154,1.593692308,1.594923077,1.580615385
04 24 2017,103.65,103.82,103.97,103.07,-0.17,1.594615385,1.597230769,1.599538462,1.585692308
04 21 2017,103.83,103.75,103.83,103.27,0.08,1.597384615,1.596153846,1.597384615,1.588769231
04 20 2017,103.75,103.38,103.82,103.2,-0.03,1.596153846,1.590461538,1.597230769,1.587692308
04 19 2017,103.78,103.67,103.92,103.2,0.32,1.596615385,1.594923077,1.598769231,1.587692308
04 18 2017,103.45,102.88,104.04,102.88,-0.05,1.591538462,1.582769231,1.600615385,1.582769231
04 17 2017,103.5,103.55,103.8,102.86,0,1.592307692,1.593076923,1.596923077,1.582461538
04 14 2017,103.5,103.57,103.77,103.3,-0.05,1.592307692,1.593384615,1.596461538,1.589230769
04 13 2017,103.55,103.74,103.96,102.81,-0.05,1.593076923,1.596,1.599384615,1.581692308
04 12 2017,103.6,103.65,104.03,103.25,0.48,1.593846154,1.594615385,1.600461538,1.588461538
04 11 2017,103.1,103.66,103.82,103,-0.53,1.586153846,1.594769231,1.597230769,1.584615385
04 10 2017,103.65,103.42,103.88,102.88,0.14,1.594615385,1.591076923,1.598153846,1.582769231
04 07 2017,103.5,103.75,103.99,102.67,-0.19,1.592307692,1.596153846,1.599846154,1.579538462
04 06 2017,103.7,104.02,104.29,103.2,-0.32,1.595384615,1.600307692,1.604461538,1.587692308
04 05 2017,104.03,104.1,104.28,103.79,-0.07,1.600461538,1.601538462,1.604307692,1.596769231
04 04 2017,104.1,103.86,104.24,103.86,0,1.601538462,1.597846154,1.603692308,1.597846154
04 03 2017,104.1,103.68,104.24,103.62,0.24,1.601538462,1.595076923,1.603692308,1.594153846
03 31 2017,103.85,104.17,104.22,103.66,-0.86,1.597692308,1.602615385,1.603384615,1.594769231
03 30 2017,104.75,104.51,105.3,103.79,0,1.611538462,1.607846154,1.62,1.596769231
03 29 2017,104.75,104.65,105.39,103.8,-0.14,1.611538462,1.61,1.621384615,1.596923077
03 28 2017,104.9,104.7,105.24,104.5,-0.1,1.613846154,1.610769231,1.619076923,1.607692308
03 27 2017,105,105.19,105.49,104.05,-0.19,1.615384615,1.618307692,1.622923077,1.600769231
03 24 2017,105.2,105.12,105.25,104.61,0.14,1.618461538,1.617230769,1.619230769,1.609384615
03 23 2017,105.05,105.17,105.49,104.6,-0.1,1.616153846,1.618,1.622923077,1.609230769
03 22 2017,105.15,105,105.39,104.41,0.05,1.617692308,1.615384615,1.621384615,1.606307692
03 21 2017,105.1,105.16,105.24,104.36,-0.05,1.616923077,1.617846154,1.619076923,1.605538462
03 20 2017,105.15,105.17,105.38,104.48,-0.03,1.617692308,1.618,1.621230769,1.607384615
03 17 2017,105.18,105.1,105.25,104.71,0.03,1.618153846,1.616923077,1.619230769,1.610923077
03 16 2017,105.15,105.27,105.43,104.37,-0.1,1.617692308,1.619538462,1.622,1.605692308
03 15 2017,105.25,106.04,106.09,104.66,-0.75,1.619230769,1.631384615,1.632153846,1.610153846
03 14 2017,106.05,106.6,106.82,105.23,-0.75,1.631538462,1.64,1.643384615,1.618923077
03 13 2017,106.85,106.92,107.65,106.4,0,1.643846154,1.644923077,1.656153846,1.636923077
03 10 2017,106.85,106.51,107.65,106.4,-0.14,1.643846154,1.638615385,1.656153846,1.636923077
03 09 2017,107,107.15,107.62,106.7,-0.09,1.646153846,1.648461538,1.655692308,1.641538462
03 08 2017,107.1,106.6,107.44,106.59,0.05,1.647692308,1.64,1.652923077,1.639846154
03 07 2017,107.05,107.1,107.45,106.54,-0.05,1.646923077,1.647692308,1.653076923,1.639076923
03 06 2017,107.1,107.25,107.49,106.7,-0.05,1.647692308,1.65,1.653692308,1.641538462
03 03 2017,107.15,106.81,107.47,106.76,0,1.648461538,1.643230769,1.653384615,1.642461538
03 02 2017,107.15,107.27,107.48,106.69,0,1.648461538,1.650307692,1.653538462,1.641384615
03 01 2017,107.15,107.19,107.49,106.81,-0.03,1.648461538,1.649076923,1.653692308,1.643230769
02 28 2017,107.18,107,107.32,106.69,-0.02,1.648923077,1.646153846,1.651076923,1.641384615
02 27 2017,107.2,106.97,107.21,106.62,-0.03,1.649230769,1.645692308,1.649384615,1.640307692
02 24 2017,107.23,107.17,107.3,106.59,0.07,1.649692308,1.648769231,1.650769231,1.639846154
02 23 2017,107.15,107.32,107.51,106.86,0,1.648461538,1.651076923,1.654,1.644
02 22 2017,107.15,107.1,107.64,106.99,-0.09,1.648461538,1.647692308,1.656,1.646
02 21 2017,107.25,107.16,107.59,107.1,-0.17,1.65,1.648615385,1.655230769,1.647692308
02 20 2017,107.43,107.53,107.54,107.01,0.17,1.652769231,1.654307692,1.654461538,1.646307692
02 17 2017,107.25,107.49,107.64,106.84,-0.23,1.65,1.653692308,1.656,1.643692308
02 16 2017,107.5,107.33,107.5,107.06,0.19,1.653846154,1.651230769,1.653846154,1.647076923
02 15 2017,107.3,107.27,107.65,107.01,0.05,1.650769231,1.650307692,1.656153846,1.646307692
02 14 2017,107.25,107.54,107.69,107.04,-0.09,1.65,1.654461538,1.656769231,1.646769231
02 13 2017,107.35,107.13,107.66,107.04,0.42,1.651538462,1.648153846,1.656307692,1.646769231
02 10 2017,106.9,107.06,107.3,106.8,-0.6,1.644615385,1.647076923,1.650769231,1.643076923
02 09 2017,107.55,106.94,107.75,106.9,-0.09,1.654615385,1.645230769,1.657692308,1.644615385
02 08 2017,107.65,107.72,107.96,107.2,-0.09,1.656153846,1.657230769,1.660923077,1.649230769
02 07 2017,107.75,107.36,107.95,107.2,0.23,1.657692308,1.651692308,1.660769231,1.649230769
02 06 2017,107.5,106.94,107.67,106.94,-0.19,1.653846154,1.645230769,1.656461538,1.645230769
02 03 2017,107.7,107.94,108.44,107.17,-0.06,1.656923077,1.660615385,1.668307692,1.648769231
02 02 2017,107.76,108.07,108.57,107.26,-0.15,1.657846154,1.662615385,1.670307692,1.650153846
02 01 2017,107.92,108.6,109.31,107.42,-0.81,1.660307692,1.670769231,1.681692308,1.652615385
01 31 2017,108.8,108.6,109.5,107.94,-0.27,1.673846154,1.670769231,1.684615385,1.660615385
01 30 2017,109.1,108.37,109.5,108.03,0,1.678461538,1.667230769,1.684615385,1.662
01 27 2017,109.1,109.4,109.7,108.35,-0.21,1.678461538,1.683076923,1.687692308,1.666923077
01 26 2017,109.33,109.07,109.33,108.32,-0.11,1.682,1.678,1.682,1.666461538
01 25 2017,109.45,109.07,109.88,108.39,0,1.683846154,1.678,1.690461538,1.667538462
01 24 2017,109.45,108.43,109.89,108.25,0.03,1.683846154,1.668153846,1.690615385,1.665384615
01 23 2017,109.42,109.26,109.91,108.35,0.08,1.683384615,1.680923077,1.690923077,1.666923077
01 20 2017,109.33,108.77,109.56,108.36,-0.06,1.682,1.673384615,1.685538462,1.667076923
01 19 2017,109.4,109.15,109.72,108.49,0.14,1.683076923,1.679230769,1.688,1.669076923
01 18 2017,109.25,108.95,109.72,108.15,-0.14,1.680769231,1.676153846,1.688,1.663846154
01 17 2017,109.4,108.71,109.81,108.21,0.02,1.683076923,1.672461538,1.689384615,1.664769231
01 16 2017,109.38,109.3,109.66,108.42,-0.05,1.682769231,1.681538462,1.687076923,1.668
01 13 2017,109.43,109.17,109.7,108.52,0.12,1.683538462,1.679538462,1.687692308,1.669538462
01 12 2017,109.3,109.31,109.79,108.22,-0.23,1.681538462,1.681692308,1.689076923,1.664923077
01 11 2017,109.55,109.18,110.05,108.58,0.14,1.685384615,1.679692308,1.693076923,1.670461538
01 10 2017,109.4,109.12,109.92,108.27,-0.14,1.683076923,1.678769231,1.691076923,1.665692308
01 09 2017,109.55,109.02,109.85,108.53,0.46,1.685384615,1.677230769,1.69,1.669692308
01 06 2017,109.05,108.82,109.63,107.25,-0.03,1.677692308,1.674153846,1.686615385,1.65
01 05 2017,109.08,108.95,109.69,107.27,-0.06,1.678153846,1.676153846,1.687538462,1.650307692
01 04 2017,109.15,109,109.94,108.37,-0.27,1.679230769,1.676923077,1.691384615,1.667230769
01 03 2017,109.45,109.06,110.06,108.39,0.2,1.683846154,1.677846154,1.693230769,1.667538462
01 02 2017,109.23,108.72,109.3,108.2,0,1.680461538,1.672615385,1.681538462,1.664615385
12 30 2016,109.23,108.27,109.72,107.38,-0.06,1.680461538,1.665692308,1.688,1.652
12 29 2016,109.3,109.13,109.87,108.4,-0.14,1.681538462,1.678923077,1.690307692,1.667692308
12 28 2016,109.45,109,109.86,108.19,0.18,1.683846154,1.676923077,1.690153846,1.664461538
12 27 2016,109.25,108.19,109.74,107.95,0.79,1.680769231,1.664461538,1.688307692,1.660769231
12 26 2016,108.39,108.52,109.06,107.87,-0.68,1.667538462,1.669538462,1.677846154,1.659538462
12 23 2016,109.13,108.93,109.36,107.94,-0.29,1.678923077,1.675846154,1.682461538,1.660615385
12 22 2016,109.45,108.87,109.72,107.84,0,1.683846154,1.674923077,1.688,1.659076923
12 21 2016,109.45,109.05,109.67,108.05,0,1.683846154,1.677692308,1.687230769,1.662307692
12 20 2016,109.45,108.82,109.76,108,0,1.683846154,1.674153846,1.688615385,1.661538462
12 19 2016,109.45,108.95,109.6,107.83,0,1.683846154,1.676153846,1.686153846,1.658923077
12 16 2016,109.45,108.27,109.47,107.85,0,1.683846154,1.665692308,1.684153846,1.659230769
12 15 2016,109.45,108.6,109.97,107.84,0,1.683846154,1.670769231,1.691846154,1.659076923
12 14 2016,109.45,107.67,109.6,107.38,0,1.683846154,1.656461538,1.686153846,1.652
12 13 2016,109.45,108.55,109.6,107.04,0,1.683846154,1.67,1.686153846,1.646769231
12 12 2016,109.45,108.6,109.6,107.94,0,1.683846154,1.670769231,1.686153846,1.660615385
12 09 2016,109.45,109.2,109.79,107.35,0,1.683846154,1.68,1.689076923,1.651538462
12 08 2016,109.45,108.72,109.6,107.2,0,1.683846154,1.672615385,1.686153846,1.649230769
12 07 2016,109.45,109.02,109.6,107.71,0.37,1.683846154,1.677230769,1.686153846,1.657076923
12 06 2016,109.05,109.04,109.21,108.03,-0.37,1.677692308,1.677538462,1.680153846,1.662
12 05 2016,109.45,109.24,109.96,108.51,0.16,1.683846154,1.680615385,1.691692308,1.669384615
12 02 2016,109.28,109.57,109.64,108.46,-0.27,1.681230769,1.685692308,1.686769231,1.668615385
12 01 2016,109.58,109.33,109.79,108.8,-0.61,1.685846154,1.682,1.689076923,1.673846154
11 30 2016,110.25,109.51,110.37,108.8,0,1.696153846,1.684769231,1.698,1.673846154
11 29 2016,110.25,109.61,110.51,108.79,-0.09,1.696153846,1.686307692,1.700153846,1.673692308
11 28 2016,110.35,109.55,110.58,108.59,0.66,1.697692308,1.685384615,1.701230769,1.670615385
11 25 2016,109.63,109.76,110.2,108.89,-0.2,1.686615385,1.688615385,1.695384615,1.675230769
11 24 2016,109.85,109.29,111.11,109.25,0.27,1.69,1.681384615,1.709384615,1.680769231
11 23 2016,109.55,109.04,111.02,108.69,0.09,1.685384615,1.677538462,1.708,1.672153846
11 22 2016,109.45,108.95,109.78,108.43,0.18,1.683846154,1.676153846,1.688923077,1.668153846
11 21 2016,109.25,108.97,109.26,108.43,0,1.680769231,1.676461538,1.680923077,1.668153846
11 18 2016,109.25,108.33,109.45,108.08,0.51,1.680769231,1.666615385,1.683846154,1.662769231
11 17 2016,108.7,108.13,109.19,107.88,0.18,1.672307692,1.663538462,1.679846154,1.659692308
11 16 2016,108.5,108.36,109.24,107.68,0,1.669230769,1.667076923,1.680615385,1.656615385
11 15 2016,108.5,108.63,109.13,107.54,0.74,1.669230769,1.671230769,1.678923077,1.654461538
11 14 2016,107.7,107.56,108.85,107.07,0.12,1.656923077,1.654769231,1.674615385,1.647230769
11 11 2016,107.57,106.42,107.61,106.17,0.67,1.654923077,1.637230769,1.655538462,1.633384615
11 10 2016,106.85,107.76,108.26,105.64,0.09,1.643846154,1.657846154,1.665538462,1.625230769
11 09 2016,106.75,106.6,107.62,105.75,-0.17,1.642307692,1.64,1.655692308,1.626923077
11 08 2016,106.93,106.6,107.42,106.08,-0.16,1.645076923,1.64,1.652615385,1.632
11 07 2016,107.1,106.79,107.5,106.18,0.14,1.647692308,1.642923077,1.653846154,1.633538462
11 04 2016,106.95,106.75,107.54,106.22,0,1.645384615,1.642307692,1.654461538,1.634153846
11 03 2016,106.95,106.68,107.49,106.17,-0.09,1.645384615,1.641230769,1.653692308,1.633384615
11 02 2016,107.05,106.7,107.49,105.85,0.14,1.646923077,1.641538462,1.653692308,1.628461538
11 01 2016,106.9,106.37,107.44,106.15,-0.14,1.644615385,1.636461538,1.652923077,1.633076923
10 31 2016,107.05,106.79,107.58,106.28,-0.05,1.646923077,1.642923077,1.655076923,1.635076923
10 28 2016,107.1,107.12,107.72,106.31,-0.03,1.647692308,1.648,1.657230769,1.635538462
10 27 2016,107.13,106.78,107.13,106.46,-0.16,1.648153846,1.642769231,1.648153846,1.637846154
10 26 2016,107.3,106.88,107.59,106.31,0.09,1.650769231,1.644307692,1.655230769,1.635538462
10 25 2016,107.2,106.9,107.61,106.41,0.09,1.649230769,1.644615385,1.655538462,1.637076923
10 24 2016,107.1,106.94,107.65,106.42,-0.05,1.647692308,1.645230769,1.656153846,1.637230769
10 21 2016,107.15,106.67,107.69,106.44,0.33,1.648461538,1.641076923,1.656769231,1.637538462
10 20 2016,106.8,106.52,107.17,106.19,0.05,1.643076923,1.638769231,1.648769231,1.633692308
10 19 2016,106.75,106.52,107.32,106.15,-0.33,1.642307692,1.638769231,1.651076923,1.633076923
10 18 2016,107.1,106.81,107.4,106.16,0.26,1.647692308,1.643230769,1.652307692,1.633230769
10 17 2016,106.82,106.53,107.03,106.31,0.04,1.643384615,1.638923077,1.646615385,1.635538462
10 14 2016,106.78,106.63,107.52,106.22,-0.3,1.642769231,1.640461538,1.654153846,1.634153846
10 13 2016,107.1,106.68,107.63,106.05,0.33,1.647692308,1.641230769,1.655846154,1.631538462
10 12 2016,106.75,106.3,107.04,106.05,0.14,1.642307692,1.635384615,1.646769231,1.631538462
10 11 2016,106.6,106.61,107.11,106,0.02,1.64,1.640153846,1.647846154,1.630769231
10 10 2016,106.58,106.46,106.82,105.95,-0.02,1.639692308,1.637846154,1.643384615,1.63
10 07 2016,106.6,106.76,107.24,106.1,-0.37,1.64,1.642461538,1.649846154,1.632307692
10 06 2016,107,106.51,107.22,106,0.38,1.646153846,1.638615385,1.649538462,1.630769231
10 05 2016,106.6,106.27,106.75,105.91,-0.33,1.64,1.634923077,1.642307692,1.629384615
10 04 2016,106.95,106.87,107.42,105.74,0.07,1.645384615,1.644153846,1.652615385,1.626769231
10 03 2016,106.88,106.72,106.95,105.83,-0.08,1.644307692,1.641846154,1.645384615,1.628153846
09 30 2016,106.97,106.87,107.55,106.01,-0.26,1.645692308,1.644153846,1.654615385,1.630923077
09 29 2016,107.25,106.6,107.61,105.76,0.37,1.65,1.64,1.655538462,1.627076923
09 28 2016,106.85,106.36,107.34,105.8,0.09,1.643846154,1.636307692,1.651384615,1.627692308
09 27 2016,106.75,106.62,107.4,105.79,-0.05,1.642307692,1.640307692,1.652307692,1.627538462
09 26 2016,106.8,106.63,107.48,106.07,-0.07,1.643076923,1.640461538,1.653538462,1.631846154
09 23 2016,106.88,106.57,107.42,106.09,-0.62,1.644307692,1.639538462,1.652615385,1.632153846
09 22 2016,107.55,107.13,107.89,106.15,-0.05,1.654615385,1.648153846,1.659846154,1.633076923
09 21 2016,107.6,107.13,107.92,106.67,0.2,1.655384615,1.648153846,1.660307692,1.641076923
09 20 2016,107.38,107.1,107.81,106.51,-0.11,1.652,1.647692308,1.658615385,1.638615385
09 19 2016,107.5,107.15,107.84,106.48,-0.05,1.653846154,1.648461538,1.659076923,1.638153846
09 16 2016,107.55,106.84,107.79,106.44,0.05,1.654615385,1.643692308,1.658307692,1.637538462
09 15 2016,107.5,107,107.89,106.41,0.14,1.653846154,1.646153846,1.659846154,1.637076923
09 14 2016,107.35,106.88,107.79,106.42,0.05,1.651538462,1.644307692,1.658307692,1.637230769
09 13 2016,107.3,106.63,107.79,106.3,0.09,1.650769231,1.640461538,1.658307692,1.635384615
09 12 2016,107.2,106.6,107.62,106.35,0.61,1.649230769,1.64,1.655692308,1.636153846
09 09 2016,106.55,106.26,107.31,105.93,-0.05,1.639230769,1.634769231,1.650923077,1.629692308
09 08 2016,106.6,106.03,106.97,105.72,0.05,1.64,1.631230769,1.645692308,1.626461538
09 07 2016,106.55,106.5,107.27,105.63,-0.47,1.639230769,1.638461538,1.650307692,1.625076923
09 06 2016,107.05,106.79,107.41,105.88,0.23,1.646923077,1.642923077,1.652461538,1.628923077
09 05 2016,106.8,106.75,107.1,106.3,-0.07,1.643076923,1.642307692,1.647692308,1.635384615
09 02 2016,106.88,106.49,107.59,106.24,-0.42,1.644307692,1.638307692,1.655230769,1.634461538
09 01 2016,107.33,107.42,107.95,106.59,-0.15,1.651230769,1.652615385,1.660769231,1.639846154
08 31 2016,107.49,107.32,107.66,106.64,-0.15,1.653692308,1.651076923,1.656307692,1.640615385
08 30 2016,107.65,107.35,108.08,106.74,-0.19,1.656153846,1.651538462,1.662769231,1.642153846
08 29 2016,107.85,107.1,108.09,106.93,0.47,1.659230769,1.647692308,1.662923077,1.645076923
08 26 2016,107.35,107.03,107.84,106.67,-0.37,1.651538462,1.646615385,1.659076923,1.641076923
08 25 2016,107.75,107.31,107.99,106.72,-0.05,1.657692308,1.650923077,1.661384615,1.641846154
08 24 2016,107.8,107.27,108.6,106.83,0.05,1.658461538,1.650307692,1.670769231,1.643538462
08 23 2016,107.75,107.33,108.12,106.77,0,1.657692308,1.651230769,1.663384615,1.642615385
08 22 2016,107.75,107,108.14,106.75,0.28,1.657692308,1.646153846,1.663692308,1.642307692
08 19 2016,107.45,106.73,107.8,106.48,0.23,1.653076923,1.642,1.658461538,1.638153846
08 18 2016,107.2,106.83,107.57,106.3,0.14,1.649230769,1.643538462,1.654923077,1.635384615
08 17 2016,107.05,106.58,107.66,106.33,-0.05,1.646923077,1.639692308,1.656307692,1.635846154
08 16 2016,107.1,106.8,107.58,106.29,-0.28,1.647692308,1.643076923,1.655076923,1.635230769
08 15 2016,107.4,106.87,107.58,106.35,0.28,1.652307692,1.644153846,1.655076923,1.636153846
08 12 2016,107.1,106.74,107.22,106.36,-0.19,1.647692308,1.642153846,1.649538462,1.636307692
08 11 2016,107.3,106.95,107.89,106.4,0.05,1.650769231,1.645384615,1.659846154,1.636923077
08 10 2016,107.25,106.45,107.72,106.09,0,1.65,1.637692308,1.657230769,1.632153846
08 09 2016,107.25,107,107.93,106.44,0,1.65,1.646153846,1.660461538,1.637538462
08 08 2016,107.25,107.08,107.84,106.24,-0.07,1.65,1.647384615,1.659076923,1.634461538
08 05 2016,107.33,107.31,107.33,106.29,0,1.651230769,1.650923077,1.651230769,1.635230769
08 04 2016,107.33,107.13,107.52,106.47,-0.05,1.651230769,1.648153846,1.654153846,1.638
08 03 2016,107.38,106.93,107.92,106.23,0.26,1.652,1.645076923,1.660307692,1.634307692
08 02 2016,107.1,107,108,106.23,-0.09,1.647692308,1.646153846,1.661538462,1.634307692
08 01 2016,107.2,106.92,108,106.21,-0.79,1.649230769,1.644923077,1.661538462,1.634
07 29 2016,108.05,107.25,108.05,106.63,0.42,1.662307692,1.65,1.662307692,1.640461538
07 28 2016,107.6,106.85,108.01,106.7,0,1.655384615,1.643846154,1.661692308,1.641538462
07 27 2016,107.6,107.47,107.76,106.91,-0.42,1.655384615,1.653384615,1.657846154,1.644769231
07 26 2016,108.05,107.41,108.41,107.09,0,1.662307692,1.652461538,1.667846154,1.647538462
07 25 2016,108.05,107.55,108.27,106.98,0.51,1.662307692,1.654615385,1.665692308,1.645846154
07 22 2016,107.5,107.09,108.03,106.79,-0.14,1.653846154,1.647538462,1.662,1.642923077
07 21 2016,107.65,107.41,108.14,106.97,-0.23,1.656153846,1.652461538,1.663692308,1.645692308
07 20 2016,107.9,107.8,108.3,106.92,0.23,1.66,1.658461538,1.666153846,1.644923077
07 19 2016,107.65,106.97,107.65,106.72,-0.14,1.656153846,1.645692308,1.656153846,1.641846154
07 18 2016,107.8,107.3,108.32,106.78,0.28,1.658461538,1.650769231,1.666461538,1.642769231
07 15 2016,107.5,107,108.08,106.46,0,1.653846154,1.646153846,1.662769231,1.637846154
07 14 2016,107.5,107.77,108.27,106.49,-0.42,1.653846154,1.658,1.665692308,1.638307692
07 13 2016,107.95,108.03,108.76,106.76,-0.28,1.660769231,1.662,1.673230769,1.642461538
07 12 2016,108.25,108.04,108.84,106.87,0,1.665384615,1.662153846,1.674461538,1.644153846
07 11 2016,108.25,108.07,108.89,106.81,0,1.665384615,1.662615385,1.675230769,1.643230769
07 08 2016,108.25,107.7,109.07,107.2,-0.28,1.665384615,1.656923077,1.678,1.649230769
07 07 2016,108.55,108.27,109.09,107.07,0,1.67,1.665692308,1.678307692,1.647230769
07 06 2016,108.55,108.5,109.1,108,0,1.67,1.669230769,1.678461538,1.661538462
07 05 2016,108.55,107.35,108.77,106.87,0.15,1.67,1.651538462,1.673384615,1.644153846
07 04 2016,108.39,108.3,108.48,106.94,0.02,1.667538462,1.666153846,1.668923077,1.645230769
07 01 2016,108.37,108.4,108.74,107.06,-0.21,1.667230769,1.667692308,1.672923077,1.647076923
06 30 2016,108.6,108.25,109.14,107.47,0,1.670769231,1.665384615,1.679076923,1.653384615
06 29 2016,108.6,108.7,109.41,107.67,-0.28,1.670769231,1.672307692,1.683230769,1.656461538
06 28 2016,108.9,108.44,109.46,107.85,-0.14,1.675384615,1.668307692,1.684,1.659230769
06 27 2016,109.05,108.1,109.49,107.85,0.46,1.677692308,1.663076923,1.684461538,1.659230769
06 24 2016,108.55,107.45,109.64,107.15,0.79,1.67,1.653076923,1.686769231,1.648461538
06 23 2016,107.7,107.58,108.4,107.08,-0.12,1.656923077,1.655076923,1.667692308,1.647384615
06 22 2016,107.83,108.47,109.01,107,-0.43,1.658923077,1.668769231,1.677076923,1.646153846
06 21 2016,108.3,107.65,108.58,107.29,0.14,1.666153846,1.656153846,1.670461538,1.650615385
06 20 2016,108.15,107.29,108.79,107.07,0.19,1.663846154,1.650615385,1.673692308,1.647230769
06 17 2016,107.95,107.48,108.15,106.64,0.23,1.660769231,1.653538462,1.663846154,1.640615385
06 16 2016,107.7,107.13,108.23,106.88,0.09,1.656923077,1.648153846,1.665076923,1.644307692
06 15 2016,107.6,107.48,108.22,106.8,-0.37,1.655384615,1.653538462,1.664923077,1.643076923
06 14 2016,108,107.15,108.22,106.89,0.37,1.661538462,1.648461538,1.664923077,1.644461538
06 13 2016,107.6,106.83,107.99,106.58,0.73,1.655384615,1.643538462,1.661384615,1.639692308
06 10 2016,106.82,106.48,107.51,106.23,0.02,1.643384615,1.638153846,1.654,1.634307692
06 09 2016,106.8,106.83,107.51,105.98,-0.19,1.643076923,1.643538462,1.654,1.630461538
06 08 2016,107,107,107.59,106.09,-0.12,1.646153846,1.646153846,1.655230769,1.632153846
06 07 2016,107.13,107.1,107.58,106.26,-0.2,1.648153846,1.647692308,1.655076923,1.634769231
06 06 2016,107.35,107.23,108.1,106.49,-0.6,1.651538462,1.649692308,1.663076923,1.638307692
06 03 2016,108,107.61,108.29,106.95,0.3,1.661538462,1.655538462,1.666,1.645384615
06 02 2016,107.68,107.79,108,107.04,-0.11,1.656615385,1.658307692,1.661538462,1.646769231
06 01 2016,107.8,107.33,107.95,106.88,-0.09,1.658461538,1.651230769,1.660769231,1.644307692
05 31 2016,107.9,107.38,108.22,106.87,0.25,1.66,1.652,1.664923077,1.644153846
05 30 2016,107.63,107.45,108.29,106.96,0.17,1.655846154,1.653076923,1.666,1.645538462
05 27 2016,107.45,107.36,107.52,107.1,0.02,1.653076923,1.651692308,1.654153846,1.647692308
05 26 2016,107.43,107.72,108.33,106.92,-0.3,1.652769231,1.657230769,1.666615385,1.644923077
05 25 2016,107.75,108.03,108.48,107.21,-0.51,1.657692308,1.662,1.668923077,1.649384615
05 24 2016,108.3,107.61,108.93,107.24,0.52,1.666153846,1.655538462,1.675846154,1.649846154
05 23 2016,107.74,107.4,108.25,107.11,-0.15,1.657538462,1.652307692,1.665384615,1.647846154
05 20 2016,107.9,107.4,108.5,107.15,-0.28,1.66,1.652307692,1.669230769,1.648461538
05 19 2016,108.2,106.98,108.32,106.73,0.74,1.664615385,1.645846154,1.666461538,1.642
05 18 2016,107.4,106.8,107.71,106.49,0.28,1.652307692,1.643076923,1.657076923,1.638307692
05 17 2016,107.1,106.83,107.56,106.18,-0.09,1.647692308,1.643538462,1.654769231,1.633538462
05 16 2016,107.2,106.78,107.58,106.26,0.36,1.649230769,1.642769231,1.655076923,1.634769231
05 13 2016,106.82,106.7,107,106.22,0.09,1.643384615,1.641538462,1.646153846,1.634153846
05 12 2016,106.72,106.4,106.74,105.71,-0.12,1.641846154,1.636923077,1.642153846,1.626307692
05 11 2016,106.85,106.45,107.44,106,0.09,1.643846154,1.637692308,1.652923077,1.630769231
05 10 2016,106.75,106.66,107.28,106.07,-0.05,1.642307692,1.640923077,1.650461538,1.631846154
05 09 2016,106.8,106.43,107.03,105.73,0.09,1.643076923,1.637384615,1.646615385,1.626615385
05 06 2016,106.7,106.51,107.08,105.97,-0.14,1.641538462,1.638615385,1.647384615,1.630307692
05 05 2016,106.85,106.54,107.07,105.83,0.23,1.643846154,1.639076923,1.647230769,1.628153846
05 04 2016,106.6,106.61,107.14,105.89,0,1.64,1.640153846,1.648307692,1.629076923
05 03 2016,106.6,106.16,106.84,105.47,-0.14,1.64,1.633230769,1.643692308,1.622615385
05 02 2016,106.75,106.26,106.87,105.6,0,1.642307692,1.634769231,1.644153846,1.624615385
04 29 2016,106.75,106.37,107.05,105.56,-0.05,1.642307692,1.636461538,1.646923077,1.624
04 28 2016,106.8,106.22,106.98,105.7,0.19,1.643076923,1.634153846,1.645846154,1.626153846
04 27 2016,106.6,106.43,107.05,105.75,-0.19,1.64,1.637384615,1.646923077,1.626923077
04 26 2016,106.8,106.75,107.45,105.87,-0.23,1.643076923,1.642307692,1.653076923,1.628769231
04 25 2016,107.05,106.64,107.31,106.08,0.23,1.646923077,1.640615385,1.650923077,1.632
04 22 2016,106.8,106.4,107.06,105.86,0.56,1.643076923,1.636923077,1.647076923,1.628615385
04 21 2016,106.2,106.11,106.8,105.38,0.28,1.633846154,1.632461538,1.643076923,1.621230769
04 20 2016,105.9,106.04,106.8,105.25,-0.94,1.629230769,1.631384615,1.643076923,1.619230769
04 19 2016,106.9,106.2,106.9,106.2,0.19,1.644615385,1.633846154,1.644615385,1.633846154
04 18 2016,106.7,106.61,107.24,105.94,-0.23,1.641538462,1.640153846,1.649846154,1.629846154
04 15 2016,106.95,106.25,107,106.25,0.19,1.645384615,1.634615385,1.646153846,1.634615385
04 14 2016,106.75,106.1,106.8,105.6,0.14,1.642307692,1.632307692,1.643076923,1.624615385
04 13 2016,106.6,106.16,107.16,105.62,-0.05,1.64,1.633230769,1.648615385,1.624923077
04 12 2016,106.65,106.24,106.99,105.6,0.34,1.640769231,1.634461538,1.646,1.624615385
04 11 2016,106.29,106.4,106.41,105.64,-0.07,1.635230769,1.636923077,1.637076923,1.625230769
04 08 2016,106.36,105.86,106.36,105.86,0,1.636307692,1.628615385,1.636307692,1.628615385
04 07 2016,106.36,106.75,107.25,105.77,-0.27,1.636307692,1.642307692,1.65,1.627230769
04 06 2016,106.65,106.27,107.24,105.7,0.19,1.640769231,1.634923077,1.649846154,1.626153846
04 05 2016,106.45,106,106.91,105.22,0.19,1.637692308,1.630769231,1.644769231,1.618769231
04 04 2016,106.25,106.08,106.7,105.27,0.14,1.634615385,1.632,1.641538462,1.619538462
04 01 2016,106.1,105.65,106.52,105.52,-0.05,1.632307692,1.625384615,1.638769231,1.623384615
03 31 2016,106.15,106.16,106.51,105.38,-0.33,1.633076923,1.633230769,1.638615385,1.621230769
03 30 2016,106.5,106.37,106.9,105.61,-0.42,1.638461538,1.636461538,1.644615385,1.624769231
03 29 2016,106.95,106.4,107.15,105.85,0,1.645384615,1.636923077,1.648461538,1.628461538
03 28 2016,106.95,107.04,107.59,106,-0.09,1.645384615,1.646769231,1.655230769,1.630769231
03 25 2016,107.05,106.55,107.05,106.55,0,1.646923077,1.639230769,1.646923077,1.639230769
03 24 2016,107.05,106.55,107.05,106.55,0,1.646923077,1.639230769,1.646923077,1.639230769
03 23 2016,107.05,106.8,107.54,106.1,0.29,1.646923077,1.643076923,1.654461538,1.632307692
03 22 2016,106.74,106.53,107.43,105.93,-0.57,1.642153846,1.638923077,1.652769231,1.629692308
03 21 2016,107.35,106.34,107.43,105.77,0.51,1.651538462,1.636,1.652769231,1.627230769
03 18 2016,106.8,106.59,107.2,105.89,-0.14,1.643076923,1.639846154,1.649230769,1.629076923
03 17 2016,106.95,107.04,107.62,106.13,-0.57,1.645384615,1.646769231,1.655692308,1.632769231
03 16 2016,107.56,107.76,107.93,107.05,-0.23,1.654769231,1.657846154,1.660461538,1.646923077
03 15 2016,107.81,107.55,108.35,106.98,0.1,1.658615385,1.654615385,1.666923077,1.645846154
03 14 2016,107.7,107.18,107.94,106.5,-0.05,1.656923077,1.648923077,1.660615385,1.638461538
03 11 2016,107.75,107.46,108.04,106.61,0.14,1.657692308,1.653230769,1.662153846,1.640153846
03 10 2016,107.6,107.58,108.08,106.68,-0.28,1.655384615,1.655076923,1.662769231,1.641230769
03 09 2016,107.9,107.92,108.51,106.99,-0.09,1.66,1.660307692,1.669384615,1.646
03 08 2016,108,107.54,108.42,107.04,0.19,1.661538462,1.654461538,1.668,1.646769231
03 07 2016,107.8,107.2,107.8,107.2,0.09,1.658461538,1.649230769,1.658461538,1.649230769
03 04 2016,107.7,107.57,108.25,106.82,-0.28,1.656923077,1.654923077,1.665384615,1.643384615
03 03 2016,108,107.84,108.42,107.15,-0.06,1.661538462,1.659076923,1.668,1.648461538
03 02 2016,108.07,108.38,108.91,107.55,-0.47,1.662615385,1.667384615,1.675538462,1.654615385
03 01 2016,108.58,109.22,109.86,108.07,-1.29,1.670461538,1.680307692,1.690153846,1.662615385
02 29 2016,110,109.9,110.48,108.87,-0.09,1.692307692,1.690769231,1.699692308,1.674923077
02 26 2016,110.1,109.97,110.35,109.3,-0.05,1.693846154,1.691846154,1.697692308,1.681538462
02 25 2016,110.15,109.55,110.55,109.06,0.05,1.694615385,1.685384615,1.700769231,1.677846154
02 24 2016,110.1,109.84,110.34,109.09,0.09,1.693846154,1.689846154,1.697538462,1.678307692
02 23 2016,110,109.84,110.39,109.03,0.05,1.692307692,1.689846154,1.698307692,1.677384615
02 22 2016,109.95,109.76,110.4,109.1,0.05,1.691538462,1.688615385,1.698461538,1.678461538
02 19 2016,109.9,109.4,110,109.05,0,1.690769231,1.683076923,1.692307692,1.677692308
02 18 2016,109.9,109.42,110.22,108.84,0.14,1.690769231,1.683384615,1.695692308,1.674461538
02 17 2016,109.75,109.58,110.37,108.93,0.05,1.688461538,1.685846154,1.698,1.675846154
02 16 2016,109.7,109.01,109.99,108.51,0.92,1.687692308,1.677076923,1.692153846,1.669384615
02 15 2016,108.7,109.1,109.6,108.2,-0.73,1.672307692,1.678461538,1.686153846,1.664615385
02 12 2016,109.5,109.41,110.05,108.53,0.23,1.684615385,1.683230769,1.693076923,1.669692308
02 11 2016,109.25,108.72,109.85,108.15,0.51,1.680769231,1.672615385,1.69,1.663846154
02 10 2016,108.7,108.64,109.27,108,-0.18,1.672307692,1.671384615,1.681076923,1.661538462
02 09 2016,108.9,109.02,109.64,108.13,0,1.675384615,1.677230769,1.686769231,1.663538462
02 08 2016,108.9,108.56,109.24,107.94,-0.05,1.675384615,1.670153846,1.680615385,1.660615385
02 05 2016,108.95,108.26,109.1,107.63,0.81,1.676153846,1.665538462,1.678461538,1.655846154
02 04 2016,108.07,108.56,108.62,107.57,-1.13,1.662615385,1.670153846,1.671076923,1.654923077
02 03 2016,109.3,109.1,109.71,108.35,0.32,1.681538462,1.678461538,1.687846154,1.666923077
02 02 2016,108.95,108.56,109.28,107.94,0.14,1.676153846,1.670153846,1.681230769,1.660615385
02 01 2016,108.8,108.43,109.08,107.71,0,1.673846154,1.668153846,1.678153846,1.657076923
01 29 2016,108.8,108.96,109.49,107.95,-0.59,1.673846154,1.676307692,1.684461538,1.660769231
01 28 2016,109.45,109.04,109.71,108.33,0.55,1.683846154,1.677538462,1.687846154,1.666615385
01 27 2016,108.85,108.64,109.43,108.15,0.28,1.674615385,1.671384615,1.683538462,1.663846154
01 26 2016,108.55,108.3,108.8,108,-0.23,1.67,1.666153846,1.673846154,1.661538462
01 25 2016,108.8,108.06,109.04,107.56,0.37,1.673846154,1.662461538,1.677538462,1.654769231
01 22 2016,108.4,108.48,109.03,107.67,-0.6,1.667692308,1.668923077,1.677384615,1.656461538
01 21 2016,109.05,108.61,109.45,108.02,0.05,1.677692308,1.670923077,1.683846154,1.661846154
01 20 2016,109,108.43,109.57,107.94,0.55,1.676923077,1.668153846,1.685692308,1.660615385
01 19 2016,108.4,108.27,108.86,107.54,0.1,1.667692308,1.665692308,1.674769231,1.654461538
01 18 2016,108.29,108.32,108.37,107.49,0.12,1.666,1.666461538,1.667230769,1.653692308
01 15 2016,108.16,107.76,108.82,107.1,0.33,1.664,1.657846154,1.674153846,1.647692308
01 14 2016,107.8,107.17,108.19,106.67,0.56,1.658461538,1.648769231,1.664461538,1.641076923
01 13 2016,107.2,106.91,107.57,106.26,0.09,1.649230769,1.644769231,1.654923077,1.634769231
01 12 2016,107.1,106.93,107.65,106.28,0.05,1.647692308,1.645076923,1.656153846,1.635076923
01 11 2016,107.05,107.04,107.56,106,0.05,1.646923077,1.646769231,1.654769231,1.630769231
01 08 2016,107,106.8,107.33,106.06,0,1.646153846,1.643076923,1.651230769,1.631692308
01 07 2016,107,106.98,107.64,106,0.07,1.646153846,1.645846154,1.656,1.630769231
01 06 2016,106.92,106.72,106.94,106.16,0.16,1.644923077,1.641846154,1.645230769,1.633230769
01 05 2016,106.75,106.4,107.14,105.78,-0.09,1.642307692,1.636923077,1.648307692,1.627384615
01 04 2016,106.85,105.33,107.09,105.33,0.97,1.643846154,1.620461538,1.647538462,1.620461538
01 01 2016,105.825,105.89,106.015,105.3,-0.02,1.628076923,1.629076923,1.631,1.62
12 31 2015,105.85,106.32,106.33,105.24,-0.61,1.628461538,1.635692308,1.635846154,1.619076923
12 30 2015,106.5,106.32,106.85,105.69,0.24,1.638461538,1.635692308,1.643846154,1.626
12 29 2015,106.24,106,106.28,105.51,0.28,1.634461538,1.630769231,1.635076923,1.623230769
12 28 2015,105.94,105.76,106.44,105.25,0,1.629846154,1.627076923,1.637538462,1.619230769
12 25 2015,105.94,105.44,105.94,105.44,0,1.629846154,1.622153846,1.629846154,1.622153846
12 24 2015,105.94,105.44,105.94,105.44,0,1.629846154,1.622153846,1.629846154,1.622153846
12 23 2015,105.94,106.02,106.53,105.29,-0.17,1.629846154,1.631076923,1.638923077,1.619846154
12 22 2015,106.12,106.09,106.17,105.54,-0.05,1.632615385,1.632153846,1.633384615,1.623692308
12 21 2015,106.17,106.16,106.18,105.53,-0.31,1.633384615,1.633230769,1.633538462,1.623538462
12 18 2015,106.5,106.37,106.94,105.6,0,1.638461538,1.636461538,1.645230769,1.624615385
12 17 2015,106.5,106.59,107.18,105.77,-0.26,1.638461538,1.639846154,1.648923077,1.627230769
12 16 2015,106.78,107.04,107.58,106.23,-0.28,1.642769231,1.646769231,1.655076923,1.634307692
12 15 2015,107.08,107.25,107.41,106.57,-0.25,1.647384615,1.65,1.652461538,1.639538462
12 14 2015,107.35,107.34,107.41,106.63,0.32,1.651538462,1.651384615,1.652461538,1.640461538
12 11 2015,107.01,106.86,107.53,106.28,0.24,1.646307692,1.644,1.654307692,1.635076923
12 10 2015,106.75,107.01,107.51,106.24,-0.17,1.642307692,1.646307692,1.654,1.634461538
12 09 2015,106.93,106.93,107.57,106.25,-0.02,1.645076923,1.645076923,1.654923077,1.634615385
12 08 2015,106.95,106.96,107.46,106.24,0.12,1.645384615,1.645538462,1.653230769,1.634461538
12 07 2015,106.82,106.72,107.29,106.01,0.09,1.643384615,1.641846154,1.650615385,1.630923077
12 04 2015,106.72,107.12,107.68,106.2,0.07,1.641846154,1.648,1.656615385,1.633846154
12 03 2015,106.65,106.67,106.83,106.12,0.09,1.640769231,1.641076923,1.643538462,1.632615385
12 02 2015,106.55,106.43,106.68,105.85,0.15,1.639230769,1.637384615,1.641230769,1.628461538
12 01 2015,106.39,106.43,106.57,105.79,-0.27,1.636769231,1.637384615,1.639538462,1.627538462
11 30 2015,106.68,106.85,106.98,106.1,-0.13,1.641230769,1.643846154,1.645846154,1.632307692
11 27 2015,106.82,106.64,107.51,106.15,0.29,1.643384615,1.640615385,1.654,1.633076923
11 26 2015,106.51,106.16,107.17,105.67,0.37,1.638615385,1.633230769,1.648769231,1.625692308
11 25 2015,106.12,105.62,106.12,105.62,0,1.632615385,1.624923077,1.632615385,1.624923077
11 24 2015,106.12,106.19,106.35,105.59,-0.23,1.632615385,1.633692308,1.636153846,1.624461538
11 23 2015,106.36,105.84,106.37,105.35,0.43,1.636307692,1.628307692,1.636461538,1.620769231
11 20 2015,105.9,105.76,106.53,105.22,0.01,1.629230769,1.627076923,1.638923077,1.618769231
11 19 2015,105.89,105.76,106.47,105.17,-0.17,1.629076923,1.627076923,1.638,1.618
11 18 2015,106.07,105.79,106.11,105.25,0.4,1.631846154,1.627538462,1.632461538,1.619230769
11 17 2015,105.65,105.52,106.24,104.95,0.05,1.625384615,1.623384615,1.634461538,1.614615385
11 16 2015,105.6,105.92,106.01,105.01,-0.15,1.624615385,1.629538462,1.630923077,1.615538462
11 13 2015,105.76,105.89,105.98,105.25,-0.32,1.627076923,1.629076923,1.630461538,1.619230769
11 12 2015,106.1,105.6,106.1,105.6,0,1.632307692,1.624615385,1.632307692,1.624615385
11 11 2015,106.1,105.6,106.1,105.6,0,1.632307692,1.624615385,1.632307692,1.624615385
11 10 2015,106.1,106.29,106.87,105.58,-0.2,1.632307692,1.635230769,1.644153846,1.624307692
11 09 2015,106.31,106.26,106.39,105.6,1.04,1.635538462,1.634769231,1.636769231,1.624615385
11 06 2015,105.22,105.28,105.84,104.67,0.02,1.618769231,1.619692308,1.628307692,1.610307692
11 05 2015,105.2,104.96,105.24,104.47,0.41,1.618461538,1.614769231,1.619076923,1.607230769
11 04 2015,104.77,104.9,105.49,104.23,-0.26,1.611846154,1.613846154,1.622923077,1.603538462
11 03 2015,105.04,104.77,105.62,104.17,0.1,1.616,1.611846154,1.624923077,1.602615385
11 02 2015,104.94,104.62,105.48,104.08,0.04,1.614461538,1.609538462,1.622769231,1.601230769
10 30 2015,104.9,104.42,105.1,103.69,0.29,1.613846154,1.606461538,1.616923077,1.595230769
10 29 2015,104.6,104.24,105,103.69,0.29,1.609230769,1.603692308,1.615384615,1.595230769
10 28 2015,104.3,104.11,104.64,103.37,0,1.604615385,1.601692308,1.609846154,1.590307692
10 27 2015,104.3,103.95,104.48,103.4,0.56,1.604615385,1.599230769,1.607384615,1.590769231
10 26 2015,103.72,104,104.52,103.21,-0.01,1.595692308,1.6,1.608,1.587846154
10 23 2015,103.73,103.68,103.93,103.14,-0.45,1.595846154,1.595076923,1.598923077,1.586769231
10 22 2015,104.2,103.7,104.2,103.7,0,1.603076923,1.595384615,1.603076923,1.595384615
10 21 2015,104.2,104.14,104.85,103.64,0.1,1.603076923,1.602153846,1.613076923,1.594461538
10 20 2015,104.1,103.92,104.59,103.27,0.4,1.601538462,1.598769231,1.609076923,1.588769231
10 19 2015,103.69,103.63,103.75,103.08,0,1.595230769,1.594307692,1.596153846,1.585846154
10 16 2015,103.69,103.79,104.53,103.17,-0.03,1.595230769,1.596769231,1.608153846,1.587230769
10 15 2015,103.72,104.1,104.6,103.05,-0.33,1.595692308,1.601538462,1.609230769,1.585384615
10 14 2015,104.06,104.18,104.78,103.51,-0.56,1.600923077,1.602769231,1.612,1.592461538
10 13 2015,104.65,103.81,104.84,103.29,1.01,1.61,1.597076923,1.612923077,1.589076923
10 12 2015,103.6,103.71,103.82,103.01,-1,1.593846154,1.595538462,1.597230769,1.584769231
10 09 2015,104.65,103.84,104.65,103.06,0,1.61,1.597538462,1.61,1.585538462
10 08 2015,104.65,104.05,104.83,103.56,0.65,1.61,1.600769231,1.612769231,1.593230769
10 07 2015,103.97,104.48,105.08,103.43,-0.66,1.599538462,1.607384615,1.616615385,1.591230769
10 06 2015,104.66,104.4,105.19,103.9,0.18,1.610153846,1.606153846,1.618307692,1.598461538
10 05 2015,104.47,104.4,105.03,103.82,-0.33,1.607230769,1.606153846,1.615846154,1.597230769
10 02 2015,104.82,104.32,104.82,104.32,0,1.612615385,1.604923077,1.612615385,1.604923077
10 01 2015,104.82,104.93,105.56,104.29,-0.11,1.612615385,1.614307692,1.624,1.604461538
09 30 2015,104.94,105.39,105.4,104.42,-0.86,1.614461538,1.621384615,1.621538462,1.606461538
09 29 2015,105.85,106.13,106.76,104.99,0.17,1.628461538,1.632769231,1.642461538,1.615230769
09 28 2015,105.67,105.78,106.34,105.13,-0.59,1.625692308,1.627384615,1.636,1.617384615
09 25 2015,106.3,105.8,106.3,105.8,0,1.635384615,1.627692308,1.635384615,1.627692308
09 24 2015,106.3,105.92,106.53,105.17,0.66,1.635384615,1.629538462,1.638923077,1.618
09 23 2015,105.6,105.63,106.29,104.93,0,1.624615385,1.625076923,1.635230769,1.614307692
09 22 2015,105.6,105.07,106.02,104.39,0.09,1.624615385,1.616461538,1.631076923,1.606
09 21 2015,105.5,105.41,105.91,104.49,0,1.623076923,1.621692308,1.629384615,1.607538462
09 18 2015,105.5,105.84,106.45,104.58,-0.8,1.623076923,1.628307692,1.637692308,1.608923077
09 17 2015,106.35,105.84,106.39,105.8,0.01,1.636153846,1.628307692,1.636769231,1.627692308
09 16 2015,106.34,106.29,106.91,105.65,0.13,1.636,1.635230769,1.644769231,1.625384615
09 15 2015,106.2,106,106.84,105.64,-0.28,1.633846154,1.630769231,1.643692308,1.625230769
09 14 2015,106.5,106.24,106.88,105.59,-0.19,1.638461538,1.634461538,1.644307692,1.624461538
09 11 2015,106.7,105.8,107.03,105.62,0.39,1.641538462,1.627692308,1.646615385,1.624923077
09 10 2015,106.29,105.7,107.31,105.7,0.04,1.635230769,1.626153846,1.650923077,1.626153846
09 09 2015,106.25,106.21,106.84,105.49,-0.22,1.634615385,1.634,1.643692308,1.622923077
09 08 2015,106.48,106.83,107.37,105.95,-0.41,1.638153846,1.643538462,1.651846154,1.63
09 07 2015,106.92,106.56,106.99,106.05,0.55,1.644923077,1.639384615,1.646,1.631538462
09 04 2015,106.34,105.84,106.92,105.35,0.33,1.636,1.628307692,1.644923077,1.620769231
09 03 2015,105.99,106,106.07,105.38,0.08,1.630615385,1.630769231,1.631846154,1.621230769
09 02 2015,105.91,106.11,106.61,105.29,-0.04,1.629384615,1.632461538,1.640153846,1.619846154
09 01 2015,105.95,106.32,106.33,105.4,-0.39,1.63,1.635692308,1.635846154,1.621538462
08 31 2015,106.37,106,106.88,105.43,0.51,1.636461538,1.630769231,1.644307692,1.622
08 28 2015,105.83,105.65,105.93,105.14,0.15,1.628153846,1.625384615,1.629692308,1.617538462
08 27 2015,105.67,105.5,105.84,104.89,-0.59,1.625692308,1.623076923,1.628307692,1.613692308
08 26 2015,106.3,105.95,106.7,105.22,0.5,1.635384615,1.63,1.641538462,1.618769231
08 25 2015,105.77,106.48,106.83,104.89,-0.81,1.627230769,1.638153846,1.643538462,1.613692308
08 24 2015,106.63,106.21,107.28,105.58,1.65,1.640461538,1.634,1.650461538,1.624307692
08 21 2015,104.9,105.17,105.96,104.4,0,1.613846154,1.618,1.630153846,1.606153846
08 20 2015,104.9,104.27,105.38,103.69,0.45,1.613846154,1.604153846,1.621230769,1.595230769
08 19 2015,104.43,104.67,105.19,103.68,-0.31,1.606615385,1.610307692,1.618307692,1.595076923
08 18 2015,104.75,104.25,104.8,104.2,0,1.611538462,1.603846154,1.612307692,1.603076923
08 17 2015,104.75,104.16,105.07,103.67,0.34,1.611538462,1.602461538,1.616461538,1.594923077
08 14 2015,104.4,104.4,104.98,103.44,0.14,1.606153846,1.606153846,1.615076923,1.591384615
08 13 2015,104.25,103.55,104.87,102.91,0.19,1.603846154,1.593076923,1.613384615,1.583230769
08 12 2015,104.05,103.31,104.39,102.82,1.17,1.600769231,1.589384615,1.606,1.581846154
08 11 2015,102.85,102.66,103.33,101.95,0.39,1.582307692,1.579384615,1.589692308,1.568461538
08 10 2015,102.45,102,102.81,101.47,0.05,1.576153846,1.569230769,1.581692308,1.561076923
08 07 2015,102.4,102.02,102.65,101.51,0.36,1.575384615,1.569538462,1.579230769,1.561692308
08 06 2015,102.03,102.03,102.6,101.46,0.02,1.569692308,1.569692308,1.578461538,1.560923077
08 05 2015,102.01,102.24,102.8,101.46,-0.82,1.569384615,1.572923077,1.581538462,1.560923077
08 04 2015,102.85,102.54,103.09,101.49,0,1.582307692,1.577538462,1.586,1.561384615
08 03 2015,102.85,102.42,103.15,101.78,0.22,1.582307692,1.575692308,1.586923077,1.565846154
07 31 2015,102.62,102.56,103.16,101.88,0.15,1.578769231,1.577846154,1.587076923,1.567384615
07 30 2015,102.47,102.34,102.97,101.77,0.21,1.576461538,1.574461538,1.584153846,1.565692308
07 29 2015,102.26,102.19,102.8,101.61,-0.09,1.573230769,1.572153846,1.581538462,1.563230769
07 28 2015,102.35,102.58,103.13,101.73,-0.49,1.574615385,1.578153846,1.586615385,1.565076923
07 27 2015,102.85,101.78,103.26,101.78,0.8,1.582307692,1.565846154,1.588615385,1.565846154
07 24 2015,102.03,101.72,102.98,101.53,0.17,1.569692308,1.564923077,1.584307692,1.562
07 23 2015,101.86,101.6,102.36,101.33,0.11,1.567076923,1.563076923,1.574769231,1.558923077
07 22 2015,101.75,101.63,101.93,101.12,-0.54,1.565384615,1.563538462,1.568153846,1.555692308
07 21 2015,102.3,101.48,102.5,101.16,0.54,1.573846154,1.561230769,1.576923077,1.556307692
07 20 2015,101.75,101.79,102.5,101.13,-0.73,1.565384615,1.566,1.576923077,1.555846154
07 17 2015,102.5,101.37,102.5,101.03,0,1.576923077,1.559538462,1.576923077,1.554307692
07 16 2015,102.5,101.25,102.5,101.03,0.54,1.576923077,1.557692308,1.576923077,1.554307692
07 15 2015,101.95,101.81,102.55,100.86,0.13,1.568461538,1.566307692,1.577692308,1.551692308
07 14 2015,101.82,102.31,102.32,100.93,0.08,1.566461538,1.574,1.574153846,1.552769231
07 13 2015,101.74,101.49,102.01,100.95,-0.74,1.565230769,1.561384615,1.569384615,1.553076923
07 10 2015,102.5,101.09,102.5,100.82,0,1.576923077,1.555230769,1.576923077,1.551076923
07 09 2015,102.5,101.88,102.5,100.92,0,1.576923077,1.567384615,1.576923077,1.552615385
07 08 2015,102.5,101.75,102.5,101.14,0.49,1.576923077,1.565384615,1.576923077,1.556
07 07 2015,102,101.67,102.5,100.79,0.13,1.569230769,1.564153846,1.576923077,1.550615385
07 06 2015,101.87,102.38,102.42,100.94,0.01,1.567230769,1.575076923,1.575692308,1.552923077
07 03 2015,101.86,101.95,101.99,100.87,0.01,1.567076923,1.568461538,1.569076923,1.551846154
07 02 2015,101.85,102,102.32,101.08,-0.13,1.566923077,1.569230769,1.574153846,1.555076923
07 01 2015,101.98,101.91,102.01,101.19,-0.07,1.568923077,1.567846154,1.569384615,1.556769231
06 30 2015,102.05,101.18,102.32,100.93,-0.49,1.57,1.556615385,1.574153846,1.552769231
06 29 2015,102.55,101.95,102.8,101.61,0.58,1.577692308,1.568461538,1.581538462,1.563230769
06 26 2015,101.96,101.87,101.96,101.22,0.07,1.568615385,1.567230769,1.568615385,1.557230769
06 25 2015,101.89,101.61,101.92,101.17,-0.55,1.567538462,1.563230769,1.568,1.556461538
06 24 2015,102.45,101.67,102.55,101.22,-0.05,1.576153846,1.564153846,1.577692308,1.557230769
06 23 2015,102.5,101.84,102.52,101.18,0.61,1.576923077,1.566769231,1.577230769,1.556615385
06 22 2015,101.88,101.62,101.97,101.04,-0.2,1.567384615,1.563384615,1.568769231,1.554461538
06 19 2015,102.08,101.51,102.2,101.02,0.13,1.570461538,1.561692308,1.572307692,1.554153846
06 18 2015,101.95,102.6,102.64,101.43,-0.67,1.568461538,1.578461538,1.579076923,1.560461538
06 17 2015,102.64,102.94,103.01,102.05,-0.3,1.579076923,1.583692308,1.584769231,1.57
06 16 2015,102.95,102.33,102.95,101.99,0.59,1.583846154,1.574307692,1.583846154,1.569076923
06 15 2015,102.35,102.69,102.71,101.85,0,1.574615385,1.579846154,1.580153846,1.566923077
06 12 2015,102.35,102.18,102.64,101.73,0.16,1.574615385,1.572,1.579076923,1.565076923
06 11 2015,102.19,102.18,102.42,101.49,-0.11,1.572153846,1.572,1.575692308,1.561384615
06 10 2015,102.3,102.33,102.47,101.54,-0.05,1.573846154,1.574307692,1.576461538,1.562153846
06 09 2015,102.35,102.44,102.46,101.68,-0.1,1.574615385,1.576,1.576307692,1.564307692
06 08 2015,102.45,101.5,102.67,101.5,0.44,1.576153846,1.561538462,1.579538462,1.561538462
06 05 2015,102.005,102.42,102.425,101.5,-0.4,1.569307692,1.575692308,1.575769231,1.561538462
06 04 2015,102.41,102.54,102.83,101.87,0.17,1.575538462,1.577538462,1.582,1.567230769
06 03 2015,102.24,102.05,102.51,101.53,0.12,1.572923077,1.57,1.577076923,1.562
06 02 2015,102.12,101.92,102.35,101.37,0.19,1.571076923,1.568,1.574615385,1.559538462
06 01 2015,101.93,102.08,102.09,101.24,-0.18,1.568153846,1.570461538,1.570615385,1.557538462
05 29 2015,102.11,102.09,102.71,101.41,0.02,1.570923077,1.570615385,1.580153846,1.560153846
05 28 2015,102.09,102.37,102.38,101.49,-0.32,1.570615385,1.574923077,1.575076923,1.561384615
05 27 2015,102.42,102.48,103.15,101.74,0.05,1.575692308,1.576615385,1.586923077,1.565230769
05 26 2015,102.37,101.76,102.91,101.27,0.65,1.574923077,1.565538462,1.583230769,1.558
05 25 2015,101.71,101.79,101.88,101.16,0.07,1.564769231,1.566,1.567384615,1.556307692
05 22 2015,101.64,101.73,101.82,101.11,-0.19,1.563692308,1.565076923,1.566461538,1.555538462
05 21 2015,101.83,101.97,101.99,101.29,-0.28,1.566615385,1.568769231,1.569076923,1.558307692
05 20 2015,102.12,102.03,102.7,101.36,0.24,1.571076923,1.569692308,1.58,1.559384615
05 19 2015,101.88,102.06,102.1,101.17,-0.07,1.567384615,1.570153846,1.570769231,1.556461538
05 18 2015,101.95,101.52,102.47,101.03,0.32,1.568461538,1.561846154,1.576461538,1.554307692
05 15 2015,101.62,101.57,102.26,101.04,-0.23,1.563384615,1.562615385,1.573230769,1.554461538
05 14 2015,101.85,102.35,102.45,101.28,-0.55,1.566923077,1.574615385,1.576153846,1.558153846
05 13 2015,102.41,102.69,102.75,101.8,-0.25,1.575538462,1.579846154,1.580769231,1.566153846
05 12 2015,102.67,102.58,102.83,102.05,0.49,1.579538462,1.578153846,1.582,1.57
05 11 2015,102.17,102.16,102.41,101.53,-0.14,1.571846154,1.571692308,1.575538462,1.562
05 08 2015,102.31,102.59,103.18,101.75,-0.46,1.574,1.578307692,1.587384615,1.565384615
05 07 2015,102.78,102.05,103.34,101.43,1.09,1.581230769,1.57,1.589846154,1.560461538
05 06 2015,101.67,101.34,101.85,100.79,0.16,1.564153846,1.559076923,1.566923077,1.550615385
05 05 2015,101.51,101.66,102.24,100.91,0.03,1.561692308,1.564,1.572923077,1.552461538
05 04 2015,101.48,100.98,101.48,100.98,0,1.561230769,1.553538462,1.561230769,1.553538462
05 01 2015,101.48,100.98,101.48,100.98,0,1.561230769,1.553538462,1.561230769,1.553538462
04 30 2015,101.48,101.62,102.45,100.93,0.2,1.561230769,1.563384615,1.576153846,1.552769231
04 29 2015,101.28,101.15,101.41,100.53,0.24,1.558153846,1.556153846,1.560153846,1.546615385
04 28 2015,101.04,101.36,101.54,100.48,-0.53,1.554461538,1.559384615,1.562153846,1.545846154
04 27 2015,101.58,101.92,102.53,101.04,-0.12,1.562769231,1.568,1.577384615,1.554461538
04 24 2015,101.7,101.23,102.32,100.64,0.38,1.564615385,1.557384615,1.574153846,1.548307692
04 23 2015,101.32,100.72,101.35,100.12,0.8,1.558769231,1.549538462,1.559230769,1.540307692
04 22 2015,100.52,100.56,101.3,99.85,-0.05,1.546461538,1.547076923,1.558461538,1.536153846
04 21 2015,100.57,101.02,101.55,99.9,-0.1,1.547230769,1.554153846,1.562307692,1.536923077
04 20 2015,100.67,100.06,101.17,99.49,0.88,1.548769231,1.539384615,1.556461538,1.530615385
04 17 2015,99.79,99.7,100.31,99.19,0.1,1.535230769,1.533846154,1.543230769,1.526
04 16 2015,99.69,99.76,99.84,99.15,-0.1,1.533692308,1.534769231,1.536,1.525384615
04 15 2015,99.79,99.79,99.92,99.28,-0.23,1.535230769,1.535230769,1.537230769,1.527384615
04 14 2015,100.02,99.52,100.02,99.52,0,1.538769231,1.531076923,1.538769231,1.531076923
04 13 2015,100.02,99.74,100.6,99.22,0.31,1.538769231,1.534461538,1.547692308,1.526461538
04 10 2015,99.71,99.68,100.37,99.17,0.12,1.534,1.533538462,1.544153846,1.525692308
04 09 2015,99.59,99.46,99.67,98.96,0,1.532153846,1.530153846,1.533384615,1.522461538
04 08 2015,99.59,99.71,99.78,99.06,-0.02,1.532153846,1.534,1.535076923,1.524
04 07 2015,99.61,99.55,99.85,99.06,0.11,1.532461538,1.531538462,1.536153846,1.524
04 06 2015,99.5,99.36,100.07,98.87,-0.5,1.530769231,1.528615385,1.539538462,1.521076923
04 03 2015,100,99.5,100,99.5,0,1.538461538,1.530769231,1.538461538,1.530769231
04 02 2015,100,99.5,100,99.5,0,1.538461538,1.530769231,1.538461538,1.530769231
04 01 2015,100,99.5,100,99.5,0,1.538461538,1.530769231,1.538461538,1.530769231
03 31 2015,100,100.18,100.27,99.47,-0.28,1.538461538,1.541230769,1.542615385,1.530307692
03 30 2015,100.28,100.1,100.31,99.54,0.42,1.542769231,1.54,1.543230769,1.531384615
03 27 2015,99.86,100.48,100.98,99.33,-0.42,1.536307692,1.545846154,1.553538462,1.528153846
03 26 2015,100.28,100.08,100.46,99.56,0.55,1.542769231,1.539692308,1.545538462,1.531692308
03 25 2015,99.73,99.71,99.9,99.12,0.11,1.534307692,1.534,1.536923077,1.524923077
03 24 2015,99.625,99.52,99.655,98.93,-0.02,1.532692308,1.531076923,1.533153846,1.522
03 23 2015,99.64,99.84,100.34,99.09,-0.3,1.532923077,1.536,1.543692308,1.524461538
03 20 2015,99.94,100.02,100.14,99.39,-0.09,1.537538462,1.538769231,1.540615385,1.529076923
03 19 2015,100.03,99.81,100.29,99.28,-0.28,1.538923077,1.535538462,1.542923077,1.527384615
03 18 2015,100.31,100.29,100.46,99.68,-0.02,1.543230769,1.542923077,1.545538462,1.533538462
03 17 2015,100.33,100.43,100.93,99.78,-0.17,1.543538462,1.545076923,1.552769231,1.535076923
03 16 2015,100.5,100.77,101.27,99.92,-0.25,1.546153846,1.550307692,1.558,1.537230769
03 13 2015,100.75,99.98,100.8,99.39,0.74,1.55,1.538153846,1.550769231,1.529076923
03 12 2015,100.01,100.43,100.47,99.48,-0.44,1.538615385,1.545076923,1.545692308,1.530461538
03 11 2015,100.45,100.53,101.09,99.81,0.02,1.545384615,1.546615385,1.555230769,1.535538462
03 10 2015,100.43,100.48,100.98,99.69,0.34,1.545076923,1.545846154,1.553538462,1.533692308
03 09 2015,100.09,100.21,100.87,99.55,0.64,1.539846154,1.541692308,1.551846154,1.531538462
03 06 2015,99.45,98.95,99.45,98.95,0,1.53,1.522307692,1.53,1.522307692
03 05 2015,99.45,99.71,100.22,98.95,-0.16,1.53,1.534,1.541846154,1.522307692
03 04 2015,99.61,98.66,99.64,98.16,0.55,1.532461538,1.517846154,1.532923077,1.510153846
03 03 2015,99.07,99.02,99.6,98.37,0.08,1.524153846,1.523384615,1.532307692,1.513384615
03 02 2015,98.99,98.44,99.68,98.39,0.06,1.522923077,1.514461538,1.533538462,1.513692308
02 27 2015,98.935,98.98,99.065,98.31,0.13,1.522076923,1.522769231,1.524076923,1.512461538
02 26 2015,98.81,99.09,99.18,98.26,-0.34,1.520153846,1.524461538,1.525846154,1.511692308
02 25 2015,99.15,99.3,99.33,98.63,-0.37,1.525384615,1.527692308,1.528153846,1.517384615
02 24 2015,99.52,99.6,100.23,99.02,-0.2,1.531076923,1.532307692,1.542,1.523384615
02 23 2015,99.72,99.52,99.72,98.94,0.16,1.534153846,1.531076923,1.534153846,1.522153846
02 20 2015,99.56,99.54,99.65,99.02,-0.19,1.531692308,1.531384615,1.533076923,1.523384615
02 19 2015,99.75,99.25,99.75,99.25,0,1.534615385,1.526923077,1.534615385,1.526923077
02 18 2015,99.75,99.52,99.77,99.01,0.3,1.534615385,1.531076923,1.534923077,1.523230769
02 17 2015,99.45,98.95,99.45,98.95,-0.01,1.53,1.522307692,1.53,1.522307692
02 16 2015,99.455,99.44,99.575,98.83,-0.07,1.530076923,1.529846154,1.531923077,1.520461538
02 13 2015,99.52,99.41,99.53,98.77,-0.17,1.531076923,1.529384615,1.531230769,1.519538462
02 12 2015,99.69,99.82,100.44,99.03,0.08,1.533692308,1.535692308,1.545230769,1.523538462
02 11 2015,99.61,99.62,99.67,98.89,0.12,1.532461538,1.532615385,1.533384615,1.521384615
02 10 2015,99.49,99.44,100,98.59,0.02,1.530615385,1.529846154,1.538461538,1.516769231
02 09 2015,99.47,99.2,100.04,98.66,0.76,1.530307692,1.526153846,1.539076923,1.517846154
02 06 2015,98.72,98.75,98.9,98.18,-0.06,1.518769231,1.519230769,1.521538462,1.510461538
02 05 2015,98.775,99.01,99.105,98.23,-0.04,1.519615385,1.523230769,1.524692308,1.511230769
02 04 2015,98.81,98.66,98.98,98,0.14,1.520153846,1.517846154,1.522769231,1.507692308
02 03 2015,98.67,98.59,98.95,98.1,-0.21,1.518,1.516769231,1.522307692,1.509230769
02 02 2015,98.88,98.49,99.21,98.33,-0.11,1.521230769,1.515230769,1.526307692,1.512769231
01 30 2015,98.985,98.94,99.245,98.23,0.01,1.522846154,1.522153846,1.526846154,1.511230769
01 29 2015,98.98,98.29,99.49,97.78,0.73,1.522769231,1.512153846,1.530615385,1.504307692
01 28 2015,98.26,98.4,98.94,97.59,0.02,1.511692308,1.513846154,1.522153846,1.501384615
01 27 2015,98.24,98.4,98.42,97.69,-0.04,1.511384615,1.513846154,1.514153846,1.502923077
01 26 2015,98.28,97.78,98.28,97.78,0,1.512,1.504307692,1.512,1.504307692
01 23 2015,98.28,98.3,99.07,97.69,-0.45,1.512,1.512307692,1.524153846,1.502923077
01 22 2015,98.72,98.59,98.82,97.89,0.1,1.518769231,1.516769231,1.520307692,1.506
01 21 2015,98.625,98.75,98.755,97.97,-0.09,1.517307692,1.519230769,1.519307692,1.507230769
01 20 2015,98.71,98.91,99.05,98.2,-0.03,1.518615385,1.521692308,1.523846154,1.510769231
01 19 2015,98.74,98.62,99.37,98.07,-0.25,1.519076923,1.517230769,1.528769231,1.508769231
01 16 2015,98.99,99.33,100.03,98.37,-0.3,1.522923077,1.528153846,1.538923077,1.513384615
01 15 2015,99.29,99.01,99.86,97.88,-0.2,1.527538462,1.523230769,1.536307692,1.505846154
01 14 2015,99.49,99.33,100.07,98.83,0.06,1.530615385,1.528153846,1.539538462,1.520461538
01 13 2015,99.43,99.34,99.5,98.74,-0.04,1.529692308,1.528307692,1.530769231,1.519076923
01 12 2015,99.47,99.44,100.11,98.85,-0.26,1.530307692,1.529846154,1.540153846,1.520769231
01 09 2015,99.73,99.97,100.03,99.17,-0.55,1.534307692,1.538,1.538923077,1.525692308
01 08 2015,100.28,101.12,101.13,99.65,-0.79,1.542769231,1.555692308,1.555846154,1.533076923
01 07 2015,101.08,101.62,101.7,100.56,-0.63,1.555076923,1.563384615,1.564615385,1.547076923
01 06 2015,101.72,101.39,101.8,100.8,0.26,1.564923077,1.559846154,1.566153846,1.550769231
01 05 2015,101.46,101.49,102.07,100.76,0.19,1.560923077,1.561384615,1.570307692,1.550153846
01 02 2015,101.27,101.49,102.07,100.69,-0.1,1.558,1.561384615,1.570307692,1.549076923
01 01 2015,101.37,101.07,101.53,100.58,0.51,1.559538462,1.554923077,1.562,1.547384615
12 31 2014,100.86,101.3,101.9,100.36,-0.55,1.551692308,1.558461538,1.567692308,1.544
12 30 2014,101.42,101.95,102.56,100.87,-0.44,1.560307692,1.568461538,1.577846154,1.551846154
12 29 2014,101.87,101.86,101.95,101.3,0.17,1.567230769,1.567076923,1.568461538,1.558461538
12 26 2014,101.7,101.52,102.4,101.03,0.07,1.564615385,1.561846154,1.575384615,1.554307692
12 25 2014,101.63,101.13,101.63,101.13,0,1.563538462,1.555846154,1.563538462,1.555846154
12 24 2014,101.63,101.49,101.71,100.91,0.38,1.563538462,1.561384615,1.564769231,1.552461538
12 23 2014,101.25,101.28,102.08,100.69,0.06,1.557692308,1.558153846,1.570461538,1.549076923
12 22 2014,101.19,101.28,101.31,100.51,-0.06,1.556769231,1.558153846,1.558615385,1.546307692
12 19 2014,101.25,100.88,101.84,100.29,0.26,1.557692308,1.552,1.566769231,1.542923077
12 18 2014,100.99,101.36,101.92,100.48,-0.79,1.553692308,1.559384615,1.568,1.545846154
12 17 2014,101.79,102.03,102.22,101.09,0.13,1.566,1.569692308,1.572615385,1.555230769
12 16 2014,101.655,101.2,101.725,100.66,0.94,1.563923077,1.556923077,1.565,1.548615385
12 15 2014,100.71,100,101.21,99.43,1.04,1.549384615,1.538461538,1.557076923,1.529692308
12 12 2014,99.67,99.9,100.02,99.11,-0.07,1.533384615,1.536923077,1.538769231,1.524769231
12 11 2014,99.74,99.47,100.27,98.9,0.5,1.534461538,1.530307692,1.542615385,1.521538462
12 10 2014,99.24,99.14,99.27,98.56,0.22,1.526769231,1.525230769,1.527230769,1.516307692
12 09 2014,99.02,99.01,99.56,98.45,0.08,1.523384615,1.523230769,1.531692308,1.514615385
12 08 2014,98.94,99.1,99.63,98.43,0.1,1.522153846,1.524615385,1.532769231,1.514307692
12 05 2014,98.84,98.93,99.02,98.34,-0.25,1.520615385,1.522,1.523384615,1.512923077
12 04 2014,99.09,99.09,99.13,98.49,0.04,1.524461538,1.524461538,1.525076923,1.515230769
12 03 2014,99.05,98.99,99.63,98.44,0.03,1.523846154,1.522923077,1.532769231,1.514461538
12 02 2014,99.02,99.18,99.72,98.5,-0.22,1.523384615,1.525846154,1.534153846,1.515384615
12 01 2014,99.24,99.57,99.58,98.74,-0.01,1.526769231,1.531846154,1.532,1.519076923
11 28 2014,99.25,99.09,99.32,98.5,0.24,1.526923077,1.524461538,1.528,1.515384615
11 27 2014,99.01,98.88,99.07,98.39,0.05,1.523230769,1.521230769,1.524153846,1.513692308
11 26 2014,98.96,98.96,99.05,98.39,-0.03,1.522461538,1.522461538,1.523846154,1.513692308
11 25 2014,98.99,99.04,99.26,98.45,-0.12,1.522923077,1.523692308,1.527076923,1.514615385
11 24 2014,99.11,98.7,99.64,98.15,0.28,1.524769231,1.518461538,1.532923077,1.51
11 21 2014,98.83,98.94,99.05,98.29,-0.28,1.520461538,1.522153846,1.523846154,1.512153846
11 20 2014,99.11,99.25,100.05,98.59,-0.03,1.524769231,1.526923077,1.539230769,1.516769231
11 19 2014,99.14,98.93,99.69,98.36,0.35,1.525230769,1.522,1.533692308,1.513230769
11 18 2014,98.79,98.86,99.01,98.23,0.02,1.519846154,1.520923077,1.523230769,1.511230769
11 17 2014,98.77,98.59,99.35,98.1,0.01,1.519538462,1.516769231,1.528461538,1.509230769
11 14 2014,98.76,98.59,99.4,98.06,0.27,1.519384615,1.516769231,1.529230769,1.508615385
11 13 2014,98.49,98.37,98.55,97.87,0.07,1.515230769,1.513384615,1.516153846,1.505692308
11 12 2014,98.42,98.43,98.99,97.84,-0.07,1.514153846,1.514307692,1.522923077,1.505230769
11 11 2014,98.49,98.5,98.63,97.94,0.07,1.515230769,1.515384615,1.517384615,1.506769231
11 10 2014,98.42,98.31,98.92,97.81,-0.17,1.514153846,1.512461538,1.521846154,1.504769231
11 07 2014,98.59,98.43,98.68,97.88,0.34,1.516769231,1.514307692,1.518153846,1.505846154
11 06 2014,98.26,97.76,98.26,97.76,0,1.511692308,1.504,1.511692308,1.504
11 05 2014,98.26,98.16,98.88,97.64,0.01,1.511692308,1.510153846,1.521230769,1.502153846
11 04 2014,98.25,97.75,98.25,97.75,0,1.511538462,1.503846154,1.511538462,1.503846154
11 03 2014,98.25,98.4,98.41,97.7,0.06,1.511538462,1.513846154,1.514,1.503076923
10 31 2014,98.19,98.22,98.8,97.63,-0.14,1.510615385,1.511076923,1.52,1.502
10 30 2014,98.33,98.42,98.47,97.72,0.16,1.512769231,1.514153846,1.514923077,1.503384615
10 29 2014,98.17,98,98.19,97.49,0.05,1.510307692,1.507692308,1.510615385,1.499846154
10 28 2014,98.12,98.13,98.25,97.58,0.03,1.509538462,1.509692308,1.511538462,1.501230769
10 27 2014,98.09,97.87,98.19,97.38,0.04,1.509076923,1.505692308,1.510615385,1.498153846
10 24 2014,98.05,97.55,98.05,97.55,0,1.508461538,1.500769231,1.508461538,1.500769231
10 23 2014,98.05,97.55,98.05,97.55,0,1.508461538,1.500769231,1.508461538,1.500769231
10 22 2014,98.05,97.84,98.58,97.35,-0.06,1.508461538,1.505230769,1.516615385,1.497692308
10 21 2014,98.11,98.08,98.68,97.5,-0.08,1.509384615,1.508923077,1.518153846,1.5
10 20 2014,98.185,97.92,98.195,97.39,-0.13,1.510538462,1.506461538,1.510692308,1.498307692
10 17 2014,98.31,98.69,98.8,97.76,-0.65,1.512461538,1.518307692,1.52,1.504
10 16 2014,98.95,98.37,99.58,97.8,0.69,1.522307692,1.513384615,1.532,1.504615385
10 15 2014,98.27,97.77,98.27,97.77,0,1.511846154,1.504153846,1.511846154,1.504153846
10 14 2014,98.27,97.49,98.82,96.98,0.52,1.511846154,1.499846154,1.520307692,1.492
10 13 2014,97.76,98.08,98.09,97.25,-0.42,1.504,1.508923077,1.509076923,1.496153846
10 10 2014,98.17,97.84,98.66,97.28,0.49,1.510307692,1.505230769,1.517846154,1.496615385
10 09 2014,97.69,97.81,98.31,96.95,-0.56,1.502923077,1.504769231,1.512461538,1.491538462
10 08 2014,98.24,98.34,98.92,97.65,-0.05,1.511384615,1.512923077,1.521846154,1.502307692
10 07 2014,98.29,98.26,98.85,97.59,-0.3,1.512153846,1.511692308,1.520769231,1.501384615
10 06 2014,98.59,98.09,98.59,98.09,0.01,1.516769231,1.509076923,1.516769231,1.509076923
10 03 2014,98.58,98.08,98.58,98.08,0,1.516615385,1.508923077,1.516615385,1.508923077
10 02 2014,98.58,98.08,98.58,98.08,0,1.516615385,1.508923077,1.516615385,1.508923077
10 01 2014,98.58,99.09,99.62,98.03,-0.22,1.516615385,1.524461538,1.532615385,1.508153846
09 30 2014,98.8,97.96,98.92,97.96,0.35,1.52,1.507076923,1.521846154,1.507076923
09 29 2014,98.455,98.16,98.545,97.61,0.64,1.514692308,1.510153846,1.516076923,1.501692308
09 26 2014,97.83,98.34,99.09,97.13,-0.33,1.505076923,1.512923077,1.524461538,1.494307692
09 25 2014,98.15,97.54,98.27,97.04,0.62,1.51,1.500615385,1.511846154,1.492923077
09 24 2014,97.545,97.65,97.675,96.98,0.04,1.500692308,1.502307692,1.502692308,1.492
09 23 2014,97.51,97.5,97.61,96.88,0.21,1.500153846,1.5,1.501692308,1.490461538
09 22 2014,97.31,97.36,97.39,96.69,0.01,1.497076923,1.497846154,1.498307692,1.487538462
09 19 2014,97.305,97.23,97.425,96.67,-0.47,1.497,1.495846154,1.498846154,1.487230769
09 18 2014,97.76,97.76,98.43,96.84,0.29,1.504,1.504,1.514307692,1.489846154
09 17 2014,97.48,97.55,98.14,96.91,-0.21,1.499692308,1.500769231,1.509846154,1.490923077
09 16 2014,97.69,97.63,98.32,97.12,-0.13,1.502923077,1.502,1.512615385,1.494153846
09 15 2014,97.82,97.47,98.37,96.98,0.79,1.504923077,1.499538462,1.513384615,1.492
09 12 2014,97.05,97.55,97.64,96.53,-0.45,1.493076923,1.500769231,1.502153846,1.485076923
09 11 2014,97.49,97.38,97.51,96.66,-0.02,1.499846154,1.498153846,1.500153846,1.487076923
09 10 2014,97.51,97.23,97.66,96.71,0.56,1.500153846,1.495846154,1.502461538,1.487846154
09 09 2014,96.97,96.69,97.05,96.15,0.47,1.491846154,1.487538462,1.493076923,1.479230769
09 08 2014,96.52,96.46,96.99,95.83,-0.11,1.484923077,1.484,1.492153846,1.474307692
09 05 2014,96.63,96.7,96.81,96.12,0.06,1.486615385,1.487692308,1.489384615,1.478769231
09 04 2014,96.57,96.74,97.28,96.07,-0.22,1.485692308,1.488307692,1.496615385,1.478
09 03 2014,96.78,97.01,97.6,96.04,0.08,1.488923077,1.492461538,1.501538462,1.477538462
09 02 2014,96.7,96.93,97.6,96.2,-0.15,1.487692308,1.491230769,1.501538462,1.48
09 01 2014,96.85,96.8,96.86,96.18,0.05,1.49,1.489230769,1.490153846,1.479692308
08 29 2014,96.8,96.3,96.8,96.3,0,1.489230769,1.481538462,1.489230769,1.481538462
08 28 2014,96.8,96.64,97.12,96.08,0.07,1.489230769,1.486769231,1.494153846,1.478153846
08 27 2014,96.73,96.77,96.82,96.13,0.03,1.488153846,1.488769231,1.489538462,1.478923077
08 26 2014,96.705,96.83,96.895,96.2,-0.21,1.487769231,1.489692308,1.490692308,1.48
08 25 2014,96.91,96.88,96.93,96.15,0.17,1.490923077,1.490461538,1.491230769,1.479230769
08 22 2014,96.75,96.78,96.9,96.12,-0.6,1.488461538,1.488923077,1.490769231,1.478769231
08 21 2014,97.33,97.1,97.77,96.49,0.35,1.497384615,1.493846154,1.504153846,1.484461538
08 20 2014,96.99,97.34,97.91,96.33,-0.1,1.492153846,1.497538462,1.506307692,1.482
08 19 2014,97.09,97.23,97.26,96.55,-0.14,1.493692308,1.495846154,1.496307692,1.485384615
08 18 2014,97.23,96.73,97.23,96.73,0,1.495846154,1.488153846,1.495846154,1.488153846
08 15 2014,97.23,96.73,97.23,96.73,0,1.495846154,1.488153846,1.495846154,1.488153846
08 14 2014,97.23,97.76,98.28,96.72,-0.74,1.495846154,1.504,1.512,1.488
08 13 2014,97.95,98.05,98.09,97.44,0.22,1.506923077,1.508461538,1.509076923,1.499076923
08 12 2014,97.735,97.87,97.955,97.22,-0.15,1.503615385,1.505692308,1.507,1.495692308
08 11 2014,97.88,97.71,98.03,97.14,-0.24,1.505846154,1.503230769,1.508153846,1.494461538
08 08 2014,98.12,98.58,99.28,97.31,0.16,1.509538462,1.516615385,1.527384615,1.497076923
08 07 2014,97.96,98.19,98.96,97.44,-0.45,1.507076923,1.510615385,1.522461538,1.499076923
08 06 2014,98.4,97.65,98.93,97.16,1.07,1.513846154,1.502307692,1.522,1.494769231
08 05 2014,97.36,97.5,98.1,96.61,-0.14,1.497846154,1.5,1.509230769,1.486307692
08 04 2014,97.5,97.44,98.36,96.9,-0.41,1.5,1.499076923,1.513230769,1.490769231
08 01 2014,97.9,97.18,98.4,96.61,1.04,1.506153846,1.495076923,1.513846154,1.486307692
07 31 2014,96.89,96.38,97.4,95.83,0.82,1.490615385,1.482769231,1.498461538,1.474307692
07 30 2014,96.1,96.38,96.88,95.59,-0.11,1.478461538,1.482769231,1.490461538,1.470615385
07 29 2014,96.21,95.71,96.21,95.71,0,1.480153846,1.472461538,1.480153846,1.472461538
07 28 2014,96.21,96.13,96.76,95.63,0.04,1.480153846,1.478923077,1.488615385,1.471230769
07 25 2014,96.17,96.19,96.79,95.6,-0.03,1.479538462,1.479846154,1.489076923,1.470769231
07 24 2014,96.2,96.02,96.21,95.48,0.05,1.48,1.477230769,1.480153846,1.468923077
07 23 2014,96.15,96.21,96.81,95.59,-0.25,1.479230769,1.480153846,1.489384615,1.470615385
07 22 2014,96.39,96.4,96.95,95.78,-0.1,1.482923077,1.483076923,1.491538462,1.473538462
07 21 2014,96.49,96.48,97.01,95.76,0.04,1.484461538,1.484307692,1.492461538,1.473230769
07 18 2014,96.45,96.61,97.22,95.89,0.18,1.483846154,1.486307692,1.495692308,1.475230769
07 17 2014,96.28,96.26,96.81,95.66,0.08,1.481230769,1.480923077,1.489384615,1.471692308
07 16 2014,96.2,96.37,96.93,95.65,0,1.48,1.482615385,1.491230769,1.471538462
07 15 2014,96.2,96.18,96.89,95.61,-0.01,1.48,1.479692308,1.490615385,1.470923077
07 14 2014,96.21,95.9,96.82,95.35,0.33,1.480153846,1.475384615,1.489538462,1.466923077
07 11 2014,95.89,96.48,96.98,95.37,-0.44,1.475230769,1.484307692,1.492,1.467230769
07 10 2014,96.31,95.52,96.85,94.82,0.73,1.481692308,1.469538462,1.49,1.458769231
07 09 2014,95.61,95.79,96.39,94.97,-0.04,1.470923077,1.473692308,1.482923077,1.461076923
07 08 2014,95.65,95.92,96.48,94.99,-0.4,1.471538462,1.475692308,1.484307692,1.461384615
07 07 2014,96.03,95.68,96.56,95.19,0.49,1.477384615,1.472,1.485538462,1.464461538
07 04 2014,95.56,95.58,96.21,94.93,-0.02,1.470153846,1.470461538,1.480153846,1.460461538
07 03 2014,95.58,95.47,96.25,94.75,0.07,1.470461538,1.468769231,1.480769231,1.457692308
07 02 2014,95.51,96.1,96.64,94.9,-0.63,1.469384615,1.478461538,1.486769231,1.46
07 01 2014,96.12,96.16,96.79,95.59,-0.17,1.478769231,1.479384615,1.489076923,1.470615385
06 30 2014,96.28,96.08,96.92,95.49,0.15,1.481230769,1.478153846,1.491076923,1.469076923
06 27 2014,96.14,96.13,96.73,95.61,-0.09,1.479076923,1.478923077,1.488153846,1.470923077
06 26 2014,96.23,96.16,96.8,95.65,0.02,1.480461538,1.479384615,1.489230769,1.471538462
06 25 2014,96.21,96.38,97.11,95.7,-0.05,1.480153846,1.482769231,1.494,1.472307692
06 24 2014,96.26,96.24,96.76,95.62,-0.07,1.480923077,1.480615385,1.488615385,1.471076923
06 23 2014,96.33,96.14,96.93,95.59,0.03,1.482,1.479076923,1.491230769,1.470615385
06 20 2014,96.3,96.35,97.03,95.71,0.17,1.481538462,1.482307692,1.492769231,1.472461538
06 19 2014,96.14,95.97,96.8,95.27,-0.51,1.479076923,1.476461538,1.489230769,1.465692308
06 18 2014,96.63,96.45,97.35,95.59,0.6,1.486615385,1.483846154,1.497692308,1.470615385
06 17 2014,96.05,96.56,97.29,95.54,-0.22,1.477692308,1.485538462,1.496769231,1.469846154
06 16 2014,96.26,95.71,96.86,95.22,0.66,1.480923077,1.472461538,1.490153846,1.464923077
06 13 2014,95.63,94.88,96.18,94.4,0.86,1.471230769,1.459692308,1.479692308,1.452307692
06 12 2014,94.81,94.88,95.48,94.29,-0.03,1.458615385,1.459692308,1.468923077,1.450615385
06 11 2014,94.84,94.91,95.46,94.26,-0.03,1.459076923,1.460153846,1.468615385,1.450153846
06 10 2014,94.87,94.8,95.44,94.27,0.15,1.459538462,1.458461538,1.468307692,1.450307692
06 09 2014,94.73,94.54,94.74,93.86,0.05,1.457384615,1.454461538,1.457538462,1.444
06 06 2014,94.68,94.62,95.4,94.07,-0.27,1.456615385,1.455692308,1.467692308,1.447230769
06 05 2014,94.94,94.83,95.47,94.29,0.01,1.460615385,1.458923077,1.468769231,1.450615385
06 04 2014,94.93,95.07,95.62,94.23,-0.11,1.460461538,1.462615385,1.471076923,1.449692308
06 03 2014,95.03,94.67,95.57,94.08,0.4,1.462,1.456461538,1.470307692,1.447384615
06 02 2014,94.65,94.83,95.33,94,0.08,1.456153846,1.458923077,1.466615385,1.446153846
05 30 2014,94.57,94.45,95.12,93.79,0.12,1.454923077,1.453076923,1.463384615,1.442923077
05 29 2014,94.46,94.27,95.01,93.57,0.18,1.453230769,1.450307692,1.461692308,1.439538462
05 28 2014,94.29,94.43,95.24,93.61,-0.19,1.450615385,1.452769231,1.465230769,1.440153846
05 27 2014,94.47,94.08,95.05,93.57,0.55,1.453384615,1.447384615,1.462307692,1.439538462
05 26 2014,93.95,93.5,94.77,92.95,0.33,1.445384615,1.438461538,1.458,1.43
05 23 2014,93.64,93.54,94.18,92.84,0.1,1.440615385,1.439076923,1.448923077,1.428307692
05 22 2014,93.55,93.76,94.4,92.97,-0.53,1.439230769,1.442461538,1.452307692,1.430307692
05 21 2014,94.05,93.92,94.69,93.32,0.25,1.446923077,1.444923077,1.456769231,1.435692308
05 20 2014,93.82,93.73,94.55,93.12,0.07,1.443384615,1.442,1.454615385,1.432615385
05 19 2014,93.75,93.68,94.26,92.9,-0.34,1.442307692,1.441230769,1.450153846,1.429230769
05 16 2014,94.07,94.37,95.04,93.29,-0.84,1.447230769,1.451846154,1.462153846,1.435230769
05 15 2014,94.87,95.2,95.86,94.05,-0.66,1.459538462,1.464615385,1.474769231,1.446923077
05 14 2014,95.5,95,95.5,95,0,1.469230769,1.461538462,1.469230769,1.461538462
05 13 2014,95.5,95.52,96.36,94.85,-0.61,1.469230769,1.469538462,1.482461538,1.459230769
05 12 2014,96.09,95.97,96.68,94.71,0.02,1.478307692,1.476461538,1.487384615,1.457076923
05 09 2014,96.07,96.1,96.65,95.38,-0.04,1.478,1.478461538,1.486923077,1.467384615
05 08 2014,96.11,95.92,96.64,95.38,-0.12,1.478615385,1.475692308,1.486769231,1.467384615
05 07 2014,96.23,96.06,96.72,95.43,-0.35,1.480461538,1.477846154,1.488,1.468153846
05 06 2014,96.57,96.1,96.94,95.6,0.23,1.485692308,1.478461538,1.491384615,1.470769231
05 05 2014,96.35,96.13,96.88,95.51,0.08,1.482307692,1.478923077,1.490461538,1.469384615
05 02 2014,96.27,96.35,96.91,95.65,-0.25,1.481076923,1.482307692,1.490923077,1.471538462
05 01 2014,96.51,96.01,96.51,96.01,0,1.484769231,1.477076923,1.484769231,1.477076923
04 30 2014,96.51,96.56,97.14,95.94,-0.18,1.484769231,1.485538462,1.494461538,1.476
04 29 2014,96.68,96.98,97.51,96.09,-0.37,1.487384615,1.492,1.500153846,1.478307692
04 28 2014,97.04,96.99,97.68,96.18,0.07,1.492923077,1.492153846,1.502769231,1.479692308
04 25 2014,96.97,97.7,98.33,96.37,-0.77,1.491846154,1.503076923,1.512769231,1.482615385
04 24 2014,97.72,97.22,97.72,97.22,0,1.503384615,1.495692308,1.503384615,1.495692308
04 23 2014,97.72,97.41,98.4,96.89,0.5,1.503384615,1.498615385,1.513846154,1.490615385
04 22 2014,97.23,97.07,97.91,96.52,0.29,1.495846154,1.493384615,1.506307692,1.484923077
04 21 2014,96.95,96.48,97.44,95.99,0.5,1.491538462,1.484307692,1.499076923,1.476769231
04 18 2014,96.47,95.97,96.47,95.97,0,1.484153846,1.476461538,1.484153846,1.476461538
04 17 2014,96.47,96.46,97.29,95.93,-0.13,1.484153846,1.484,1.496769231,1.475846154
04 16 2014,96.6,96.48,97.17,95.82,0.24,1.486153846,1.484307692,1.494923077,1.474153846
04 15 2014,96.37,96.56,97.06,95.83,0.08,1.482615385,1.485538462,1.493230769,1.474307692
04 14 2014,96.29,95.79,96.29,95.79,0,1.481384615,1.473692308,1.481384615,1.473692308
04 11 2014,96.29,96.51,97.04,95.72,0.18,1.481384615,1.484769231,1.492923077,1.472615385
04 10 2014,96.12,96.06,96.96,95.56,-0.11,1.478769231,1.477846154,1.491692308,1.470153846
04 09 2014,96.23,95.95,96.74,95.23,0.04,1.480461538,1.476153846,1.488307692,1.465076923
04 08 2014,96.19,95.69,96.19,95.69,0,1.479846154,1.472153846,1.479846154,1.472153846
04 07 2014,96.19,95.84,96.87,95.14,0.06,1.479846154,1.474461538,1.490307692,1.463692308
04 04 2014,96.13,96.56,97.12,95.62,-0.15,1.478923077,1.485538462,1.494153846,1.471076923
04 03 2014,96.27,95.92,96.93,95.24,0.44,1.481076923,1.475692308,1.491230769,1.465230769
04 02 2014,95.85,95.7,96.36,94.86,-0.01,1.474615385,1.472307692,1.482461538,1.459384615
04 01 2014,95.86,95.36,95.86,95.36,0,1.474769231,1.467076923,1.474769231,1.467076923
03 31 2014,95.86,95.36,95.86,95.36,0,1.474769231,1.467076923,1.474769231,1.467076923
03 28 2014,95.86,96.29,96.79,95,-0.67,1.474769231,1.481384615,1.489076923,1.461538462
03 27 2014,96.51,96.38,97.06,95.7,0.29,1.484769231,1.482769231,1.493230769,1.472307692
03 26 2014,96.23,96.48,96.98,95.6,-0.56,1.480461538,1.484307692,1.492,1.470769231
03 25 2014,96.77,96.96,97.46,96.19,-0.49,1.488769231,1.491692308,1.499384615,1.479846154
03 24 2014,97.25,97.36,97.86,96.53,-0.19,1.496153846,1.497846154,1.505538462,1.485076923
03 21 2014,97.44,97.9,97.93,96.94,-0.72,1.499076923,1.506153846,1.506615385,1.491384615
03 20 2014,98.15,98.19,98.69,97.21,0.64,1.51,1.510615385,1.518307692,1.495538462
03 19 2014,97.53,97.71,98.37,96.97,-0.39,1.500461538,1.503230769,1.513384615,1.491846154
03 18 2014,97.91,97.63,98.42,96.9,0,1.506307692,1.502,1.514153846,1.490769231
03 17 2014,97.91,97.41,97.91,97.41,0,1.506307692,1.498615385,1.506307692,1.498615385
03 14 2014,97.91,98.26,98.97,97.19,0.03,1.506307692,1.511692308,1.522615385,1.495230769
03 13 2014,97.88,97.63,98.39,96.96,-0.07,1.505846154,1.502,1.513692308,1.491692308
03 12 2014,97.95,97.79,98.52,97.17,0.45,1.506923077,1.504461538,1.515692308,1.494923077
03 11 2014,97.51,97.34,98.05,96.47,0.14,1.500153846,1.497538462,1.508461538,1.484153846
03 10 2014,97.37,98,98.63,96.76,-0.38,1.498,1.507692308,1.517384615,1.488615385
03 07 2014,97.74,97.62,98.37,97.01,-0.04,1.503692308,1.501846154,1.513384615,1.492461538
03 06 2014,97.78,98.45,98.95,97.27,-1.04,1.504307692,1.514615385,1.522307692,1.496461538
03 05 2014,98.81,99.04,99.55,98.17,-0.15,1.520153846,1.523692308,1.531538462,1.510307692
03 04 2014,98.96,99.39,99.92,98.42,-0.31,1.522461538,1.529076923,1.537230769,1.514153846
03 03 2014,99.27,99.12,99.84,98.45,0.47,1.527230769,1.524923077,1.536,1.514615385
02 28 2014,98.81,99.36,99.42,98.31,-0.37,1.520153846,1.528615385,1.529538462,1.512461538
02 27 2014,99.18,98.68,99.18,98.68,0,1.525846154,1.518153846,1.525846154,1.518153846
02 26 2014,99.18,99.14,99.78,98.55,0.08,1.525846154,1.525230769,1.535076923,1.516153846
02 25 2014,99.1,99.15,99.76,98.53,-0.22,1.524615385,1.525384615,1.534769231,1.515846154
02 24 2014,99.32,99.36,99.95,98.62,-0.08,1.528,1.528615385,1.537692308,1.517230769
02 21 2014,99.4,99.49,99.99,98.78,-0.17,1.529230769,1.530615385,1.538307692,1.519692308
02 20 2014,99.57,99.79,100.4,99.03,0.04,1.531846154,1.535230769,1.544615385,1.523538462
02 19 2014,99.53,99.03,99.53,99.03,0,1.531230769,1.523538462,1.531230769,1.523538462
02 18 2014,99.53,99.22,100.18,98.73,0.59,1.531230769,1.526461538,1.541230769,1.518923077
02 17 2014,98.95,99.14,99.83,98.42,-0.14,1.522307692,1.525230769,1.535846154,1.514153846
02 14 2014,99.09,99.58,100.28,98.56,-0.79,1.524461538,1.532,1.542769231,1.516307692
02 13 2014,99.88,99.2,100.44,98.71,0.53,1.536615385,1.526153846,1.545230769,1.518615385
02 12 2014,99.35,99.36,99.97,98.77,-0.21,1.528461538,1.528615385,1.538,1.519538462
02 11 2014,99.56,99.76,100.42,99,-0.34,1.531692308,1.534769231,1.544923077,1.523076923
02 10 2014,99.9,99.44,100.48,98.84,0.24,1.536923077,1.529846154,1.545846154,1.520615385
02 07 2014,99.66,99.68,100.36,99.11,-0.13,1.533230769,1.533538462,1.544,1.524769231
02 06 2014,99.79,99.84,100.07,99.29,-0.33,1.535230769,1.536,1.539538462,1.527538462
02 05 2014,100.12,99.87,100.68,99.29,0.07,1.540307692,1.536461538,1.548923077,1.527538462
02 04 2014,100.05,100.5,101,99.51,-0.06,1.539230769,1.546153846,1.553846154,1.530923077
02 03 2014,100.11,100.32,100.96,99.6,-0.19,1.540153846,1.543384615,1.553230769,1.532307692
01 31 2014,100.3,99.84,100.9,99.27,0.2,1.543076923,1.536,1.552307692,1.527230769
01 30 2014,100.1,100.62,101.12,99.57,0.23,1.54,1.548,1.555692308,1.531846154
01 29 2014,99.87,99.73,100.5,98.87,-0.15,1.536461538,1.534307692,1.546153846,1.521076923
01 28 2014,100.02,101.09,101.59,99.51,-0.94,1.538769231,1.555230769,1.562923077,1.530923077
01 27 2014,100.97,100.61,101.81,99.75,0.7,1.553384615,1.547846154,1.566307692,1.534615385
01 24 2014,100.27,99.09,100.87,98.6,1.19,1.542615385,1.524461538,1.551846154,1.516923077
01 23 2014,99.09,98.9,99.77,98.4,0.18,1.524461538,1.521538462,1.534923077,1.513846154
01 22 2014,98.91,99.04,99.73,98.33,-0.11,1.521692308,1.523692308,1.534307692,1.512769231
01 21 2014,99.02,98.46,99.6,97.83,0.43,1.523384615,1.514769231,1.532307692,1.505076923
01 20 2014,98.6,98.67,99.17,97.97,0.13,1.516923077,1.518,1.525692308,1.507230769
01 17 2014,98.47,98.37,98.98,97.6,0.01,1.514923077,1.513384615,1.522769231,1.501538462
01 16 2014,98.46,98.64,99.23,97.91,-0.01,1.514769231,1.517538462,1.526615385,1.506307692
01 15 2014,98.47,98.66,99.24,97.78,0.03,1.514923077,1.517846154,1.526769231,1.504307692
01 14 2014,98.44,97.94,98.44,97.94,0,1.514461538,1.506769231,1.514461538,1.506769231
01 13 2014,98.44,98.56,99.12,97.78,-0.62,1.514461538,1.516307692,1.524923077,1.504307692
01 10 2014,99.05,99.2,99.7,98.42,-0.27,1.523846154,1.526153846,1.533846154,1.514153846
01 09 2014,99.32,99.55,100.08,98.66,0,1.528,1.531538462,1.539692308,1.517846154
01 08 2014,99.32,99.52,99.63,98.82,-0.37,1.528,1.531076923,1.532769231,1.520307692
01 07 2014,99.69,99.84,100.45,99.18,-0.01,1.533692308,1.536,1.545384615,1.525846154
01 06 2014,99.7,99.76,100.44,99.09,0.24,1.533846154,1.534769231,1.545230769,1.524461538
01 03 2014,99.46,99.76,100.59,98.93,-0.17,1.530153846,1.534769231,1.547538462,1.522
01 02 2014,99.63,99.04,100.12,98.31,0.59,1.532769231,1.523692308,1.540307692,1.512461538
01 01 2014,99.05,98.88,99.68,98.43,0.16,1.523846154,1.521230769,1.533538462,1.514307692
,,,,,,,,,
,Highest:111.110,Lowest:0.005,Difference:111.105,Average:103.126,Change %:5.435,,,,
