Date,Price,Open,High,Low,Change ,calamities
01 01 2014,61.91,61.828,61.995,61.81,0.16,
01 02 2014,62.27,61.892,62.415,61.755,0.58,
01 03 2014,62.19,62.347,62.565,62.155,-0.13,
01 06 2014,62.315,62.355,62.465,62.225,0.2,
01 07 2014,62.305,62.405,62.475,62.295,-0.02,
01 08 2014,62.165,62.215,62.282,62.085,-0.22,
01 09 2014,62.095,62.125,62.245,61.975,-0.11,
01 10 2014,61.907,62.005,62.005,61.825,-0.3,
1 13 2014,61.525,61.605,61.64,61.425,-0.62,
1 14 2014,61.49,61.49,61.49,61.49,-0.06,
1 15 2014,61.58,61.67,61.72,61.43,0.15,
1 16 2014,61.54,61.655,61.71,61.51,-0.06,
1 17 2014,61.545,61.485,61.555,61.32,0.01,
1 20 2014,61.625,61.675,61.675,61.53,0.13,
1 21 2014,61.885,61.545,61.945,61.455,0.42,
1 22 2014,61.82,61.905,62.025,61.716,-0.11,
1 23 2014,61.933,61.815,62.05,61.815,0.18,
1 24 2014,62.695,61.945,62.745,61.945,1.23,
1 27 2014,63.105,62.885,63.325,62.655,0.65,
1 28 2014,62.575,63.195,63.195,62.515,-0.84,
1 29 2014,62.475,62.345,62.59,62.115,-0.16,
1 30 2014,62.565,62.905,62.905,62.545,0.14,
1 31 2014,62.685,62.405,62.755,62.355,0.19,
02 03 2014,62.565,62.705,62.79,62.555,-0.19,
02 04 2014,62.53,62.655,62.835,62.487,-0.06,
02 05 2014,62.6,62.39,62.62,62.36,0.11,
02 06 2014,62.38,62.37,62.55,62.36,-0.35,
02 07 2014,62.305,62.305,62.415,62.25,-0.12,
02 10 2014,62.455,62.375,62.505,62.09,0.24,
02 11 2014,62.225,62.355,62.455,62.19,-0.37,
02 12 2014,62.095,62.105,62.185,62.045,-0.21,
2 13 2014,62.425,62.005,62.465,62.005,0.53,
2 14 2014,61.855,62.245,62.37,61.845,-0.91,
2 17 2014,61.845,61.965,62.085,61.825,-0.02,
2 18 2014,62.18,62.02,62.31,61.96,0.54,
2 19 2014,62.24,62.2,62.24,62.2,0.1,
2 20 2014,62.24,62.38,62.45,62.213,0,
2 21 2014,62.14,62.19,62.19,62.055,-0.16,
2 24 2014,62.075,62.105,62.16,61.945,-0.1,
2 25 2014,61.985,61.985,62.05,61.86,-0.14,
2 26 2014,61.985,61.965,62.055,61.885,0,
2 27 2014,61.995,61.995,61.995,61.995,0.02,
2 28 2014,61.795,62.105,62.14,61.755,-0.32,
03 03 2014,62.045,61.955,62.09,61.815,0.4,
03 04 2014,61.905,62.135,62.155,61.835,-0.23,
03 05 2014,61.755,61.905,61.91,61.65,-0.24,
03 06 2014,61.115,61.535,61.535,61.105,-1.04,
03 07 2014,61.085,61.015,61.175,60.945,-0.05,
03 10 2014,60.845,61.255,61.335,60.79,-0.39,
03 11 2014,60.945,60.885,60.975,60.605,0.16,
03 12 2014,61.22,60.945,61.295,60.945,0.45,
3 13 2014,61.175,61.025,61.185,60.915,-0.07,
3 14 2014,61.205,61.415,61.555,61.055,0.05,
3 17 2014,61.09,61.13,61.13,61.07,-0.19,
3 18 2014,61.115,61.035,61.215,60.875,0.04,
3 19 2014,60.975,61.085,61.185,60.925,-0.23,
3 20 2014,61.34,61.39,61.39,61.07,0.6,
3 21 2014,60.9,61.195,61.205,60.9,-0.72,
3 24 2014,60.78,60.855,60.855,60.645,-0.2,
3 25 2014,60.485,60.605,60.605,60.435,-0.49,
3 26 2014,60.145,60.305,60.305,60.065,-0.56,
3 27 2014,60.245,60.245,60.355,60.125,0.17,
3 28 2014,59.89,60.19,60.19,59.69,-0.59,
3 31 2014,60.015,59.91,60.02,59.91,0.21,
04 01 2014,60.015,59.935,60.045,59.935,0,
04 02 2014,59.905,59.815,59.915,59.575,-0.18,
04 03 2014,60.17,59.955,60.3,59.835,0.44,
04 04 2014,60.085,60.355,60.398,60.075,-0.14,
04 07 2014,60.115,59.905,60.25,59.765,0.05,
04 08 2014,60.09,60.13,60.15,60.03,-0.04,
04 09 2014,60.145,59.975,60.155,59.825,0.09,
04 10 2014,60.075,60.045,60.295,60.035,-0.12,
04 11 2014,60.18,60.325,60.345,60.14,0.17,
4 14 2014,60.255,60.255,60.255,60.255,0.12,
4 15 2014,60.235,60.355,60.355,60.205,-0.03,
4 16 2014,60.375,60.305,60.425,60.185,0.23,
4 17 2014,60.295,60.295,60.505,60.27,-0.13,
4 18 2014,60.295,60.295,60.295,60.235,0,
4 21 2014,60.595,60.265,60.615,60.265,0.5,
4 22 2014,60.765,60.675,60.885,60.635,0.28,
4 23 2014,61.095,60.885,61.195,60.865,0.54,
4 24 2014,61.11,61.01,61.14,61.01,0.02,
4 25 2014,60.645,61.055,61.15,60.543,-0.76,terrorist attack
4 28 2014,60.65,60.605,60.74,60.433,0.01,terrorist attack
4 29 2014,60.425,60.615,60.635,60.315,-0.37,
4 30 2014,60.345,60.355,60.415,60.225,-0.13,
05 01 2014,60.27,60.27,60.27,60.27,-0.12,terrorist attack
05 02 2014,60.185,60.235,60.285,60.105,-0.14,
05 05 2014,60.24,60.09,60.25,60.008,0.09,
05 06 2014,59.985,60.075,60.245,59.975,-0.42,
05 07 2014,60.025,60.055,60.155,59.965,0.07,
05 08 2014,59.9,59.965,60.1,59.88,-0.21,
05 09 2014,59.965,60.065,60.1,59.87,0.11,
05 12 2014,60.055,59.905,60.115,59.513,0.15,terrorist attack
5 13 2014,59.465,59.965,59.965,59.46,-0.98,
5 14 2014,59.485,59.405,59.515,59.39,0.03,
5 15 2014,59.465,59.415,59.615,59.1,-0.03,
5 16 2014,58.585,59.365,59.365,58.585,-1.48,
5 19 2014,58.375,58.565,58.615,58.375,-0.36,
5 20 2014,58.59,58.595,58.825,58.525,0.37,
5 21 2014,58.695,58.705,58.875,58.635,0.18,
5 22 2014,58.285,58.615,58.7,58.265,-0.7,
5 23 2014,58.525,58.465,58.555,58.33,0.41,
5 26 2014,58.715,58.445,58.925,58.41,0.32,
5 27 2014,59.045,58.715,59.097,58.655,0.56,
5 28 2014,58.945,58.955,59.22,58.815,-0.17,
5 29 2014,58.92,58.935,59.085,58.795,-0.04,
5 30 2014,59.195,59.045,59.195,58.94,0.47,
06 02 2014,59.155,59.105,59.275,59.065,-0.07,
06 03 2014,59.34,59.08,59.432,59.08,0.31,
06 04 2014,59.28,59.435,59.465,59.215,-0.1,
06 05 2014,59.26,59.28,59.37,59.195,-0.03,
06 06 2014,59.175,59.165,59.315,59.105,-0.14,
06 09 2014,59.205,59.105,59.21,58.975,0.05,
06 10 2014,59.215,59.135,59.35,59.135,0.02,
06 11 2014,59.34,59.33,59.37,59.23,0.21,
06 12 2014,59.295,59.235,59.375,59.1,-0.08,
6 13 2014,59.71,59.31,59.81,59.3,0.7,
6 16 2014,60.185,59.715,60.24,59.715,0.8,
6 17 2014,60.33,60.115,60.525,60.035,0.24,
6 18 2014,60.3,60.215,60.545,60.065,-0.05,
6 19 2014,60.095,60.225,60.225,59.855,-0.34,
6 20 2014,60.175,60.235,60.345,60.135,0.13,
6 23 2014,60.16,60.065,60.305,60.015,-0.02,
6 24 2014,60.16,60.09,60.175,60.08,0,
6 25 2014,60.085,60.255,60.4,60.085,-0.12,
6 26 2014,60.21,60.035,60.26,60.035,0.21,
6 27 2014,60.045,60.21,60.21,60.045,-0.27,pipeline explosion
6 30 2014,60.06,60.045,60.28,60.005,0.02,
07 01 2014,60.06,60.085,60.2,60.06,0,
07 02 2014,59.692,60.035,60.095,59.59,-0.61,
07 03 2014,59.74,59.675,59.85,59.53,0.08,
07 04 2014,59.725,59.745,59.83,59.645,-0.03,
07 07 2014,59.955,59.815,60.06,59.735,0.39,
07 08 2014,59.755,59.955,60.005,59.665,-0.33,
07 09 2014,59.765,59.755,59.95,59.685,0.02,
07 10 2014,60.195,59.685,60.225,59.575,0.72,
07 11 2014,60.095,60.115,60.315,59.925,-0.17,
7 14 2014,60.125,59.97,60.215,59.915,0.05,
7 15 2014,60.125,60.045,60.25,60.005,0,
7 16 2014,60.125,60.235,60.275,60.09,0,
7 17 2014,60.185,60.025,60.2,60.025,0.1,
7 18 2014,60.285,60.385,60.455,60.245,0.17,
7 21 2014,60.245,60.285,60.34,60.165,-0.07,
7 22 2014,60.105,60.265,60.305,60.1,-0.23,
7 23 2014,60.02,60.145,60.21,59.96,-0.14,
7 24 2014,60.125,59.965,60.165,59.935,0.17,
7 25 2014,60.06,60.055,60.195,60.01,-0.11,
7 28 2014,60.09,60.055,60.17,60.055,0.05,
7 29 2014,60.13,60.125,60.14,60.1,0.07,
7 30 2014,60.065,60.245,60.245,60.052,-0.11,
7 31 2014,60.555,60.245,60.565,60.205,0.82,
08 01 2014,61.215,60.755,61.225,60.7,1.09,
08 04 2014,60.945,61.205,61.205,60.875,-0.44,
08 05 2014,60.85,60.885,61.005,60.695,-0.16,
08 06 2014,61.5,61.035,61.525,61.025,1.07,
08 07 2014,61.245,61.405,61.555,61.215,-0.41,
08 08 2014,61.145,61.245,61.745,61.135,-0.16,
08 11 2014,61.175,61.085,61.265,61.025,0.05,
08 12 2014,61.085,61.125,61.225,61.075,-0.15,
8 13 2014,61.095,61.095,61.315,61.095,0.02,
8 14 2014,60.765,61.105,61.12,60.765,-0.54,
8 15 2014,60.78,60.82,60.85,60.78,0.02,
8 18 2014,60.78,60.78,60.78,60.78,0,
8 19 2014,60.675,60.775,60.785,60.645,-0.17,
8 20 2014,60.615,60.845,60.885,60.52,-0.1,
8 21 2014,60.675,60.695,60.8,60.615,0.1,
8 22 2014,60.47,60.495,60.56,60.365,-0.34,
8 25 2014,60.57,60.555,60.58,60.405,0.17,
8 26 2014,60.435,60.505,60.58,60.435,-0.22,
8 27 2014,60.455,60.485,60.515,60.35,0.03,
8 28 2014,60.5,60.405,60.698,60.365,0.07,
8 29 2014,60.52,60.51,60.55,60.47,0.03,
09 01 2014,60.53,60.51,60.535,60.425,0.02,
09 02 2014,60.685,60.585,60.695,60.495,0.26,floods
09 03 2014,60.49,60.605,60.695,60.335,-0.32,floods
09 04 2014,60.36,60.465,60.49,60.355,-0.21,floods
09 05 2014,60.395,60.445,60.505,60.38,0.06,floods
09 08 2014,60.275,60.305,60.325,60.212,-0.2,floods
09 09 2014,60.605,60.435,60.673,60.405,0.55,floods
09 10 2014,60.93,60.78,61.045,60.76,0.54,floods
09 11 2014,60.93,60.845,60.945,60.72,0,floods
09 12 2014,60.655,60.975,61.025,60.645,-0.45,floods
9 15 2014,61.105,60.655,61.175,60.655,0.74,floods
9 16 2014,61.06,61.025,61.165,61.007,-0.07,floods
9 17 2014,60.915,60.985,61.043,60.83,-0.24,floods
9 18 2014,60.74,61.115,61.22,60.74,-0.29,floods
9 19 2014,60.86,60.78,60.9,60.73,0.2,floods
9 22 2014,60.945,60.795,60.945,60.755,0.14,floods
9 23 2014,61.055,60.955,61.055,60.875,0.18,floods
9 24 2014,60.945,61.045,61.065,60.905,-0.18,floods
9 25 2014,61.335,60.965,61.42,60.925,0.64,floods
9 26 2014,61.145,61.345,61.625,61.015,-0.31,floods
9 29 2014,61.56,61.155,61.62,61.155,0.68,
9 30 2014,61.94,61.615,61.94,61.565,0.62,
10 01 2014,61.725,61.835,61.965,61.593,-0.35,
10 02 2014,61.545,61.72,61.72,61.545,-0.29,
10 03 2014,61.545,61.545,61.545,61.545,0,
10 06 2014,61.545,61.545,61.545,61.545,0,
10 07 2014,61.305,61.465,61.485,61.28,-0.39,cyclone
10 08 2014,61.36,61.47,61.525,61.31,0.09,cyclone
10 09 2014,61.055,61.145,61.145,60.91,-0.5,cyclone
10 10 2014,61.285,61.165,61.365,61.125,0.38,cyclone
10 13 2014,61.01,61.285,61.315,61.01,-0.45,cyclone
10 14 2014,61.4,60.945,61.48,60.935,0.64,cyclone
10 15 2014,61.38,61.31,61.41,61.25,-0.03,
10 16 2014,61.84,61.485,61.94,61.435,0.75,
10 17 2014,61.365,61.765,61.765,61.36,-0.77,
10 20 2014,61.235,61.315,61.385,61.185,-0.21,
10 21 2014,61.15,61.315,61.377,61.12,-0.14,
10 22 2014,61.2,61.095,61.315,61.015,0.08,
10 23 2014,61.17,61.16,61.21,61.1,-0.05,
10 24 2014,61.17,61.17,61.17,61.17,0,
10 27 2014,61.305,61.185,61.375,61.185,0.22,
10 28 2014,61.188,61.255,61.425,61.162,-0.19,
10 29 2014,61.29,61.265,61.375,61.22,0.17,
10 30 2014,61.44,61.29,61.555,61.29,0.24,
10 31 2014,61.405,61.365,61.615,61.3,-0.06,
11 03 2014,61.42,61.51,61.51,61.325,0.02,
11 04 2014,61.395,61.365,61.415,61.31,-0.04,
11 05 2014,61.435,61.34,61.545,61.3,0.07,
11 06 2014,61.5,61.44,61.515,61.425,0.11,
11 07 2014,61.52,61.44,61.7,61.44,0.03,
11 10 2014,61.485,61.465,61.57,61.39,-0.06,
11 11 2014,61.515,61.57,61.65,61.515,0.05,
11 12 2014,61.375,61.535,61.57,61.375,-0.23,
11 13 2014,61.6,61.49,61.635,61.49,0.37,
11 14 2014,61.715,61.63,61.86,61.56,0.19,
11 17 2014,61.83,61.63,61.83,61.63,0.19,
11 18 2014,61.725,61.735,61.885,61.705,-0.17,
11 19 2014,61.945,61.845,62.008,61.795,0.36,
11 20 2014,61.93,62.04,62.23,61.89,-0.02,
11 21 2014,61.767,61.845,61.905,61.745,-0.26,
11 24 2014,61.86,61.7,61.975,61.66,0.15,
11 25 2014,61.865,61.915,62.045,61.85,0.01,
11 26 2014,61.795,61.865,61.913,61.785,-0.11,
11 27 2014,61.86,61.74,61.938,61.74,0.11,
11 28 2014,62.21,61.815,62.25,61.765,0.57,
12 01 2014,61.955,62.06,62.24,61.955,-0.41,
12 02 2014,61.795,61.905,62.02,61.795,-0.26,
12 03 2014,61.863,61.885,61.97,61.815,0.11,
12 04 2014,61.79,61.945,61.965,61.79,-0.12,
12 05 2014,61.918,61.845,61.918,61.78,0.21,
12 08 2014,61.825,61.98,62.01,61.825,-0.15,
12 09 2014,61.88,61.89,61.955,61.835,0.09,
12 10 2014,62.115,61.81,62.115,61.77,0.38,
12 11 2014,62.48,62.05,62.48,62.01,0.59,
12 12 2014,62.525,62.26,62.535,62.21,0.07,
12 15 2014,63.175,62.21,63.175,62.21,1.04,
12 16 2014,63.66,62.915,63.66,62.815,0.77,
12 17 2014,63.525,63.53,63.89,63.45,-0.21,
12 18 2014,62.99,63.36,63.4,62.985,-0.84,
12 19 2014,63.245,63.055,63.34,62.99,0.4,
12 22 2014,63.23,63.255,63.33,63.145,-0.02,
12 23 2014,63.44,63.31,63.51,63.25,0.33,
12 24 2014,63.52,63.435,63.565,63.375,0.13,
12 25 2014,63.52,63.52,63.52,63.52,0,
12 26 2014,63.562,63.455,63.69,63.455,0.07,
12 29 2014,63.67,63.665,63.715,63.625,0.17,
12 30 2014,63.385,63.725,63.795,63.355,-0.45,
12 31 2014,63.035,63.315,63.39,63.035,-0.55,
01 01 2015,63.355,63.175,63.455,63.175,0.51,swine flu
01 02 2015,63.285,63.445,63.502,63.255,-0.11,
01 05 2015,63.345,63.435,63.495,63.285,0.09,
01 06 2015,63.575,63.375,63.625,63.315,0.36,
01 07 2015,63.28,63.52,63.565,63.17,-0.46,
01 08 2015,62.675,63.205,63.205,62.595,-0.96,
01 09 2015,62.355,62.5,62.52,62.3,-0.51,
01 12 2015,62.075,62.355,62.355,62.065,-0.45,
1 13 2015,61.98,62.1,62.195,61.97,-0.15,
1 14 2015,62.095,62.085,62.235,62.06,0.19,
1 15 2015,62.065,61.885,62.105,61.485,-0.05,
1 16 2015,61.87,62.085,62.21,61.795,-0.31,
1 19 2015,61.645,61.655,61.812,61.605,-0.36,
1 20 2015,61.655,61.825,61.905,61.645,0.02,
1 21 2015,61.56,61.73,61.73,61.54,-0.15,
1 22 2015,61.605,61.635,61.77,61.505,0.07,
1 23 2015,61.44,61.45,61.615,61.373,-0.27,
1 26 2015,61.48,61.515,61.52,61.475,0.07,
1 27 2015,61.41,61.48,61.525,61.355,-0.11,
1 28 2015,61.358,61.515,61.54,61.27,-0.08,
1 29 2015,61.801,61.44,61.981,61.43,0.72,
1 30 2015,62.02,61.807,62.035,61.71,0.35,
02 02 2015,61.719,62.005,62.085,61.645,-0.49,
02 03 2015,61.596,61.721,61.85,61.565,-0.2,
02 04 2015,61.842,61.596,61.91,61.565,0.4,
02 05 2015,61.709,61.842,61.95,61.678,-0.22,
02 06 2015,61.97,61.703,62.025,61.665,0.42,
02 09 2015,62.149,62.058,62.22,61.95,0.29,
02 10 2015,62.327,62.161,62.374,61.93,0.29,
02 11 2015,62.382,62.327,62.433,62.12,0.09,
02 12 2015,62.15,62.382,62.54,62.028,-0.37,
2 13 2015,62.076,62.14,62.224,62.02,-0.12,
2 16 2015,62.105,62.114,62.25,62.07,0.05,
2 17 2015,62.157,62.105,62.27,62.07,0.08,
2 18 2015,62.057,62.157,62.361,62.005,-0.16,
2 19 2015,62.138,62.064,62.17,62.03,0.13,
2 20 2015,62.109,62.14,62.29,62.108,-0.05,
2 23 2015,62.163,62.27,62.33,62.117,0.09,
2 24 2015,62.17,62.172,62.36,62.07,0.01,
2 25 2015,61.862,62.09,62.113,61.84,-0.5,
2 26 2015,61.731,61.871,62,61.675,-0.21,
2 27 2015,61.659,61.744,61.92,61.658,-0.12,
03 02 2015,61.862,61.713,62,61.675,0.33,
03 03 2015,61.819,61.862,61.972,61.772,-0.07,
03 04 2015,62.309,61.819,62.391,61.659,0.79,
03 05 2015,62.381,62.309,62.43,62.16,0.12,
03 06 2015,62.46,62.393,62.463,62.3,0.13,
03 09 2015,62.634,62.475,62.8,62.4,0.28,
03 10 2015,62.72,62.641,62.836,62.563,0.14,
03 11 2015,62.781,62.723,62.88,62.7,0.1,
03 12 2015,62.542,62.777,62.796,62.408,-0.38,
3 13 2015,63.083,62.559,63.126,62.433,0.87,
3 16 2015,62.78,63.087,63.138,62.763,-0.48,
3 17 2015,62.623,62.778,62.85,62.608,-0.25,
3 18 2015,62.701,62.651,62.79,62.62,0.12,
3 19 2015,62.49,62.39,62.685,62.37,-0.34,
3 20 2015,62.41,62.525,62.595,62.41,-0.13,terrorist attack
3 23 2015,62.23,62.415,62.415,62.23,-0.29,
3 24 2015,62.348,62.21,62.421,62.14,0.19,
3 25 2015,62.412,62.344,62.454,62.262,0.1,
3 26 2015,62.836,62.43,62.843,62.43,0.68,
3 27 2015,62.523,62.84,62.851,62.395,-0.5,
3 30 2015,62.51,62.534,62.7,62.438,-0.02,
3 31 2015,62.291,62.514,62.68,62.276,-0.35,
04 01 2015,62.142,62.291,62.402,62.135,-0.24,
04 02 2015,62.067,62.163,62.24,62.046,-0.12,
04 03 2015,61.96,62.078,62.14,61.936,-0.17,
04 06 2015,62.207,61.93,62.24,61.93,0.4,
04 07 2015,62.296,62.206,62.425,62.195,0.14,
04 08 2015,62.192,62.301,62.372,62.139,-0.17,
04 09 2015,62.306,62.201,62.337,62.15,0.18,
04 10 2015,62.276,62.301,62.43,62.209,-0.05,
4 13 2015,62.407,62.184,62.575,62.18,0.21,
4 14 2015,62.268,62.413,62.422,62.21,-0.22,
4 15 2015,62.36,62.294,62.46,62.264,0.15,
4 16 2015,62.317,62.353,62.407,62.245,-0.07,
4 17 2015,62.55,62.317,62.55,62.305,0.37,
4 20 2015,63.137,62.554,63.167,62.5,0.94,
4 21 2015,62.854,63.14,63.165,62.75,-0.45,
4 22 2015,62.98,62.881,63.02,62.725,0.2,
4 23 2015,63.277,62.968,63.43,62.895,0.47,
4 24 2015,63.662,63.283,63.683,63.215,0.61,
4 27 2015,63.346,63.747,63.78,63.346,-0.5,
4 28 2015,63.053,63.334,63.47,63.027,-0.46,
4 29 2015,63.46,63.049,63.502,63.04,0.65,
4 30 2015,63.529,63.44,63.74,63.398,0.11,
05 01 2015,63.719,63.531,63.72,63.5,0.3,heat wave
05 04 2015,63.516,63.692,63.693,63.516,-0.32,heat wave
05 05 2015,63.369,63.562,63.62,63.315,-0.23,heat wave
05 06 2015,63.621,63.376,63.685,63.31,0.4,heat wave
05 07 2015,64.073,63.635,64.29,63.623,0.71,heat wave
05 08 2015,63.711,64.071,64.23,63.657,-0.56,heat wave
05 11 2015,64.007,63.705,64.022,63.705,0.46,heat wave
05 12 2015,64.147,64.007,64.39,63.998,0.22,"earthquake,heat wave"
5 13 2015,64.013,64.146,64.281,63.845,-0.21,heat wave
5 14 2015,63.383,64.014,64.063,63.379,-0.98,heat wave
5 15 2015,63.44,63.403,63.662,63.347,0.09,heat wave
5 18 2015,63.708,63.442,63.75,63.425,0.42,heat wave
5 19 2015,63.763,63.725,63.85,63.52,0.09,heat wave
5 20 2015,63.598,63.781,63.9,63.555,-0.26,heat wave
5 21 2015,63.58,63.612,63.75,63.51,-0.03,heat wave
5 22 2015,63.49,63.578,63.681,63.43,-0.14,heat wave
5 25 2015,63.496,63.511,63.68,63.49,0.01,heat wave
5 26 2015,63.972,63.493,64.02,63.49,0.75,heat wave
5 27 2015,63.826,63.983,64.17,63.82,-0.23,heat wave
5 28 2015,63.763,63.823,64,63.745,-0.1,heat wave
5 29 2015,63.743,63.79,63.946,63.68,-0.03,heat wave
06 01 2015,63.594,63.733,63.841,63.53,-0.23,heat wave
06 02 2015,63.689,63.61,63.97,63.59,0.15,heat wave
06 03 2015,63.997,63.699,64.08,63.669,0.48,heat wave
06 04 2015,63.964,63.996,64.27,63.916,-0.05,heat wave
06 05 2015,63.77,63.963,64.035,63.75,-0.3,heat wave
06 08 2015,63.947,64.111,64.18,63.925,0.28,heat wave
06 09 2015,64.01,63.963,64.09,63.85,0.1,heat wave
06 10 2015,63.766,64.039,64.071,63.76,-0.38,heat wave
06 11 2015,63.959,63.782,64.03,63.75,0.3,heat wave
06 12 2015,64.1,63.985,64.2,63.9,0.22,heat wave
6 15 2015,64.085,64.1,64.2,64,-0.02,heat wave
6 16 2015,64.166,64.081,64.33,63.996,0.13,heat wave
6 17 2015,64.011,64.166,64.28,63.989,-0.24,heat wave
6 18 2015,63.577,63.905,63.95,63.566,-0.68,heat wave
6 19 2015,63.5,63.579,63.87,63.42,-0.12,heat wave
6 22 2015,63.523,63.532,63.59,63.44,0.04,heat wave
6 23 2015,63.607,63.532,63.695,63.499,0.13,heat wave
6 24 2015,63.526,63.59,63.71,63.487,-0.13,heat wave
6 25 2015,63.518,63.548,63.65,63.489,-0.01,heat wave
6 26 2015,63.452,63.528,63.67,63.45,-0.1,heat wave
6 29 2015,63.707,63.523,63.95,63.45,0.4,heat wave
6 30 2015,63.604,63.707,63.81,63.55,-0.16,heat wave
07 01 2015,63.55,63.609,63.712,63.53,-0.08,
07 02 2015,63.299,63.553,63.68,63.296,-0.39,
07 03 2015,63.411,63.297,63.5,63.297,0.18,
07 06 2015,63.264,63.427,63.64,63.254,-0.23,
07 07 2015,63.476,63.263,63.582,63.26,0.34,
07 08 2015,63.459,63.476,63.66,63.453,-0.03,
07 09 2015,63.318,63.456,63.59,63.29,-0.22,
07 10 2015,63.358,63.318,63.49,63.308,0.06,
7 13 2015,63.45,63.359,63.6,63.315,0.15,
7 14 2015,63.281,63.45,63.6,63.265,-0.27,
7 15 2015,63.507,63.278,63.61,63.278,0.36,
7 16 2015,63.463,63.508,63.564,63.42,-0.07,
7 17 2015,63.492,63.487,63.54,63.375,0.05,
7 20 2015,63.6,63.483,63.75,63.47,0.17,
7 21 2015,63.583,63.6,63.76,63.537,-0.03,
7 22 2015,63.571,63.567,63.68,63.49,-0.02,
7 23 2015,63.921,63.57,63.93,63.57,0.55,
7 24 2015,64.106,63.922,64.18,63.826,0.29,
7 27 2015,64.202,64.16,64.27,64,0.15,terrorist attack
7 28 2015,63.799,64.232,64.243,63.74,-0.63,
7 29 2015,63.821,63.8,63.95,63.767,0.03,
7 30 2015,64.138,63.826,64.16,63.82,0.5,
7 31 2015,63.988,64.152,64.22,63.864,-0.23,
08 03 2015,64.177,63.996,64.19,63.93,0.3,
08 04 2015,63.798,64.178,64.178,63.68,-0.59,
08 05 2015,63.692,63.798,63.94,63.65,-0.17,
08 06 2015,63.722,63.692,63.83,63.65,0.05,
08 07 2015,63.739,63.722,63.97,63.701,0.03,
08 10 2015,63.773,63.744,63.92,63.707,0.05,
08 11 2015,64.332,63.773,64.392,63.751,0.88,
08 12 2015,64.855,64.354,64.96,64.28,0.81,
8 13 2015,65.203,64.855,65.34,64.63,0.54,
8 14 2015,65.129,65.234,65.38,64.96,-0.11,
8 17 2015,65.436,65.097,65.461,65.07,0.47,
8 18 2015,65.454,65.444,65.5,65.3,0.03,
8 19 2015,65.109,65.409,65.45,65.061,-0.53,
8 20 2015,65.433,65.097,65.7,65.061,0.5,
8 21 2015,66.034,65.441,66.045,65.42,0.92,
8 24 2015,66.814,66.39,66.816,66.305,1.18,
8 25 2015,66.28,66.867,66.91,65.87,-0.8,
8 26 2015,66.004,66.289,66.39,66.004,-0.42,
8 27 2015,65.968,66.141,66.16,65.865,-0.05,
8 28 2015,66.15,65.985,66.26,65.94,0.28,
8 31 2015,66.412,66.151,66.5,66.128,0.4,
09 01 2015,66.383,66.398,66.47,66.19,-0.04,
09 02 2015,66.202,66.383,66.474,66.125,-0.27,
09 03 2015,66.1,66.202,66.3,66.04,-0.15,
09 04 2015,66.685,66.124,66.785,66.09,0.89,
09 07 2015,66.886,66.726,66.907,66.585,0.3,
09 08 2015,66.294,66.853,66.913,66.293,-0.89,
09 09 2015,66.619,66.311,66.65,66.245,0.49,
09 10 2015,66.299,66.646,66.77,66.298,-0.48,
09 11 2015,66.241,66.309,66.59,66.238,-0.09,
9 14 2015,66.261,66.242,66.5,66.21,0.03,
9 15 2015,66.447,66.279,66.48,66.266,0.28,
9 16 2015,66.219,66.449,66.52,66.186,-0.34,
9 17 2015,66.071,66.194,66.301,66.066,-0.22,
9 18 2015,65.868,66.117,66.26,65.67,-0.31,
9 21 2015,65.691,65.869,65.95,65.62,-0.27,
9 22 2015,65.91,65.71,65.97,65.56,0.33,
9 23 2015,66.184,65.91,66.186,65.828,0.42,
9 24 2015,66.11,66.175,66.38,66.04,-0.11,
9 25 2015,66.17,66.108,66.242,66.07,0.09,
9 28 2015,66.267,66.16,66.274,66.02,0.15,
9 29 2015,65.837,66.413,66.441,65.836,-0.65,
9 30 2015,65.517,65.836,65.955,65.48,-0.49,
10 01 2015,65.631,65.524,65.68,65.49,0.17,
10 02 2015,65.364,65.623,65.7,65.358,-0.41,
10 05 2015,65.134,65.155,65.34,65.047,-0.35,
10 06 2015,65.129,65.145,65.44,65.128,-0.01,
10 07 2015,64.907,65.127,65.37,64.815,-0.34,
10 08 2015,64.819,64.935,65.188,64.816,-0.14,
10 09 2015,64.78,64.817,65.004,64.689,-0.06,
10 12 2015,64.795,64.779,64.89,64.7,0.02,
10 13 2015,65.098,64.797,65.192,64.78,0.47,
10 14 2015,64.736,65.112,65.185,64.73,-0.56,
10 15 2015,64.779,64.735,64.921,64.68,0.07,
10 16 2015,64.703,64.78,65.03,64.639,-0.12,
10 19 2015,64.919,64.703,64.937,64.681,0.33,
10 20 2015,65.024,64.92,65.07,64.86,0.16,
10 21 2015,65.146,65.024,65.23,65,0.19,
10 22 2015,64.86,65.133,65.173,64.853,-0.44,
10 23 2015,64.892,64.869,65.06,64.7,0.05,
10 26 2015,64.921,64.964,65.025,64.788,0.04,earthquake
10 27 2015,65.112,64.921,65.117,64.885,0.29,
10 28 2015,64.954,65.112,65.12,64.833,-0.24,
10 29 2015,65.449,65.154,65.47,65.12,0.76,
10 30 2015,65.423,65.444,65.453,65.12,-0.04,
11 02 2015,65.561,65.413,65.665,65.355,0.21,
11 03 2015,65.569,65.568,65.795,65.42,0.01,
11 04 2015,65.609,65.592,65.63,65.33,0.06,
11 05 2015,65.86,65.609,65.9,65.523,0.38,
11 06 2015,66.14,65.817,66.14,65.733,0.43,
11 09 2015,66.475,66.42,66.5,66.317,0.51,flood
11 10 2015,66.2,66.44,66.49,66.2,-0.41,flood
11 11 2015,66.07,66.07,66.07,66.07,-0.2,flood
11 12 2015,66.055,66.135,66.165,66.01,-0.02,flood
11 13 2015,66.059,66.19,66.24,66.059,0.01,flood
11 16 2015,65.886,66.079,66.26,65.853,-0.26,flood
11 17 2015,65.981,65.905,66.095,65.885,0.14,flood
11 18 2015,66.033,66.008,66.325,65.985,0.08,flood
11 19 2015,66.09,66.057,66.24,66.032,0.09,flood
11 20 2015,66.058,66.088,66.28,66.044,-0.05,flood
11 23 2015,66.395,66.095,66.485,66.057,0.51,flood
11 24 2015,66.262,66.398,66.505,66.26,-0.2,flood
11 25 2015,66.368,66.261,66.399,66.261,0.16,flood
11 26 2015,66.565,66.371,66.675,66.347,0.3,flood
11 27 2015,66.907,66.66,66.91,66.65,0.51,flood
11 30 2015,66.462,66.835,66.945,66.422,-0.67,flood
12 01 2015,66.434,66.462,66.61,66.385,-0.04,flood
12 02 2015,66.591,66.433,66.68,66.432,0.24,flood
12 03 2015,66.79,66.598,66.898,66.561,0.3,flood
12 04 2015,66.643,66.79,66.995,66.642,-0.22,flood
12 07 2015,66.773,66.643,66.867,66.57,0.2,flood
12 08 2015,66.857,66.777,66.895,66.71,0.13,flood
12 09 2015,66.855,66.862,66.96,66.725,0,flood
12 10 2015,66.756,66.855,66.935,66.681,-0.15,flood
12 11 2015,67.148,66.761,67.148,66.743,0.59,flood
12 14 2015,67.093,67.1,67.18,66.965,-0.08,flood
12 15 2015,66.863,67.092,67.135,66.77,-0.34,
12 16 2015,66.476,66.866,66.947,66.431,-0.58,
12 17 2015,66.421,66.454,66.685,66.26,-0.08,
12 18 2015,66.255,66.411,66.535,66.228,-0.25,
12 21 2015,66.251,66.319,66.385,66.189,-0.01,
12 22 2015,66.244,66.268,66.36,66.176,-0.01,
12 23 2015,66.037,66.242,66.285,66.011,-0.31,
12 24 2015,65.947,66.058,66.162,65.946,-0.14,
12 25 2015,66.025,65.946,66.03,65.946,0.12,
12 28 2015,66.137,66.03,66.22,66.03,0.17,
12 29 2015,66.235,66.153,66.43,66.136,0.15,
12 30 2015,66.475,66.257,66.495,66.234,0.36,
12 31 2015,66.208,66.484,66.484,66.09,-0.4,
01 01 2016,66.235,66.209,66.267,66.13,0.04,
01 04 2016,66.579,66.165,66.66,66.165,0.52,earthquake
01 05 2016,66.481,66.599,66.663,66.428,-0.15,
01 06 2016,66.698,66.499,66.905,66.479,0.33,
01 07 2016,66.891,66.712,66.981,66.507,0.29,
01 08 2016,66.847,66.891,66.93,66.6,-0.07,
01 11 2016,66.76,66.874,66.965,66.708,-0.13,
01 12 2016,66.946,66.766,66.98,66.74,0.28,
1 13 2016,66.917,66.947,66.953,66.73,-0.04,
1 14 2016,67.316,66.918,67.49,66.917,0.6,
1 15 2016,67.775,67.328,67.869,67.255,0.68,
1 18 2016,67.661,67.791,67.791,67.5,-0.17,
1 19 2016,67.734,67.662,67.8,67.525,0.11,
1 20 2016,67.958,67.734,68.18,67.731,0.33,
1 21 2016,67.799,67.955,68.12,67.797,-0.23,
1 22 2016,67.549,67.826,67.869,67.547,-0.37,
1 25 2016,67.755,67.579,67.85,67.493,0.3,
1 26 2016,67.739,67.727,67.909,67.697,-0.02,
1 27 2016,68.144,67.766,68.185,67.739,0.6,
1 28 2016,68.053,68.15,68.265,68.017,-0.13,
1 29 2016,67.878,68.053,68.18,67.785,-0.26,
02 01 2016,67.835,67.878,67.97,67.64,-0.06,terrorist attack
02 02 2016,67.975,67.817,68.043,67.764,0.21,
02 03 2016,67.934,67.977,68.265,67.929,-0.06,siachen glacier avalanche
02 04 2016,67.544,67.76,67.895,67.524,-0.57,
02 05 2016,67.81,67.546,67.84,67.495,0.39,
02 08 2016,68.034,67.88,68.068,67.78,0.33,
02 09 2016,67.901,68.054,68.22,67.882,-0.2,
02 10 2016,67.861,67.91,67.996,67.798,-0.06,
02 11 2016,68.471,67.862,68.489,67.785,0.9,
02 12 2016,68.118,68.471,68.496,68.11,-0.52,
2 15 2016,68.131,68.119,68.27,68.01,0.02,
2 16 2016,68.474,68.14,68.512,68.061,0.5,
2 17 2016,68.329,68.482,68.69,68.314,-0.21,
2 18 2016,68.542,68.322,68.6,68.316,0.31,
2 19 2016,68.545,68.531,68.686,68.521,0,
2 22 2016,68.533,68.69,68.725,68.505,-0.02,
2 23 2016,68.561,68.553,68.69,68.46,0.04,
2 24 2016,68.431,68.561,68.66,68.386,-0.19,
2 25 2016,68.768,68.431,68.909,68.384,0.49,
2 26 2016,68.737,68.779,68.86,68.63,-0.05,
2 29 2016,68.208,68.737,68.792,68.203,-0.77,
03 01 2016,67.753,68.206,68.36,67.677,-0.67,
03 02 2016,67.395,67.599,67.765,67.392,-0.53,
03 03 2016,67.122,67.41,67.46,67.121,-0.41,
03 04 2016,66.938,67.121,67.355,66.881,-0.27,
03 07 2016,66.989,66.989,67.156,66.933,0.08,
03 08 2016,67.313,66.989,67.47,66.988,0.48,
03 09 2016,67.128,67.325,67.515,67.062,-0.27,
03 10 2016,67.302,67.128,67.373,66.895,0.26,
03 11 2016,66.921,67.303,67.352,66.901,-0.57,
3 14 2016,67.138,66.973,67.246,66.88,0.32,
3 15 2016,67.372,67.138,67.415,67.136,0.35,
3 16 2016,67.173,67.37,67.46,67.173,-0.3,
3 17 2016,66.619,66.91,66.958,66.605,-0.82,
3 18 2016,66.384,66.63,66.7,66.256,-0.35,
3 21 2016,66.5,66.383,66.571,66.383,0.17,
3 22 2016,66.755,66.5,66.84,66.48,0.38,
3 23 2016,66.93,66.755,66.956,66.625,0.26,
3 24 2016,66.916,66.93,66.948,66.822,-0.02,
3 25 2016,66.829,66.916,66.928,66.745,-0.13,
3 28 2016,66.608,66.79,66.912,66.511,-0.33,
3 29 2016,66.375,66.61,66.66,66.366,-0.35,
3 30 2016,66.375,66.295,66.502,66.265,0,
3 31 2016,66.255,66.235,66.358,66.125,-0.18,
04 01 2016,66.365,66.355,66.502,66.27,0.17,heat wave
04 04 2016,66.106,66.31,66.387,66.024,-0.39,heat wave
04 05 2016,66.422,66.112,66.558,66.08,0.48,heat wave
04 06 2016,66.517,66.42,66.745,66.38,0.14,heat wave
04 07 2016,66.757,66.517,66.826,66.422,0.36,heat wave
04 08 2016,66.551,66.757,66.787,66.475,-0.31,heat wave
04 11 2016,66.287,66.555,66.603,66.28,-0.4,heat wave
04 12 2016,66.283,66.301,66.567,66.272,-0.01,heat wave
4 13 2016,66.496,66.277,66.68,66.271,0.32,heat wave
4 14 2016,66.597,66.506,66.69,66.479,0.15,heat wave
4 15 2016,66.66,66.597,66.68,66.469,0.09,heat wave
4 18 2016,66.416,66.66,66.72,66.415,-0.37,heat wave
4 19 2016,66.15,66.417,66.502,66.129,-0.4,heat wave
4 20 2016,66.166,66.137,66.36,66.095,0.02,heat wave
4 21 2016,66.489,66.165,66.528,66.164,0.49,heat wave
4 22 2016,66.66,66.502,66.731,66.457,0.26,heat wave
4 25 2016,66.685,66.66,66.765,66.59,0.04,heat wave
4 26 2016,66.404,66.693,66.852,66.397,-0.42,heat wave
4 27 2016,66.362,66.406,66.612,66.344,-0.06,heat wave
4 28 2016,66.401,66.391,66.562,66.32,0.06,heat wave
4 29 2016,66.425,66.395,66.57,66.29,0.04,heat wave
05 02 2016,66.346,66.425,66.465,66.32,-0.12,heat wave
05 03 2016,66.558,66.343,66.582,66.235,0.32,heat wave
05 04 2016,66.627,66.579,66.689,66.5,0.1,heat wave
05 05 2016,66.558,66.627,66.675,66.458,-0.1,heat wave
05 06 2016,66.6,66.568,66.715,66.48,0.06,heat wave
05 09 2016,66.752,66.602,66.8,66.395,0.23,heat wave
05 10 2016,66.631,66.752,66.786,66.542,-0.18,heat wave
05 11 2016,66.561,66.631,66.845,66.52,-0.11,heat wave
05 12 2016,66.757,66.561,66.781,66.52,0.29,heat wave
5 13 2016,66.855,66.757,66.925,66.72,0.15,heat wave
5 16 2016,66.844,66.925,66.944,66.73,-0.02,heat wave
5 17 2016,66.825,66.845,66.901,66.675,-0.03,heat wave
5 18 2016,67.14,66.824,67.169,66.824,0.47,heat wave
5 19 2016,67.436,67.143,67.61,67.103,0.44,heat wave
5 20 2016,67.408,67.436,67.545,67.32,-0.04,heat wave
5 23 2016,67.409,67.43,67.59,67.243,0,heat wave
5 24 2016,67.63,67.429,67.78,67.417,0.33,heat wave
5 25 2016,67.273,67.63,67.712,67.223,-0.53,heat wave
5 26 2016,66.927,67.3,67.415,66.903,-0.51,heat wave
5 27 2016,67.031,66.942,67.135,66.875,0.16,heat wave
5 30 2016,67.171,67.04,67.38,67.031,0.21,heat wave
5 31 2016,67.209,67.17,67.338,67.106,0.06,heat wave
06 01 2016,67.434,67.207,67.519,67.12,0.33,
06 02 2016,67.268,67.484,67.51,67.215,-0.25,
06 03 2016,67,67.285,67.38,67,-0.4,
06 06 2016,66.79,66.888,67.055,66.789,-0.31,
06 07 2016,66.658,66.809,66.97,66.635,-0.2,
06 08 2016,66.5,66.658,66.821,66.451,-0.24,
06 09 2016,66.753,66.491,66.795,66.473,0.38,
06 10 2016,66.952,66.783,67.01,66.717,0.3,
6 13 2016,67.187,66.96,67.22,66.9,0.35,
6 14 2016,67.292,67.188,67.396,67.061,0.16,
6 15 2016,67.079,67.291,67.353,67,-0.32,
6 16 2016,67.315,67.079,67.454,67.077,0.35,
6 17 2016,67.074,67.318,67.318,67.042,-0.36,
6 20 2016,67.551,67.073,67.69,67.073,0.71,
6 21 2016,67.624,67.497,67.755,67.335,0.11,
6 22 2016,67.449,67.64,67.678,67.342,-0.26,
6 23 2016,67.279,67.442,67.48,67.2,-0.25,
6 24 2016,67.885,67.278,68.223,67.247,0.9,
6 27 2016,67.914,67.888,68.09,67.78,0.04,
6 28 2016,67.715,67.898,67.98,67.65,-0.29,
6 29 2016,67.422,67.715,67.85,67.375,-0.43,
6 30 2016,67.504,67.394,67.72,67.394,0.12,
07 01 2016,67.19,67.509,67.514,67.15,-0.47,
07 04 2016,67.265,67.19,67.3,67.118,0.11,
07 05 2016,67.434,67.255,67.525,67.244,0.25,
07 06 2016,67.411,67.438,67.555,67.36,-0.03,
07 07 2016,67.495,67.404,67.539,67.304,0.12,
07 08 2016,67.139,67.495,67.517,67.07,-0.53,
07 11 2016,67.138,67.139,67.308,67.01,0,
07 12 2016,66.975,67.172,67.22,66.975,-0.24,
7 13 2016,67.016,67.06,67.225,66.935,0.06,
7 14 2016,66.843,67.006,67.042,66.802,-0.26,
7 15 2016,67.141,66.843,67.175,66.843,0.45,
7 18 2016,67.137,67.096,67.22,67.012,-0.01,
7 19 2016,67.204,67.137,67.24,67.063,0.1,
7 20 2016,67.163,67.188,67.255,67.095,-0.06,
7 21 2016,67.153,67.174,67.273,67.081,-0.01,
7 22 2016,67.154,67.163,67.217,67.042,0,
7 25 2016,67.412,67.15,67.48,67.09,0.38,terrorist attack
7 26 2016,67.321,67.415,67.438,67.255,-0.13,
7 27 2016,67.072,67.294,67.379,67.042,-0.37,
7 28 2016,67.014,67.058,67.115,66.94,-0.09,
7 29 2016,66.655,67.032,67.113,66.625,-0.54,
08 01 2016,66.764,66.72,66.81,66.64,0.16,
08 02 2016,66.682,66.767,66.805,66.57,-0.12,
08 03 2016,66.767,66.687,67.015,66.682,0.13,
08 04 2016,66.84,66.782,67.01,66.74,0.11,
08 05 2016,66.842,66.843,66.901,66.71,0,terrorist attack
08 08 2016,66.81,66.84,66.865,66.673,-0.05,
08 09 2016,66.774,66.816,66.985,66.738,-0.05,
08 10 2016,66.765,66.772,66.808,66.6,-0.01,
08 11 2016,66.75,66.765,66.92,66.738,-0.02,
08 12 2016,66.908,66.75,66.926,66.738,0.24,
8 15 2016,66.853,66.91,66.96,66.792,-0.08,
8 16 2016,66.87,66.865,66.938,66.688,0.03,
8 17 2016,66.893,66.857,66.986,66.84,0.03,
8 18 2016,66.83,66.904,66.916,66.717,-0.09,
8 19 2016,67.137,66.822,67.205,66.822,0.46,
8 22 2016,67.202,67.138,67.37,67.095,0.1,
8 23 2016,67.122,67.194,67.211,67.03,-0.12,
8 24 2016,67.167,67.153,67.295,67.087,0.07,
8 25 2016,67.016,67.167,67.167,67,-0.22,
8 26 2016,67.136,67.014,67.161,66.831,0.18,
8 29 2016,67.113,67.137,67.215,67.06,-0.03,
8 30 2016,67.144,67.096,67.155,66.934,0.05,
8 31 2016,66.973,67.148,67.155,66.92,-0.25,
09 01 2016,66.801,66.962,67.095,66.758,-0.26,
09 02 2016,66.795,66.833,66.897,66.617,-0.01,
09 05 2016,66.47,66.65,66.665,66.435,-0.49,
09 06 2016,66.28,66.55,66.58,66.27,-0.29,
09 07 2016,66.478,66.37,66.506,66.31,0.3,
09 08 2016,66.631,66.478,66.676,66.365,0.23,
09 09 2016,66.895,66.653,66.895,66.46,0.4,
09 12 2016,66.738,66.85,66.995,66.727,-0.23,
9 13 2016,67.14,66.738,67.148,66.732,0.6,
9 14 2016,66.798,67.131,67.132,66.786,-0.51,
9 15 2016,66.86,66.798,67.085,66.767,0.09,
9 16 2016,67.075,66.863,67.12,66.775,0.32,
9 19 2016,66.98,67.076,67.08,66.87,-0.14,
9 20 2016,66.985,66.98,67.07,66.91,0.01,
9 21 2016,66.744,66.988,67.145,66.738,-0.36,
9 22 2016,66.633,66.762,66.903,66.53,-0.17,
9 23 2016,66.707,66.635,66.75,66.593,0.11,
9 26 2016,66.613,66.707,66.805,66.547,-0.14,
9 27 2016,66.425,66.629,66.712,66.425,-0.28,
9 28 2016,66.349,66.47,66.548,66.346,-0.11,
9 29 2016,66.812,66.346,66.955,66.327,0.7,
9 30 2016,66.556,66.802,66.873,66.51,-0.38,
10 03 2016,66.546,66.555,66.61,66.43,-0.02,terrorist attack
10 04 2016,66.609,66.494,66.63,66.373,0.09,
10 05 2016,66.572,66.613,66.675,66.505,-0.06,
10 06 2016,66.697,66.574,66.796,66.554,0.19,terrorist attack
10 07 2016,66.602,66.696,66.89,66.535,-0.14,
10 10 2016,66.492,66.602,66.62,66.473,-0.17,
10 11 2016,66.834,66.508,66.862,66.494,0.51,
10 12 2016,66.812,66.819,66.885,66.73,-0.03,
10 13 2016,66.794,66.827,66.99,66.73,-0.03,
10 14 2016,66.717,66.794,66.91,66.64,-0.12,
10 17 2016,66.789,66.718,66.9,66.715,0.11,
10 18 2016,66.733,66.789,66.802,66.65,-0.08,
10 19 2016,66.645,66.74,66.775,66.61,-0.13,
10 20 2016,66.83,66.638,66.87,66.61,0.28,
10 21 2016,66.926,66.852,67.005,66.76,0.14,
10 24 2016,66.845,66.921,66.935,66.766,-0.12,
10 25 2016,66.806,66.851,66.94,66.74,-0.06,
10 26 2016,66.863,66.812,66.9,66.758,0.09,
10 27 2016,66.881,66.862,66.963,66.79,0.03,
10 28 2016,66.778,66.894,66.934,66.691,-0.15,
10 31 2016,66.686,66.779,66.8,66.65,-0.14,
11 01 2016,66.696,66.685,66.78,66.66,0.01,smog
11 02 2016,66.762,66.695,66.87,66.63,0.1,smog
11 03 2016,66.668,66.778,66.798,66.63,-0.14,smog
11 04 2016,66.796,66.665,66.805,66.65,0.19,smog
11 07 2016,66.745,66.795,66.805,66.676,-0.08,smog
11 08 2016,66.246,66.745,66.748,66.242,-0.75,smog
11 09 2016,66.515,66.261,66.945,66.242,0.41,smog
11 10 2016,66.865,66.468,66.865,66.33,0.53,
11 11 2016,67.565,67.301,67.565,66.985,1.05,
11 14 2016,67.785,67.52,67.786,67.46,0.33,
11 15 2016,67.786,67.786,67.875,67.53,0,
11 16 2016,67.999,67.785,68.12,67.618,0.31,
11 17 2016,68.023,67.983,68.075,67.767,0.04,
11 18 2016,68.191,68.03,68.25,67.94,0.25,
11 21 2016,68.228,68.185,68.293,68.02,0.05,
11 22 2016,68.396,68.225,68.49,68.06,0.25,
11 23 2016,68.784,68.395,68.881,68.36,0.57,
11 24 2016,68.761,68.81,68.87,68.578,-0.03,
11 25 2016,68.519,68.755,68.761,68.3,-0.35,
11 28 2016,68.579,68.519,68.81,68.355,0.09,
11 29 2016,68.615,68.575,68.776,68.561,0.05,
11 30 2016,68.598,68.615,68.71,68.368,-0.02,
12 01 2016,68.236,68.595,68.598,68.19,-0.53,
12 02 2016,68.031,68.235,68.393,68.01,-0.3,
12 05 2016,68.025,68.021,68.275,68.015,-0.01,
12 06 2016,67.742,68.026,68.158,67.675,-0.42,
12 07 2016,67.438,67.738,67.98,67.425,-0.45,
12 08 2016,67.546,67.445,67.571,67.318,0.16,
12 09 2016,67.47,67.41,67.64,67.368,-0.11,
12 12 2016,67.431,67.471,67.649,67.37,-0.06,
12 13 2016,67.411,67.428,67.609,67.38,-0.03,
12 14 2016,67.475,67.425,67.605,67.4,0.09,
12 15 2016,67.857,67.77,67.95,67.688,0.57,
12 16 2016,67.855,67.855,67.88,67.738,0,
12 19 2016,67.844,67.85,67.9,67.708,-0.02,
12 20 2016,67.917,67.847,68.111,67.81,0.11,
12 21 2016,67.837,67.917,67.97,67.77,-0.12,
12 22 2016,67.848,67.838,68.04,67.82,0.02,
12 23 2016,67.837,67.845,67.95,67.74,-0.02,
12 26 2016,67.76,67.841,67.863,67.705,-0.11,
12 27 2016,67.978,67.82,68.09,67.76,0.32,
12 28 2016,68.233,67.977,68.261,67.955,0.38,
12 29 2016,67.935,68.232,68.258,67.905,-0.44,
12 30 2016,67.955,67.935,68,67.85,0.03,
01 02 2017,68.145,67.951,68.231,67.906,0.28,
01 03 2017,68.26,68.147,68.438,68.045,0.17,
01 04 2017,67.886,68.28,68.3,67.85,-0.55,
01 05 2017,67.743,67.895,68.013,67.73,-0.21,
01 06 2017,68.115,67.755,68.198,67.755,0.55,
01 09 2017,68.1,68.116,68.305,68.07,-0.02,
01 10 2017,68.327,68.11,68.351,67.988,0.33,
01 11 2017,68.312,68.37,68.546,68.223,-0.02,
01 12 2017,68.141,68.195,68.196,67.95,-0.25,
1 13 2017,68.18,68.15,68.29,68.097,0.06,
1 16 2017,68.103,68.168,68.28,68.07,-0.11,
1 17 2017,67.862,68.103,68.158,67.855,-0.35,
1 18 2017,68.22,67.853,68.22,67.853,0.53,
1 19 2017,68.1,68.222,68.319,68.069,-0.18,
1 20 2017,68.075,68.115,68.295,67.978,-0.04,
1 23 2017,68.051,68.081,68.233,68,-0.04,
1 24 2017,68.138,68.05,68.18,68.04,0.13,
1 25 2017,67.988,68.137,68.2,67.97,-0.22,
1 26 2017,68.176,67.985,68.234,67.965,0.28,
1 27 2017,68.105,68.191,68.255,68.015,-0.1,
1 30 2017,67.829,68.106,68.12,67.755,-0.41,
1 31 2017,67.515,67.844,67.918,67.455,-0.46,
02 01 2017,67.415,67.669,67.704,67.415,-0.15,
02 02 2017,67.21,67.385,67.51,67.21,-0.3,
02 03 2017,67.184,67.209,67.429,67.184,-0.04,
02 06 2017,67.195,67.225,67.255,67.145,0.02,
02 07 2017,67.35,67.2,67.465,67.2,0.23,
02 08 2017,67.05,67.385,67.385,67.05,-0.45,
02 09 2017,66.765,67.065,67.088,66.725,-0.43,
02 10 2017,66.854,66.851,67.021,66.801,0.13,
2 13 2017,66.975,66.952,67.087,66.947,0.18,
2 14 2017,66.835,66.925,67,66.805,-0.21,
2 15 2017,66.875,66.945,67.005,66.875,0.06,
2 16 2017,67.08,66.96,67.135,66.915,0.31,
2 17 2017,67.08,67.14,67.167,67,0,
2 20 2017,66.905,67.07,67.07,66.905,-0.26,
2 21 2017,66.985,66.99,67.025,66.947,0.12,
2 22 2017,66.95,67.007,67.067,66.927,-0.05,
2 23 2017,66.69,66.905,66.965,66.69,-0.39,
2 24 2017,66.645,66.656,66.705,66.615,-0.07,
2 27 2017,66.7,66.72,66.78,66.65,0.08,
2 28 2017,66.725,66.765,66.835,66.645,0.04,
03 01 2017,66.865,66.715,66.915,66.715,0.21,
03 02 2017,66.785,66.782,66.808,66.69,-0.12,
03 03 2017,66.78,66.9,66.91,66.78,-0.01,
03 06 2017,66.675,66.8,66.8,66.66,-0.16,
03 07 2017,66.625,66.68,66.7,66.595,-0.07,terrorist attack
03 08 2017,66.765,66.633,66.77,66.63,0.21,
03 09 2017,66.69,66.837,66.875,66.665,-0.11,
03 10 2017,66.555,66.745,66.745,66.555,-0.2,
3 13 2017,66.18,66.15,66.19,66.15,-0.56,
3 14 2017,65.775,66.225,66.265,65.75,-0.61,
3 15 2017,65.63,65.77,65.79,65.42,-0.22,
3 16 2017,65.385,65.405,65.535,65.255,-0.37,
3 17 2017,65.475,65.485,65.675,65.405,0.14,
3 20 2017,65.345,65.425,65.495,65.315,-0.2,
3 21 2017,65.345,65.424,65.475,65.234,0,
3 22 2017,65.455,65.585,65.59,65.395,0.17,
3 23 2017,65.455,65.425,65.588,65.4,0,
3 24 2017,65.425,65.505,65.545,65.385,-0.05,
3 27 2017,64.995,65.295,65.295,64.98,-0.66,
3 28 2017,65.045,65.11,65.135,65.04,0.08,
3 29 2017,64.875,65.125,65.125,64.865,-0.26,
3 30 2017,64.86,64.85,64.99,64.85,-0.02,
3 31 2017,64.86,64.93,64.99,64.8,0,
04 03 2017,64.985,64.825,65.11,64.785,0.19,
04 04 2017,65.08,65.15,65.15,65.07,0.15,
04 05 2017,64.875,65.075,65.175,64.875,-0.31,
04 06 2017,64.606,65.044,65.059,64.504,-0.41,
04 07 2017,64.27,64.599,64.744,64.154,-0.52,
04 10 2017,64.605,64.325,64.61,64.325,0.52,
04 11 2017,64.555,64.575,64.695,64.41,-0.08,
04 12 2017,64.69,64.625,64.73,64.535,0.21,
4 13 2017,64.445,64.455,64.493,64.272,-0.38,
4 14 2017,64.48,64.443,64.48,64.443,0.05,
4 17 2017,64.48,64.44,64.55,64.305,0,
4 18 2017,64.605,64.515,64.655,64.485,0.19,
4 19 2017,64.665,64.575,64.665,64.525,0.09,
4 20 2017,64.62,64.64,64.727,64.536,-0.07,
4 21 2017,64.65,64.66,64.69,64.565,0.05,
4 24 2017,64.49,64.537,64.542,64.41,-0.25,
4 25 2017,64.33,64.425,64.425,64.215,-0.25,
4 26 2017,64.13,64.32,64.33,63.94,-0.31,
4 27 2017,64.115,64.065,64.175,63.985,-0.02,
4 28 2017,64.29,64.13,64.4,64.13,0.27,
05 01 2017,64.255,64.285,64.285,64.255,-0.05,
05 02 2017,64.165,64.147,64.25,64.125,-0.14,
05 03 2017,64.165,64.14,64.2,64.115,0,
05 04 2017,64.215,64.195,64.25,64.18,0.08,
05 05 2017,64.315,64.235,64.395,64.235,0.16,
05 08 2017,64.36,64.26,64.385,64.21,0.07,
05 09 2017,64.68,64.44,64.705,64.44,0.5,
05 10 2017,64.615,64.694,64.694,64.555,-0.1,
05 11 2017,64.405,64.595,64.595,64.35,-0.33,
05 12 2017,64.243,64.305,64.377,64.243,-0.25,
5 15 2017,64.065,64.13,64.18,64.025,-0.28,
5 16 2017,64.045,64.075,64.165,64.04,-0.03,
5 17 2017,64.13,64,64.175,63.99,0.13,
5 18 2017,64.88,64.4,64.92,64.327,1.17,
5 19 2017,64.565,64.725,65.025,64.565,-0.49,
5 22 2017,64.51,64.53,64.655,64.46,-0.09,
5 23 2017,64.895,64.685,64.92,64.655,0.6,
5 24 2017,64.77,64.93,64.97,64.715,-0.19,
5 25 2017,64.555,64.578,64.65,64.48,-0.33,
5 26 2017,64.51,64.565,64.63,64.425,-0.07,
5 29 2017,64.54,64.485,64.595,64.455,0.05,
5 30 2017,64.635,64.645,64.707,64.605,0.15,
5 31 2017,64.51,64.605,64.605,64.46,-0.19,
06 01 2017,64.478,64.525,64.598,64.433,-0.05,floods
06 02 2017,64.415,64.345,64.52,64.345,-0.1,floods
06 05 2017,64.35,64.32,64.4,64.29,-0.1,floods
06 06 2017,64.43,64.34,64.485,64.315,0.12,floods
06 07 2017,64.435,64.515,64.535,64.315,0.01,floods
06 08 2017,64.25,64.41,64.43,64.208,-0.29,floods
06 09 2017,64.245,64.275,64.34,64.167,-0.01,floods
06 12 2017,64.48,64.35,64.49,64.32,0.37,floods
6 13 2017,64.345,64.455,64.515,64.345,-0.21,floods
6 14 2017,64.235,64.335,64.367,64.235,-0.17,floods
6 15 2017,64.565,64.295,64.62,64.26,0.51,floods
6 16 2017,64.465,64.69,64.75,64.405,-0.15,floods
6 19 2017,64.495,64.445,64.505,64.34,0.05,floods
6 20 2017,64.54,64.485,64.54,64.412,0.07,floods
6 21 2017,64.53,64.635,64.68,64.49,-0.02,floods
6 22 2017,64.605,64.545,64.63,64.455,0.12,floods
6 23 2017,64.505,64.585,64.618,64.445,-0.15,floods
6 26 2017,64.435,64.465,64.465,64.435,-0.11,floods
6 27 2017,64.475,64.485,64.545,64.405,0.06,floods
6 28 2017,64.525,64.575,64.66,64.51,0.08,floods
6 29 2017,64.66,64.455,64.69,64.442,0.21,floods
6 30 2017,64.62,64.73,64.84,64.575,-0.06,floods
07 03 2017,64.845,64.655,64.91,64.635,0.35,floods
07 04 2017,64.79,64.805,64.897,64.705,-0.08,floods
07 05 2017,64.8,64.705,64.865,64.675,0.02,floods
07 06 2017,64.725,64.755,64.808,64.705,-0.12,floods
07 07 2017,64.625,64.775,64.775,64.54,-0.15,floods
07 10 2017,64.475,64.585,64.597,64.475,-0.23,floods
07 11 2017,64.565,64.465,64.605,64.46,0.14,"floods,terrorist attack"
07 12 2017,64.475,64.535,64.6,64.475,-0.14,floods
7 13 2017,64.46,64.398,64.475,64.398,-0.02,floods
7 14 2017,64.424,64.488,64.525,64.424,-0.06,floods
7 17 2017,64.345,64.365,64.407,64.345,-0.12,floods
7 18 2017,64.316,64.37,64.415,64.316,-0.05,floods
7 19 2017,64.27,64.37,64.37,64.26,-0.07,floods
7 20 2017,64.375,64.345,64.46,64.325,0.16,floods
7 21 2017,64.385,64.385,64.39,64.305,0.02,floods
7 24 2017,64.395,64.415,64.465,64.3,0.02,floods
7 25 2017,64.385,64.355,64.425,64.345,-0.02,floods
7 26 2017,64.355,64.472,64.487,64.355,-0.05,floods
7 27 2017,64.125,64.195,64.218,64.075,-0.36,floods
7 28 2017,64.115,64.195,64.245,64.11,-0.02,floods
7 31 2017,64.2,64.14,64.273,64.075,0.13,floods
08 01 2017,64.095,64.105,64.145,64.045,-0.16,floods
08 02 2017,63.635,64.125,64.135,63.595,-0.72,floods
08 03 2017,63.705,63.645,63.72,63.575,0.11,floods
08 04 2017,63.675,63.721,63.786,63.624,-0.05,floods
08 07 2017,63.84,63.73,63.865,63.668,0.26,floods
08 08 2017,63.692,63.755,63.785,63.62,-0.23,floods
08 09 2017,63.86,63.785,63.86,63.715,0.26,floods
08 10 2017,64.095,63.955,64.115,63.885,0.37,floods
08 11 2017,64.14,64.23,64.27,64.1,0.07,floods
8 14 2017,64.09,63.985,64.148,63.935,-0.08,floods
8 15 2017,64.12,64.11,64.12,64.11,0.05,floods
8 16 2017,64.17,64.275,64.328,64.14,0.08,floods
8 17 2017,64.17,64.17,64.17,64.17,0,floods
8 18 2017,64.095,64.185,64.185,64.082,-0.12,floods
8 21 2017,64.11,64.075,64.157,64.015,0.02,floods
8 22 2017,64.072,64.095,64.15,64.05,-0.06,floods
8 23 2017,64.045,64.045,64.147,64.045,-0.04,floods
8 24 2017,64.045,64.04,64.09,64.005,0,floods
8 25 2017,64.005,64.055,64.065,64.005,-0.06,floods
8 28 2017,63.905,63.89,63.93,63.855,-0.16,floods
8 29 2017,64.015,63.955,64.037,63.925,0.17,floods
8 30 2017,63.99,63.975,64.02,63.875,-0.04,floods
8 31 2017,63.935,64.035,64.06,63.895,-0.09,floods
09 01 2017,64.025,63.925,64.055,63.875,0.14,
09 04 2017,64.04,63.945,64.178,63.935,0.02,
09 05 2017,64.105,64.105,64.162,64.08,0.1,
09 06 2017,64.06,64.105,64.262,64.06,-0.07,
09 07 2017,64.015,64.042,64.055,63.98,-0.07,
09 08 2017,63.785,63.87,63.96,63.78,-0.36,
09 11 2017,63.935,63.905,63.94,63.838,0.24,
09 12 2017,64.031,63.985,64.055,63.935,0.15,
9 13 2017,64.01,63.99,64.05,63.97,-0.03,
9 14 2017,64.123,64.168,64.172,64.062,0.18,
9 15 2017,64.11,64.145,64.145,64.042,-0.02,
9 18 2017,64.158,64.055,64.168,64.002,0.07,
9 19 2017,64.3,64.19,64.35,64.13,0.22,
9 20 2017,64.293,64.245,64.435,64.245,-0.01,
9 21 2017,64.81,64.515,64.855,64.45,0.8,
9 22 2017,64.795,64.805,65.155,64.755,-0.02,
9 25 2017,65.127,64.845,65.175,64.725,0.51,
9 26 2017,65.46,65.245,65.49,65.155,0.51,
9 27 2017,65.715,65.365,65.755,65.345,0.39,
9 28 2017,65.47,65.835,65.9,65.47,-0.37,
9 29 2017,65.31,65.352,65.465,65.235,-0.24,
10 02 2017,65.31,65.31,65.31,65.31,0,
10 03 2017,65.485,65.595,65.638,65.465,0.27,
10 04 2017,65.03,65.345,65.385,64.95,-0.69,
10 05 2017,65.145,65.095,65.195,64.975,0.18,
10 06 2017,65.4,65.2,65.405,65.2,0.39,
10 09 2017,65.355,65.375,65.43,65.275,-0.07,
10 10 2017,65.25,65.355,65.38,65.205,-0.16,
10 11 2017,65.16,65.26,65.325,65.13,-0.14,
10 12 2017,65.06,65.16,65.165,65.035,-0.15,
10 13 2017,64.7,64.955,64.965,64.7,-0.55,
10 16 2017,64.7,64.745,64.77,64.69,0,
10 17 2017,65.03,64.795,65.04,64.795,0.51,
10 18 2017,65.055,64.995,65.17,64.965,0.04,
10 19 2017,64.995,65.033,65.08,64.995,-0.09,
10 20 2017,65.04,65,65.045,64.995,0.07,
10 23 2017,65.022,65.075,65.115,64.98,-0.03,
10 24 2017,65.09,64.98,65.125,64.9,0.1,
10 25 2017,64.925,65.145,65.2,64.885,-0.25,
10 26 2017,64.84,64.785,64.92,64.73,-0.13,
10 27 2017,65.04,65.025,65.11,64.965,0.31,
10 30 2017,64.86,64.89,64.96,64.8,-0.28,
10 31 2017,64.75,64.84,64.85,64.73,-0.17,
11 01 2017,64.565,64.705,64.705,64.51,-0.29,power plant explosion
11 02 2017,64.575,64.535,64.675,64.475,0.02,
11 03 2017,64.56,64.58,64.65,64.52,-0.02,
11 06 2017,64.625,64.665,64.743,64.625,0.1,
11 07 2017,65.145,64.601,65.165,64.592,0.8,
,,,,,,
,Highest:68.909,Lowest:58.265,Difference:10.644,Average:64.351,Change %:5.396,
