Date,Price,Open,High,Low,Change
01 01 2014,10.2264,10.2108,10.2404,10.2078,0.16
01 02 2014,10.2915,10.2213,10.3153,10.2007,0.64
01 03 2014,10.2767,10.3021,10.3404,10.2677,-0.14
01 06 2014,10.2954,10.2736,10.3185,10.2697,0.18
01 07 2014,10.2963,10.2942,10.3241,10.2929,0.01
01 08 2014,10.2731,10.2924,10.2984,10.257,-0.23
01 09 2014,10.2552,10.2705,10.2805,10.2328,-0.17
01 10 2014,10.2291,10.2537,10.2611,10.2129,-0.25
01 13 2014,10.1807,10.2386,10.2443,10.1605,-0.47
01 14 2014,10.1785,10.1731,10.1806,10.162,-0.02
01 15 2014,10.1852,10.1759,10.2054,10.1519,0.07
01 16 2014,10.1623,10.1743,10.1953,10.156,-0.22
01 17 2014,10.1723,10.1622,10.174,10.1266,0.1
01 20 2014,10.1814,10.1684,10.1883,10.164,0.09
01 21 2014,10.2279,10.1818,10.238,10.1518,0.46
01 22 2014,10.216,10.2237,10.2523,10.1971,-0.12
01 23 2014,10.2339,10.2118,10.2507,10.2103,0.18
01 24 2014,10.3648,10.2356,10.373,10.2314,1.28
01 27 2014,10.4339,10.3662,10.4703,10.3569,0.67
01 28 2014,10.3415,10.4298,10.4443,10.3287,-0.89
01 29 2014,10.3169,10.3376,10.3404,10.2492,-0.24
01 30 2014,10.3226,10.3161,10.385,10.3078,0.06
01 31 2014,10.3424,10.2938,10.354,10.2856,0.19
02 03 2014,10.3226,10.3433,10.3598,10.3185,-0.19
02 04 2014,10.3168,10.335,10.3671,10.3074,-0.06
02 05 2014,10.3284,10.2905,10.3317,10.2856,0.11
02 06 2014,10.2921,10.2872,10.3202,10.2856,-0.35
02 07 2014,10.2756,10.2877,10.2938,10.2648,-0.16
02 10 2014,10.3072,10.2838,10.3155,10.2414,0.31
02 11 2014,10.2672,10.3043,10.3088,10.2597,-0.39
02 12 2014,10.2427,10.2639,10.2689,10.2319,-0.24
02 13 2014,10.295,10.2357,10.3017,10.2204,0.51
02 14 2014,10.1956,10.2971,10.2986,10.1927,-0.97
02 17 2014,10.1987,10.194,10.2394,10.194,0.03
02 18 2014,10.2483,10.1959,10.2698,10.1928,0.49
02 19 2014,10.2429,10.2464,10.2484,10.2277,-0.05
02 20 2014,10.231,10.2307,10.2653,10.2245,-0.12
02 21 2014,10.2012,10.2137,10.2183,10.1852,-0.29
02 24 2014,10.1789,10.1988,10.2001,10.1563,-0.22
02 25 2014,10.1208,10.1355,10.1608,10.0975,-0.57
02 26 2014,10.1204,10.1014,10.1318,10.0924,0
02 27 2014,10.116,10.117,10.1259,10.1002,-0.04
02 28 2014,10.056,10.1145,10.1157,10.0421,-0.59
03 03 2014,10.0948,10.055,10.1021,10.0317,0.39
03 04 2014,10.0765,10.0931,10.1071,10.0563,-0.18
03 05 2014,10.0771,10.0731,10.1007,10.0587,0.01
03 06 2014,9.9885,10.082,10.1048,9.9856,-0.88
03 07 2014,9.9714,10.0036,10.0151,9.9535,-0.17
03 10 2014,9.912,9.9401,9.9857,9.9018,-0.6
03 11 2014,9.9256,9.9172,9.9304,9.8771,0.14
03 12 2014,9.9625,9.924,9.9747,9.9123,0.37
03 13 2014,9.9696,9.972,9.9758,9.9194,0.07
03 14 2014,9.9516,9.9608,10.0139,9.926,-0.18
03 17 2014,9.8881,9.9501,9.9521,9.8828,-0.64
03 18 2014,9.8699,9.8672,9.886,9.8344,-0.18
03 19 2014,9.842,9.858,9.8762,9.8283,-0.28
03 20 2014,9.8498,9.8118,9.8613,9.7865,0.08
03 21 2014,9.7831,9.8454,9.8605,9.7819,-0.68
03 24 2014,9.8098,9.7891,9.8179,9.7516,0.27
03 25 2014,9.753,9.8238,9.8395,9.7446,-0.58
03 26 2014,9.6861,9.7423,9.7447,9.6709,-0.69
03 27 2014,9.6968,9.6735,9.7145,9.671,0.11
03 28 2014,9.6407,9.6952,9.7009,9.6061,-0.58
03 31 2014,9.6531,9.6372,9.6539,9.6131,0.13
04 01 2014,9.6691,9.6502,9.6826,9.6502,0.17
04 02 2014,9.6533,9.6678,9.6841,9.6009,-0.16
04 03 2014,9.6881,9.6473,9.7091,9.6376,0.36
04 04 2014,9.672,9.6854,9.7148,9.6687,-0.17
04 07 2014,9.6768,9.6414,9.6985,9.6189,0.05
04 08 2014,9.6969,9.6752,9.7057,9.6752,0.21
04 09 2014,9.6999,9.703,9.7128,9.6546,0.03
04 10 2014,9.6699,9.6992,9.7163,9.6636,-0.31
04 11 2014,9.6887,9.6734,9.7126,9.6645,0.19
04 14 2014,9.6887,9.688,9.6918,9.6737,0
04 15 2014,9.681,9.687,9.699,9.6746,-0.08
04 16 2014,9.7044,9.6792,9.7125,9.6693,0.24
04 17 2014,9.6952,9.702,9.7265,9.6897,-0.09
04 18 2014,9.6871,9.6911,9.6944,9.6752,-0.08
04 21 2014,9.7304,9.6811,9.7336,9.6765,0.45
04 22 2014,9.7418,9.7235,9.7611,9.7174,0.12
04 23 2014,9.7946,9.7411,9.8067,9.7274,0.54
04 24 2014,9.7793,9.7789,9.7867,9.7644,-0.16
04 25 2014,9.6975,9.7689,9.7794,9.68,-0.84
04 28 2014,9.6993,9.69,9.7221,9.6682,0.02
04 29 2014,9.6556,9.6978,9.7016,9.6368,-0.45
04 30 2014,9.6408,9.6536,9.6571,9.6174,-0.15
05 01 2014,9.6288,9.6268,9.6288,9.6268,-0.12
05 02 2014,9.6152,9.6204,9.6312,9.5997,-0.14
05 05 2014,9.6453,9.6215,9.6469,9.6051,0.31
05 06 2014,9.635,9.6437,9.6699,9.6306,-0.11
05 07 2014,9.6281,9.6311,9.6626,9.6159,-0.07
05 08 2014,9.6178,9.6242,9.6499,9.6118,-0.11
05 09 2014,9.6288,9.6147,9.6489,9.6054,0.11
05 12 2014,9.628,9.6179,9.6376,9.547,-0.01
05 13 2014,9.5463,9.6108,9.6147,9.5423,-0.85
05 14 2014,9.5498,9.5451,9.5556,9.5256,0.04
05 15 2014,9.5439,9.5357,9.5737,9.4826,-0.06
05 16 2014,9.3985,9.5251,9.5279,9.3957,-1.52
05 19 2014,9.3588,9.3957,9.3999,9.354,-0.42
05 20 2014,9.3923,9.3569,9.4299,9.3541,0.36
05 21 2014,9.4157,9.3893,9.4422,9.3864,0.25
05 22 2014,9.348,9.4147,9.4196,9.3404,-0.72
05 23 2014,9.3842,9.3446,9.3866,9.3389,0.39
05 26 2014,9.4103,9.3832,9.444,9.3643,0.28
05 27 2014,9.4486,9.4091,9.4627,9.3947,0.41
05 28 2014,9.4252,9.4303,9.4636,9.4028,-0.25
05 29 2014,9.4453,9.422,9.4718,9.4034,0.21
05 30 2014,9.4744,9.4401,9.4744,9.4366,0.31
06 02 2014,9.468,9.458,9.4872,9.4516,-0.07
06 03 2014,9.4874,9.4532,9.5021,9.4532,0.2
06 04 2014,9.4842,9.4908,9.5065,9.4656,-0.03
06 05 2014,9.4713,9.4803,9.4955,9.4591,-0.14
06 06 2014,9.4672,9.4523,9.4899,9.4427,-0.04
06 09 2014,9.4875,9.4542,9.4883,9.4509,0.21
06 10 2014,9.5132,9.473,9.5309,9.473,0.27
06 11 2014,9.5278,9.5084,9.5324,9.5012,0.15
06 12 2014,9.5352,9.5079,9.5488,9.5,0.08
06 13 2014,9.6159,9.5321,9.632,9.5321,0.85
06 16 2014,9.6652,9.6117,9.6942,9.6015,0.51
06 17 2014,9.6889,9.6484,9.7167,9.6384,0.25
06 18 2014,9.6768,9.6673,9.7161,9.6384,-0.12
06 19 2014,9.6474,9.6632,9.6732,9.6084,-0.3
06 20 2014,9.6675,9.6459,9.6919,9.6437,0.21
06 23 2014,9.6635,9.6627,9.6868,9.6398,-0.04
06 24 2014,9.6548,9.6499,9.662,9.6392,-0.09
06 25 2014,9.6377,9.6527,9.6889,9.6352,-0.18
06 26 2014,9.6738,9.6272,9.6818,9.6268,0.37
06 27 2014,9.6559,9.6707,9.6826,9.6527,-0.19
06 30 2014,9.6811,9.6527,9.7167,9.6519,0.26
07 01 2014,9.6871,9.6825,9.705,9.6803,0.06
07 02 2014,9.6114,9.6815,9.6831,9.5933,-0.78
07 03 2014,9.6168,9.6106,9.6345,9.574,0.06
07 04 2014,9.6268,9.6133,9.6437,9.607,0.1
07 07 2014,9.6642,9.6264,9.6832,9.6237,0.39
07 08 2014,9.6356,9.6615,9.6717,9.615,-0.3
07 09 2014,9.6397,9.6324,9.6745,9.6261,0.04
07 10 2014,9.7045,9.6252,9.7093,9.6115,0.67
07 11 2014,9.6871,9.6884,9.7159,9.6571,-0.18
07 14 2014,9.6882,9.6849,9.7026,9.6498,0.01
07 15 2014,9.6851,9.6742,9.7023,9.6576,-0.03
07 16 2014,9.6913,9.6852,9.708,9.6766,0.06
07 17 2014,9.7013,9.6736,9.7047,9.6714,0.1
07 18 2014,9.7109,9.6986,9.7455,9.6964,0.1
07 21 2014,9.7024,9.7093,9.7177,9.693,-0.09
07 22 2014,9.6897,9.7017,9.7219,9.6857,-0.13
07 23 2014,9.6825,9.6851,9.7127,9.6695,-0.07
07 24 2014,9.7059,9.6703,9.7123,9.6655,0.24
07 25 2014,9.7002,9.6917,9.7144,9.6878,-0.06
07 28 2014,9.7115,9.6972,9.7244,9.6972,0.12
07 29 2014,9.729,9.7108,9.7306,9.7099,0.18
07 30 2014,9.7327,9.724,9.7513,9.7206,0.04
07 31 2014,9.8081,9.7315,9.8097,9.7225,0.77
08 01 2014,9.9056,9.8068,9.9072,9.8017,0.99
08 04 2014,9.864,9.9024,9.9041,9.8527,-0.42
08 05 2014,9.8611,9.8527,9.8776,9.8335,-0.03
08 06 2014,9.9789,9.8576,9.9829,9.8573,1.19
08 07 2014,9.939,9.9619,9.9903,9.933,-0.4
08 08 2014,9.9322,9.9378,10.0271,9.929,-0.07
08 11 2014,9.9415,9.9209,9.9562,9.9157,0.09
08 12 2014,9.9196,9.9316,9.9448,9.9164,-0.22
08 13 2014,9.9284,9.918,9.9608,9.9111,0.09
08 14 2014,9.8765,9.924,9.9311,9.8749,-0.52
08 15 2014,9.8873,9.8795,9.8995,9.8779,0.11
08 18 2014,9.8941,9.8845,9.8951,9.8811,0.07
08 19 2014,9.8798,9.8906,9.9013,9.8701,-0.14
08 20 2014,9.8721,9.8753,9.9055,9.8501,-0.08
08 21 2014,9.8635,9.8609,9.885,9.8497,-0.09
08 22 2014,9.8301,9.8506,9.8532,9.7986,-0.34
08 25 2014,9.8417,9.8248,9.8445,9.8142,0.12
08 26 2014,9.8227,9.8297,9.8452,9.8214,-0.19
08 27 2014,9.8409,9.8276,9.8448,9.8226,0.19
08 28 2014,9.8489,9.8387,9.8811,9.8255,0.08
08 29 2014,9.8513,9.8473,9.8573,9.8402,0.02
09 01 2014,9.8551,9.8483,9.8581,9.8324,0.04
09 02 2014,9.8703,9.8415,9.8759,9.8321,0.15
09 03 2014,9.8501,9.8561,9.8762,9.8224,-0.2
09 04 2014,9.833,9.8584,9.8601,9.8309,-0.17
09 05 2014,9.8355,9.8234,9.8534,9.8234,0.03
09 08 2014,9.816,9.8176,9.8241,9.8026,-0.2
09 09 2014,9.8762,9.8121,9.886,9.8108,0.61
09 10 2014,9.9406,9.8808,9.9593,9.8803,0.65
09 11 2014,9.9397,9.9243,9.9405,9.9038,-0.01
09 12 2014,9.8873,9.9364,9.95,9.8844,-0.53
09 15 2014,9.9487,9.8861,9.9601,9.8758,0.62
09 16 2014,9.9349,9.935,9.952,9.9202,-0.14
09 17 2014,9.9227,9.9338,9.9444,9.9055,-0.12
09 18 2014,9.8918,9.9184,9.965,9.8885,-0.31
09 19 2014,9.9104,9.887,9.9169,9.8864,0.19
09 22 2014,9.925,9.8961,9.925,9.8928,0.15
09 23 2014,9.9474,9.9218,9.9474,9.9114,0.23
09 24 2014,9.9314,9.9438,9.9555,9.9192,-0.16
09 25 2014,9.996,9.9283,10.0098,9.9204,0.65
09 26 2014,9.9794,9.9927,10.0472,9.9566,-0.17
09 29 2014,10.0098,9.9778,10.0195,9.9581,0.3
09 30 2014,10.0904,10.0023,10.0904,10.0008,0.81
10 01 2014,10.0554,10.07,10.0945,10.0305,-0.35
10 02 2014,10.026,10.0521,10.0545,10.0236,-0.29
10 03 2014,10.0252,10.0228,10.0252,10.0228,-0.01
10 06 2014,10.0252,10.0228,10.0252,10.0228,0
10 07 2014,9.9862,10.009,10.0154,9.9788,-0.39
10 08 2014,9.9951,9.9829,10.0268,9.9829,0.09
10 09 2014,9.9597,10.0042,10.0071,9.9297,-0.35
10 10 2014,9.9959,9.9568,10.0088,9.9483,0.36
10 13 2014,9.96,9.993,10.0088,9.9567,-0.36
10 14 2014,10.0236,9.9576,10.0367,9.9477,0.64
10 15 2014,10.0198,10.0065,10.0274,9.9896,-0.04
10 16 2014,10.0992,10.0217,10.1155,10.0206,0.79
10 17 2014,10.0205,10.0841,10.0868,10.017,-0.78
10 20 2014,10,10.0096,10.0244,9.9876,-0.2
10 21 2014,9.9902,9.9985,10.0274,9.982,-0.1
10 22 2014,10.0028,9.9779,10.0217,9.9633,0.13
10 23 2014,9.996,9.9943,10.0026,9.9793,-0.07
10 24 2014,10,9.9935,10.0013,9.9882,0.04
10 27 2014,10.0229,9.9985,10.0344,9.9964,0.23
10 28 2014,10.0091,10.0114,10.0457,10.001,-0.14
10 29 2014,10.0292,10.0054,10.0434,10.0054,0.2
10 30 2014,10.0482,10.0259,10.0687,10.0175,0.19
10 31 2014,10.0456,10.0327,10.08,10.0204,-0.03
11 03 2014,10.0388,10.0351,10.0559,10.0208,-0.07
11 04 2014,10.0396,10.0265,10.043,10.0196,0.01
11 05 2014,10.0482,10.0278,10.0663,10.0162,0.09
11 06 2014,10.0622,10.0425,10.0648,10.0409,0.14
11 07 2014,10.0478,10.0496,10.0771,10.0416,-0.14
11 10 2014,10.0474,10.0359,10.0613,10.0237,0
11 11 2014,10.0441,10.0433,10.0662,10.0397,-0.03
11 12 2014,10.0184,10.0461,10.0503,10.0152,-0.26
11 13 2014,10.0574,10.0153,10.0587,10.0135,0.39
11 14 2014,10.0686,10.0604,10.0922,10.0449,0.11
11 17 2014,10.0958,10.0659,10.0958,10.0581,0.27
11 18 2014,10.0837,10.0785,10.1063,10.0751,-0.12
11 19 2014,10.1226,10.081,10.1327,10.081,0.39
11 20 2014,10.1135,10.1185,10.1604,10.1045,-0.09
11 21 2014,10.0846,10.1172,10.1189,10.0793,-0.29
11 24 2014,10.0722,10.0754,10.0908,10.0471,-0.12
11 25 2014,10.0815,10.0618,10.1052,10.0617,0.09
11 26 2014,10.0659,10.0799,10.0934,10.0611,-0.15
11 27 2014,10.0764,10.0538,10.089,10.0536,0.1
11 28 2014,10.1268,10.0665,10.1333,10.0403,0.5
12 01 2014,10.0708,10.1003,10.1259,10.0683,-0.55
12 02 2014,10.0488,10.061,10.0863,10.0472,-0.22
12 03 2014,10.0587,10.046,10.0751,10.0388,0.1
12 04 2014,10.0396,10.0541,10.0752,10.0364,-0.19
12 05 2014,10.0677,10.0364,10.0677,10.0364,0.28
12 08 2014,10.0154,10.0614,10.0723,10.013,-0.52
12 09 2014,10.0005,10.0138,10.0229,9.9567,-0.15
12 10 2014,10.0566,9.9838,10.0589,9.9613,0.56
12 11 2014,10.096,10.044,10.096,10.0356,0.39
12 12 2014,10.106,10.058,10.1076,10.0316,0.1
12 15 2014,10.2051,10.085,10.2051,10.0554,0.98
12 16 2014,10.2851,10.1599,10.2851,10.1315,0.78
12 17 2014,10.2509,10.2617,10.3174,10.242,-0.33
12 18 2014,10.136,10.2483,10.2508,10.1327,-1.12
12 19 2014,10.1683,10.1314,10.1836,10.1043,0.32
12 22 2014,10.1631,10.167,10.1752,10.1399,-0.05
12 23 2014,10.1898,10.1591,10.2052,10.1477,0.26
12 24 2014,10.22,10.1855,10.2273,10.1683,0.3
12 25 2014,10.2501,10.2188,10.2587,10.2137,0.29
12 26 2014,10.2308,10.2429,10.2598,10.2182,-0.19
12 29 2014,10.2322,10.2322,10.2394,10.2092,0.01
12 30 2014,10.2201,10.2314,10.2715,10.2093,-0.12
12 31 2014,10.157,10.2092,10.2401,10.1537,-0.62
01 01 2015,10.2085,10.1762,10.2246,10.1762,0.51
01 02 2015,10.1972,10.2181,10.2323,10.1875,-0.11
01 05 2015,10.1831,10.1748,10.2089,10.1666,-0.14
01 06 2015,10.2325,10.1825,10.2407,10.1812,0.49
01 07 2015,10.1852,10.23,10.2433,10.1655,-0.46
01 08 2015,10.0852,10.181,10.1822,10.0711,-0.98
01 09 2015,10.0431,10.09,10.0988,10.032,-0.42
01 12 2015,10.0069,10.0411,10.0616,10.0029,-0.36
01 13 2015,10.0008,10.005,10.0355,9.9968,-0.06
01 14 2015,10.0219,9.9968,10.0445,9.9968,0.21
01 15 2015,10.0307,10.0224,10.0372,9.9354,0.09
01 16 2015,9.9678,10.0168,10.028,9.9501,-0.63
01 19 2015,9.9116,9.9439,9.9577,9.907,-0.56
01 20 2015,9.9219,9.9085,9.9592,9.9014,0.1
01 21 2015,9.9107,9.9148,9.9291,9.898,-0.11
01 22 2015,9.9223,9.9074,9.9485,9.8969,0.12
01 23 2015,9.8644,9.9043,9.9087,9.8598,-0.58
01 26 2015,9.8305,9.836,9.8424,9.8159,-0.34
01 27 2015,9.8358,9.8273,9.8487,9.8164,0.05
01 28 2015,9.8204,9.8345,9.8519,9.8069,-0.16
01 29 2015,9.8936,9.8177,9.9224,9.8102,0.75
01 30 2015,9.9232,9.8926,9.9256,9.8684,0.3
02 02 2015,9.8598,9.9183,9.9284,9.846,-0.64
02 03 2015,9.843,9.8581,9.8841,9.8358,-0.17
02 04 2015,9.8984,9.8407,9.9093,9.8403,0.56
02 05 2015,9.87,9.896,9.9068,9.8627,-0.29
02 06 2015,9.9247,9.8676,9.9335,9.8674,0.55
02 09 2015,9.9486,9.9364,9.9597,9.9138,0.24
02 10 2015,9.9867,9.9466,9.9942,9.9159,0.38
02 11 2015,9.9928,9.9843,10.001,9.9497,0.06
02 12 2015,9.9527,9.9904,10.0122,9.9307,-0.4
02 13 2015,9.9475,9.9488,9.9707,9.9364,-0.05
02 16 2015,9.9391,9.9515,9.9623,9.9347,-0.08
02 17 2015,9.937,9.9371,9.9602,9.9207,-0.02
02 18 2015,9.921,9.9347,9.9696,9.9103,-0.16
02 19 2015,9.934,9.9198,9.9391,9.9143,0.13
02 20 2015,9.9293,9.932,9.9583,9.9267,-0.05
02 23 2015,9.9379,9.9528,9.9647,9.9282,0.09
02 24 2015,9.9391,9.937,9.9695,9.9207,0.01
02 25 2015,9.8831,9.9239,9.9296,9.8776,-0.56
02 26 2015,9.8629,9.8826,9.9045,9.8516,-0.2
02 27 2015,9.8346,9.8626,9.8822,9.8327,-0.29
03 02 2015,9.8624,9.8414,9.8844,9.8354,0.28
03 03 2015,9.8527,9.8601,9.8771,9.8431,-0.1
03 04 2015,9.9367,9.8507,9.9498,9.828,0.85
03 05 2015,9.9554,9.9344,9.9632,9.9143,0.19
03 06 2015,9.9736,9.9554,9.9741,9.9424,0.18
03 09 2015,9.999,9.9737,10.0236,9.9607,0.25
03 10 2015,10.016,9.9977,10.0345,9.9853,0.17
03 11 2015,10.0252,10.014,10.0398,10.0099,0.09
03 12 2015,9.9869,10.0214,10.0279,9.9623,-0.38
03 13 2015,10.0781,9.9868,10.0849,9.972,0.91
03 16 2015,10.0248,10.0757,10.0859,10.0207,-0.53
03 17 2015,10.0206,10.0224,10.0502,10.016,-0.04
03 18 2015,10.0653,10.0225,10.0796,10.0182,0.45
03 19 2015,10.0855,10.0637,10.132,10.0629,0.2
03 20 2015,10.0576,10.0834,10.117,10.0468,-0.28
03 23 2015,10.0145,10.0545,10.0669,10.0113,-0.43
03 24 2015,10.0479,10.0105,10.0596,10.0084,0.33
03 25 2015,10.0469,10.0448,10.0536,10.0201,-0.01
03 26 2015,10.1172,10.0473,10.1183,10.0473,0.7
03 27 2015,10.06,10.1155,10.1179,10.037,-0.57
03 30 2015,10.0708,10.0594,10.1015,10.0569,0.11
03 31 2015,10.0478,10.0691,10.1055,10.0429,-0.23
04 01 2015,10.0253,10.0454,10.0746,10.0213,-0.22
04 02 2015,10.0157,10.0258,10.0457,10.0104,-0.1
04 03 2015,10.004,10.0154,10.041,9.9977,-0.12
04 06 2015,10.0439,9.9968,10.0493,9.9968,0.4
04 07 2015,10.0542,10.0413,10.075,10.0372,0.1
04 08 2015,10.0276,10.0526,10.061,10.0159,-0.26
04 09 2015,10.0405,10.0245,10.0455,10.0137,0.13
04 10 2015,10.0307,10.0372,10.0525,10.0175,-0.1
04 13 2015,10.0386,10.0135,10.0657,10.0129,0.08
04 14 2015,10.0246,10.0355,10.0472,10.0132,-0.14
04 15 2015,10.0496,10.0267,10.0651,10.0218,0.25
04 16 2015,10.0573,10.0445,10.0732,10.0392,0.08
04 17 2015,10.0923,10.0532,10.0923,10.0503,0.35
04 20 2015,10.1818,10.0911,10.1866,10.0745,0.89
04 21 2015,10.1362,10.1798,10.1857,10.1169,-0.45
04 22 2015,10.168,10.138,10.1699,10.1196,0.31
04 23 2015,10.2109,10.1636,10.2356,10.1447,0.42
04 24 2015,10.2789,10.2094,10.2823,10.1981,0.67
04 27 2015,10.186,10.2739,10.2897,10.1834,-0.9
04 28 2015,10.1634,10.1816,10.2241,10.1566,-0.22
04 29 2015,10.2367,10.1602,10.2434,10.1588,0.72
04 30 2015,10.242,10.2311,10.276,10.2175,0.05
05 01 2015,10.2727,10.239,10.2728,10.2341,0.3
05 04 2015,10.2296,10.2651,10.2675,10.2272,-0.42
05 05 2015,10.2109,10.2347,10.2461,10.2001,-0.18
05 06 2015,10.2602,10.2099,10.2711,10.2057,0.48
05 07 2015,10.3234,10.2589,10.3584,10.2589,0.62
05 08 2015,10.2603,10.3211,10.3479,10.2484,-0.61
05 11 2015,10.3078,10.2562,10.3103,10.2562,0.46
05 12 2015,10.3315,10.3044,10.3706,10.3031,0.23
05 13 2015,10.317,10.3292,10.3573,10.2879,-0.14
05 14 2015,10.2205,10.3151,10.3251,10.2178,-0.94
05 15 2015,10.2222,10.2216,10.258,10.204,0.02
05 18 2015,10.2685,10.2193,10.2753,10.2165,0.45
05 19 2015,10.2734,10.2693,10.2873,10.2322,0.05
05 20 2015,10.2516,10.2742,10.2987,10.243,-0.21
05 21 2015,10.2601,10.2521,10.2816,10.2456,0.08
05 22 2015,10.2447,10.2565,10.2765,10.233,-0.15
05 25 2015,10.238,10.2461,10.2734,10.2338,-0.07
05 26 2015,10.3116,10.2342,10.3193,10.2338,0.72
05 27 2015,10.2924,10.3116,10.3411,10.2894,-0.19
05 28 2015,10.2824,10.2899,10.3227,10.2763,-0.1
05 29 2015,10.284,10.2835,10.3107,10.2694,0.02
06 01 2015,10.2579,10.2802,10.3059,10.2443,-0.25
06 02 2015,10.2755,10.2573,10.3209,10.254,0.17
06 03 2015,10.3257,10.2752,10.3392,10.2703,0.49
06 04 2015,10.315,10.3237,10.3642,10.3049,-0.1
06 05 2015,10.2797,10.3125,10.3273,10.2734,-0.34
06 08 2015,10.3048,10.2705,10.3423,10.269,0.24
06 09 2015,10.3148,10.3028,10.3275,10.2857,0.1
06 10 2015,10.2753,10.3161,10.3232,10.2723,-0.38
06 11 2015,10.3051,10.2758,10.3164,10.2683,0.29
06 12 2015,10.3249,10.3075,10.341,10.2911,0.19
06 15 2015,10.3212,10.3229,10.3423,10.3043,-0.04
06 16 2015,10.335,10.3174,10.3615,10.3036,0.13
06 17 2015,10.3083,10.3333,10.3551,10.3015,-0.26
06 18 2015,10.2414,10.3077,10.3121,10.2373,-0.65
06 19 2015,10.2264,10.2394,10.2865,10.2101,-0.15
06 22 2015,10.2301,10.2282,10.2408,10.2133,0.04
06 23 2015,10.2479,10.2281,10.262,10.2229,0.17
06 24 2015,10.2344,10.2432,10.2626,10.2249,-0.13
06 25 2015,10.2294,10.2347,10.2523,10.2215,-0.05
06 26 2015,10.2195,10.2277,10.2538,10.2158,-0.1
06 29 2015,10.2609,10.2275,10.299,10.2158,0.41
06 30 2015,10.257,10.2588,10.2866,10.2451,-0.04
07 01 2015,10.2476,10.2546,10.274,10.2417,-0.09
07 02 2015,10.2018,10.2454,10.2625,10.1992,-0.45
07 03 2015,10.2183,10.1994,10.2325,10.1994,0.16
07 06 2015,10.1888,10.2175,10.2513,10.1851,-0.29
07 07 2015,10.2217,10.1866,10.2388,10.1862,0.32
07 08 2015,10.2206,10.2196,10.2519,10.2169,-0.01
07 09 2015,10.1982,10.2181,10.242,10.1903,-0.22
07 10 2015,10.2038,10.1949,10.2251,10.194,0.05
07 13 2015,10.22,10.2024,10.2442,10.1953,0.16
07 14 2015,10.192,10.2178,10.2435,10.1877,-0.27
07 15 2015,10.2279,10.1897,10.2444,10.1897,0.35
07 16 2015,10.2203,10.2248,10.2355,10.2116,-0.07
07 17 2015,10.2249,10.2224,10.2341,10.2029,0.05
07 20 2015,10.242,10.2202,10.2661,10.2182,0.17
07 21 2015,10.2395,10.2399,10.2679,10.2305,-0.02
07 22 2015,10.2379,10.2352,10.2555,10.2229,-0.02
07 23 2015,10.2941,10.236,10.2956,10.2359,0.55
07 24 2015,10.3238,10.2919,10.3357,10.2765,0.29
07 27 2015,10.3393,10.3308,10.3503,10.3029,0.15
07 28 2015,10.2747,10.3419,10.3473,10.2618,-0.62
07 29 2015,10.2788,10.2714,10.2983,10.2683,0.04
07 30 2015,10.3287,10.2779,10.3323,10.2768,0.49
07 31 2015,10.3044,10.3293,10.3418,10.2827,-0.24
08 03 2015,10.3349,10.304,10.3371,10.2917,0.3
08 04 2015,10.274,10.3319,10.3351,10.2518,-0.59
08 05 2015,10.2569,10.2708,10.2954,10.2485,-0.17
08 06 2015,10.2617,10.2552,10.2777,10.2483,0.05
08 07 2015,10.2645,10.2599,10.3017,10.2551,0.03
08 10 2015,10.2699,10.262,10.2937,10.256,0.05
08 11 2015,10.1714,10.2679,10.2845,10.0718,-0.96
08 12 2015,10.1542,10.1705,10.1865,10.0047,-0.17
08 13 2015,10.1898,10.1486,10.2112,10.0468,0.35
08 14 2015,10.1894,10.192,10.2175,10.1561,0
08 17 2015,10.2328,10.1812,10.2368,10.1689,0.43
08 18 2015,10.237,10.231,10.2442,10.1758,0.04
08 19 2015,10.1801,10.2323,10.2353,10.1705,-0.56
08 20 2015,10.2416,10.1763,10.2834,10.1688,0.6
08 21 2015,10.3358,10.2387,10.3375,10.2355,0.92
08 24 2015,10.4326,10.3328,10.4329,10.3167,0.94
08 25 2015,10.3355,10.4367,10.4488,10.2675,-0.93
08 26 2015,10.2954,10.3328,10.35,10.2914,-0.39
08 27 2015,10.299,10.3128,10.3275,10.2709,0.03
08 28 2015,10.3545,10.2977,10.3719,10.2906,0.54
08 31 2015,10.4154,10.3498,10.4291,10.3462,0.59
09 01 2015,10.4302,10.4109,10.4431,10.3867,0.14
09 02 2015,10.4158,10.4262,10.4446,10.3891,-0.14
09 03 2015,10.3999,10.4118,10.4313,10.3871,-0.15
09 04 2015,10.4918,10.4003,10.5076,10.395,0.88
09 07 2015,10.5069,10.4951,10.5103,10.4526,0.14
09 08 2015,10.4118,10.4978,10.5111,10.4077,-0.91
09 09 2015,10.4454,10.4105,10.4503,10.3885,0.32
09 10 2015,10.3962,10.4465,10.4565,10.3942,-0.47
09 11 2015,10.3908,10.3959,10.4456,10.3862,-0.05
09 14 2015,10.4055,10.3868,10.44,10.3868,0.14
09 15 2015,10.4312,10.4043,10.44,10.3989,0.25
09 16 2015,10.3939,10.4275,10.4451,10.3847,-0.36
09 17 2015,10.3788,10.386,10.4171,10.3739,-0.15
09 18 2015,10.3496,10.3819,10.411,10.3144,-0.28
09 21 2015,10.314,10.3458,10.3589,10.2989,-0.34
09 22 2015,10.3371,10.313,10.3466,10.282,0.22
09 23 2015,10.3677,10.3341,10.3679,10.3204,0.3
09 24 2015,10.3567,10.3646,10.399,10.3417,-0.11
09 25 2015,10.3811,10.3525,10.3881,10.3525,0.24
09 28 2015,10.4051,10.3774,10.4061,10.363,0.23
09 29 2015,10.3459,10.4029,10.4401,10.3417,-0.57
09 30 2015,10.3061,10.3417,10.3769,10.2963,-0.38
10 01 2015,10.3257,10.3032,10.3334,10.3018,0.19
10 02 2015,10.2838,10.3227,10.3366,10.281,-0.41
10 05 2015,10.2475,10.2491,10.28,10.2321,-0.35
10 06 2015,10.2467,10.2474,10.2957,10.2448,-0.01
10 07 2015,10.2118,10.2446,10.2847,10.1956,-0.34
10 08 2015,10.2021,10.2144,10.2628,10.1993,-0.09
10 09 2015,10.2092,10.1994,10.2308,10.1928,0.07
10 12 2015,10.2475,10.207,10.2625,10.2017,0.38
10 13 2015,10.2642,10.2431,10.2791,10.2329,0.16
10 14 2015,10.1983,10.2638,10.2757,10.1934,-0.64
10 15 2015,10.2075,10.1942,10.2279,10.1942,0.09
10 16 2015,10.1853,10.2056,10.2289,10.1734,-0.22
10 19 2015,10.2073,10.1833,10.21,10.1735,0.22
10 20 2015,10.2426,10.2043,10.2498,10.1953,0.35
10 21 2015,10.2603,10.2404,10.2774,10.2359,0.17
10 22 2015,10.2013,10.2557,10.2642,10.1982,-0.58
10 23 2015,10.2208,10.2007,10.2328,10.1683,0.19
10 26 2015,10.2186,10.2301,10.2409,10.1937,-0.02
10 27 2015,10.2487,10.2146,10.2494,10.209,0.29
10 28 2015,10.214,10.2447,10.2483,10.1927,-0.34
10 29 2015,10.2961,10.2117,10.2967,10.2072,0.8
10 30 2015,10.3548,10.2913,10.3587,10.266,0.57
11 02 2015,10.3453,10.3515,10.3616,10.3111,-0.09
11 03 2015,10.3485,10.3443,10.3842,10.3189,0.03
11 04 2015,10.3552,10.3501,10.3588,10.3091,0.06
11 05 2015,10.3779,10.3532,10.3843,10.3223,0.22
11 06 2015,10.4108,10.3676,10.4108,10.347,0.32
11 09 2015,10.4485,10.3872,10.4569,10.3828,0.36
11 10 2015,10.4059,10.4465,10.4621,10.4018,-0.41
11 11 2015,10.3762,10.4027,10.4133,10.3664,-0.29
11 12 2015,10.371,10.3712,10.3898,10.3591,-0.05
11 13 2015,10.3642,10.3688,10.3928,10.3558,-0.07
11 16 2015,10.3412,10.3654,10.3884,10.3328,-0.22
11 17 2015,10.3441,10.3408,10.3634,10.3349,0.03
11 18 2015,10.342,10.3443,10.3878,10.338,-0.02
11 19 2015,10.3541,10.3418,10.3817,10.3379,0.12
11 20 2015,10.3458,10.3513,10.3806,10.3407,-0.08
11 23 2015,10.3918,10.3476,10.4058,10.3307,0.44
11 24 2015,10.37,10.3902,10.408,10.3657,-0.21
11 25 2015,10.3875,10.3658,10.3923,10.3657,0.17
11 26 2015,10.4178,10.3848,10.435,10.3812,0.29
11 27 2015,10.4626,10.4093,10.4629,10.4059,0.43
11 30 2015,10.3878,10.4489,10.4678,10.3798,-0.71
12 01 2015,10.3822,10.3861,10.4105,10.3726,-0.05
12 02 2015,10.4069,10.3802,10.4207,10.3801,0.24
12 03 2015,10.44,10.4063,10.457,10.4005,0.32
12 04 2015,10.4112,10.4381,10.472,10.4092,-0.28
12 07 2015,10.4199,10.4094,10.4346,10.3838,0.08
12 08 2015,10.4184,10.4188,10.4242,10.3913,-0.01
12 09 2015,10.4006,10.416,10.4197,10.3819,-0.17
12 10 2015,10.3695,10.3974,10.4139,10.3537,-0.3
12 11 2015,10.402,10.3662,10.402,10.3376,0.31
12 14 2015,10.3876,10.383,10.4011,10.3641,-0.14
12 15 2015,10.3487,10.3856,10.3891,10.3312,-0.37
12 16 2015,10.2692,10.346,10.3671,10.2592,-0.77
12 17 2015,10.2443,10.2628,10.2893,10.2156,-0.24
12 18 2015,10.2222,10.2389,10.2638,10.2141,-0.22
12 21 2015,10.2226,10.2281,10.244,10.2091,0
12 22 2015,10.2247,10.2214,10.2426,10.2111,0.02
12 23 2015,10.1944,10.2213,10.237,10.1864,-0.3
12 24 2015,10.1813,10.1937,10.2136,10.1773,-0.13
12 25 2015,10.1948,10.1774,10.208,10.1772,0.13
12 28 2015,10.1927,10.1916,10.2183,10.1823,-0.02
12 29 2015,10.214,10.1912,10.244,10.1886,0.21
12 30 2015,10.2409,10.2134,10.244,10.2099,0.26
12 31 2015,10.1959,10.2383,10.2423,10.1737,-0.44
01 01 2016,10.2,10.192,10.205,10.1798,0.04
01 04 2016,10.1875,10.1853,10.2218,10.1658,-0.12
01 05 2016,10.1926,10.1866,10.2206,10.18,0.05
01 06 2016,10.1727,10.193,10.219,10.1692,-0.2
01 07 2016,10.1459,10.1713,10.1857,10.094,-0.26
01 08 2016,10.1338,10.144,10.1806,10.1033,-0.12
01 11 2016,10.1622,10.1314,10.1754,10.1294,0.28
01 12 2016,10.1858,10.1584,10.1884,10.1466,0.23
01 13 2016,10.1769,10.1806,10.1838,10.1409,-0.09
01 14 2016,10.2145,10.1737,10.2418,10.1592,0.37
01 15 2016,10.2925,10.2133,10.3068,10.2032,0.76
01 18 2016,10.2847,10.292,10.299,10.2552,-0.08
01 19 2016,10.2962,10.2831,10.3063,10.2602,0.11
01 20 2016,10.3304,10.2942,10.3623,10.2938,0.33
01 21 2016,10.3039,10.328,10.3544,10.301,-0.26
01 22 2016,10.2673,10.3054,10.3151,10.2651,-0.36
01 25 2016,10.2981,10.27,10.3125,10.2537,0.3
01 26 2016,10.2908,10.2919,10.3196,10.2812,-0.07
01 27 2016,10.3597,10.2916,10.366,10.2875,0.67
01 28 2016,10.35,10.3583,10.3802,10.339,-0.09
01 29 2016,10.322,10.3473,10.3696,10.3049,-0.27
02 01 2016,10.3118,10.3191,10.3324,10.2769,-0.1
02 02 2016,10.331,10.3065,10.3413,10.2954,0.19
02 03 2016,10.3291,10.3293,10.3756,10.3247,-0.02
02 04 2016,10.2889,10.307,10.324,10.2652,-0.39
02 05 2016,10.315,10.286,10.3196,10.26,0.25
02 08 2016,10.3491,10.3196,10.3542,10.3044,0.33
02 09 2016,10.3288,10.3461,10.3773,10.3198,-0.2
02 10 2016,10.3227,10.3241,10.3434,10.3071,-0.06
02 11 2016,10.4155,10.3168,10.4184,10.3051,0.9
02 12 2016,10.3619,10.4094,10.4193,10.3546,-0.51
02 15 2016,10.488,10.3559,10.5029,10.3559,1.22
02 16 2016,10.507,10.4848,10.513,10.4525,0.18
02 17 2016,10.4667,10.5045,10.5271,10.4608,-0.38
02 18 2016,10.5145,10.4621,10.5294,10.4611,0.46
02 19 2016,10.5091,10.5075,10.5337,10.5041,-0.05
02 22 2016,10.5083,10.5263,10.5418,10.5013,-0.01
02 23 2016,10.504,10.5064,10.5234,10.486,-0.04
02 24 2016,10.4768,10.5013,10.516,10.4641,-0.26
02 25 2016,10.5254,10.4709,10.5495,10.4637,0.46
02 26 2016,10.5097,10.5231,10.5403,10.4928,-0.15
02 29 2016,10.4071,10.5059,10.5141,10.4024,-0.98
03 01 2016,10.3407,10.4028,10.4536,10.3242,-0.64
03 02 2016,10.2879,10.316,10.3453,10.2842,-0.51
03 03 2016,10.2767,10.2847,10.3089,10.2747,-0.11
03 04 2016,10.2854,10.2749,10.3361,10.2725,0.08
03 07 2016,10.2795,10.2894,10.3088,10.2673,-0.06
03 08 2016,10.351,10.276,10.3696,10.2759,0.7
03 09 2016,10.3061,10.3489,10.3665,10.2912,-0.43
03 10 2016,10.3437,10.3006,10.3514,10.2497,0.36
03 11 2016,10.303,10.3391,10.3643,10.2929,-0.39
03 14 2016,10.329,10.3075,10.3455,10.2964,0.25
03 15 2016,10.3418,10.325,10.357,10.3185,0.12
03 16 2016,10.2994,10.3345,10.3527,10.293,-0.41
03 17 2016,10.2888,10.3346,10.3387,10.2582,-0.1
03 18 2016,10.2577,10.2894,10.3162,10.2282,-0.3
03 21 2016,10.2551,10.2507,10.2745,10.2332,-0.03
03 22 2016,10.2858,10.2482,10.2937,10.2345,0.3
03 23 2016,10.2871,10.2804,10.3078,10.2467,0.01
03 24 2016,10.2716,10.2812,10.2864,10.252,-0.15
03 25 2016,10.2562,10.2665,10.2745,10.2413,-0.15
03 28 2016,10.2356,10.2441,10.2733,10.2074,-0.2
03 29 2016,10.2014,10.2306,10.2402,10.198,-0.33
03 30 2016,10.2667,10.1956,10.2667,10.1956,0.64
03 31 2016,10.2737,10.2621,10.2753,10.2242,0.07
04 01 2016,10.2438,10.2467,10.2807,10.2364,-0.29
04 04 2016,10.2037,10.2321,10.2472,10.1881,-0.39
04 05 2016,10.2546,10.2016,10.2757,10.1979,0.5
04 06 2016,10.2637,10.2508,10.3018,10.2437,0.09
04 07 2016,10.3291,10.2576,10.3398,10.2552,0.64
04 08 2016,10.2928,10.3227,10.3338,10.2715,-0.35
04 11 2016,10.2619,10.2871,10.3042,10.2517,-0.3
04 12 2016,10.2517,10.2601,10.2996,10.2458,-0.1
04 13 2016,10.2643,10.2466,10.3011,10.2457,0.12
04 14 2016,10.2732,10.2617,10.2888,10.2541,0.09
04 15 2016,10.2942,10.2691,10.2942,10.2589,0.2
04 18 2016,10.2571,10.2886,10.3017,10.2499,-0.36
04 19 2016,10.2429,10.2501,10.2762,10.225,-0.14
04 20 2016,10.2253,10.2379,10.2679,10.2077,-0.17
04 21 2016,10.2577,10.2185,10.2637,10.2122,0.32
04 22 2016,10.2539,10.2567,10.2665,10.2332,-0.04
04 25 2016,10.2703,10.2515,10.2812,10.2367,0.16
04 26 2016,10.2263,10.2653,10.2992,10.2188,-0.43
04 27 2016,10.2174,10.2203,10.2627,10.2115,-0.09
04 28 2016,10.2536,10.2187,10.2776,10.204,0.35
04 29 2016,10.2601,10.2473,10.2828,10.2148,0.06
05 02 2016,10.248,10.2583,10.2663,10.242,-0.12
05 03 2016,10.2527,10.2456,10.2625,10.2241,0.05
05 04 2016,10.2585,10.2516,10.2681,10.2276,0.06
05 05 2016,10.2342,10.2566,10.2659,10.2056,-0.24
05 06 2016,10.246,10.2339,10.2636,10.2208,0.12
05 09 2016,10.2429,10.2396,10.2503,10.2047,-0.03
05 10 2016,10.2221,10.2368,10.2488,10.2058,-0.2
05 11 2016,10.2528,10.2154,10.2649,10.2154,0.3
05 12 2016,10.2439,10.2497,10.2664,10.212,-0.09
05 13 2016,10.235,10.2381,10.2555,10.2266,-0.09
05 16 2016,10.2503,10.2387,10.2597,10.225,0.15
05 17 2016,10.2485,10.2444,10.2601,10.2226,-0.02
05 18 2016,10.2679,10.2416,10.2723,10.2314,0.19
05 19 2016,10.3003,10.2641,10.3285,10.251,0.32
05 20 2016,10.2929,10.294,10.3196,10.2812,-0.07
05 23 2016,10.2826,10.294,10.315,10.2701,-0.1
05 24 2016,10.314,10.2802,10.3437,10.2784,0.31
05 25 2016,10.2643,10.3093,10.3241,10.2439,-0.48
05 26 2016,10.2069,10.2666,10.2848,10.197,-0.56
05 27 2016,10.213,10.203,10.2393,10.182,0.06
05 30 2016,10.2033,10.2102,10.2406,10.183,-0.09
05 31 2016,10.2096,10.1982,10.2419,10.1888,0.06
06 01 2016,10.256,10.203,10.268,10.1774,0.45
06 02 2016,10.216,10.2618,10.2719,10.2018,-0.39
06 03 2016,10.2058,10.2126,10.2308,10.1835,-0.1
06 06 2016,10.1756,10.216,10.2217,10.1698,-0.3
06 07 2016,10.1435,10.1729,10.1907,10.1377,-0.32
06 08 2016,10.1334,10.1412,10.1762,10.1203,-0.1
06 09 2016,10.1727,10.1267,10.1791,10.124,0.39
06 10 2016,10.2031,10.1713,10.2119,10.1611,0.3
06 13 2016,10.202,10.1982,10.207,10.1545,-0.01
06 14 2016,10.2012,10.1955,10.2227,10.1762,-0.01
06 15 2016,10.1915,10.1942,10.2097,10.173,-0.1
06 16 2016,10.2116,10.1849,10.2355,10.1836,0.2
06 17 2016,10.1806,10.2074,10.2262,10.1676,-0.3
06 20 2016,10.2707,10.1736,10.2868,10.1735,0.89
06 21 2016,10.261,10.2606,10.2826,10.2394,-0.09
06 22 2016,10.2546,10.2605,10.2801,10.2336,-0.06
06 23 2016,10.2291,10.2481,10.2699,10.2103,-0.25
06 24 2016,10.2517,10.2222,10.3343,10.1671,0.22
06 27 2016,10.2103,10.2402,10.2598,10.1953,-0.4
06 28 2016,10.1856,10.2011,10.2279,10.1696,-0.24
06 29 2016,10.1588,10.1794,10.2075,10.1398,-0.26
06 30 2016,10.1539,10.1505,10.1861,10.1386,-0.05
07 01 2016,10.0951,10.1499,10.1537,10.0818,-0.58
07 04 2016,10.0918,10.092,10.1111,10.0704,-0.03
07 05 2016,10.0955,10.0846,10.1245,10.0766,0.04
07 06 2016,10.0718,10.0905,10.1087,10.0582,-0.23
07 07 2016,10.1025,10.0648,10.1091,10.0553,0.3
07 08 2016,10.0387,10.0978,10.103,10.0265,-0.63
07 11 2016,10.0297,10.0368,10.0551,10.0103,-0.09
07 12 2016,10.0133,10.0277,10.057,10.0058,-0.16
07 13 2016,10.0229,10.0208,10.06,10.0012,0.1
07 14 2016,10.0011,10.0152,10.029,9.9883,-0.22
07 15 2016,10.0378,9.9945,10.0498,9.9945,0.37
07 18 2016,10.0137,10.0264,10.0393,9.999,-0.24
07 19 2016,10.036,10.0075,10.047,10.0072,0.22
07 20 2016,10.0578,10.0274,10.0748,10.0267,0.22
07 21 2016,10.0597,10.0553,10.0854,10.0444,0.02
07 22 2016,10.0538,10.0567,10.0828,10.0374,-0.06
07 25 2016,10.0938,10.0463,10.1025,10.0419,0.4
07 26 2016,10.09,10.0924,10.1105,10.0733,-0.04
07 27 2016,10.0558,10.08,10.0994,10.0468,-0.34
07 28 2016,10.0691,10.0492,10.0824,10.0491,0.13
07 29 2016,10.0424,10.0657,10.0889,10.0383,-0.27
08 01 2016,10.049,10.0503,10.0725,10.026,0.07
08 02 2016,10.0619,10.0452,10.066,10.0349,0.13
08 03 2016,10.064,10.0561,10.1111,10.0553,0.02
08 04 2016,10.0634,10.0613,10.0992,10.0432,-0.01
08 05 2016,10.0417,10.0578,10.0729,10.0227,-0.22
08 08 2016,10.0294,10.0347,10.0422,10.0095,-0.12
08 09 2016,10.0327,10.0262,10.0597,10.0214,0.03
08 10 2016,10.0581,10.0267,10.0715,10.0176,0.25
08 11 2016,10.0715,10.0513,10.0767,10.0503,0.13
08 12 2016,10.0835,10.0695,10.0863,10.0474,0.12
08 15 2016,10.0712,10.0778,10.0831,10.0587,-0.12
08 16 2016,10.093,10.0701,10.1017,10.0594,0.22
08 17 2016,10.0828,10.0875,10.1029,10.071,-0.1
08 18 2016,10.0781,10.0807,10.1049,10.0562,-0.05
08 19 2016,10.091,10.0732,10.1016,10.0574,0.13
08 22 2016,10.1045,10.0872,10.1298,10.0628,0.13
08 23 2016,10.1074,10.097,10.1143,10.0875,0.03
08 24 2016,10.0866,10.0994,10.1247,10.0647,-0.21
08 25 2016,10.0636,10.0808,10.0946,10.0562,-0.23
08 26 2016,10.0626,10.0569,10.0684,10.011,-0.01
08 29 2016,10.0503,10.0568,10.0752,10.0375,-0.12
08 30 2016,10.0498,10.0458,10.0647,10.0185,0
08 31 2016,10.0269,10.0438,10.0596,10.0168,-0.23
09 01 2016,10.0128,10.0212,10.0446,10.0044,-0.14
09 02 2016,9.9985,10.011,10.0238,9.9632,-0.14
09 05 2016,9.9557,9.99,9.9999,9.9385,-0.43
09 06 2016,9.9288,9.947,9.9731,9.9193,-0.27
09 07 2016,9.9779,9.929,9.9823,9.929,0.49
09 08 2016,9.9982,9.9727,10.0051,9.9557,0.2
09 09 2016,10.0172,9.9974,10.0172,9.9468,0.19
09 12 2016,9.9905,10.0105,10.0312,9.9853,-0.27
09 13 2016,10.0519,9.987,10.053,9.986,0.61
09 14 2016,10.0096,10.0473,10.0636,10.0024,-0.42
09 15 2016,10.019,10.0041,10.0526,9.9996,0.09
09 16 2016,10.0512,10.014,10.0579,10.0007,0.32
09 19 2016,10.0442,10.0458,10.0625,10.021,-0.07
09 20 2016,10.0397,10.0375,10.0586,10.024,-0.04
09 21 2016,10.0034,10.0357,10.0652,9.9972,-0.36
09 22 2016,9.9978,10.0008,10.0343,9.9757,-0.06
09 23 2016,10.0019,9.9938,10.0083,9.9813,0.04
09 26 2016,9.9885,9.9996,10.0169,9.9764,-0.13
09 27 2016,9.9586,9.9864,10.0072,9.9532,-0.3
09 28 2016,9.9397,9.9544,9.9726,9.9346,-0.19
09 29 2016,10.021,9.9346,10.0404,9.9318,0.82
09 30 2016,9.976,10.0145,10.0313,9.9612,-0.45
10 03 2016,9.9745,9.9698,9.9841,9.951,-0.02
10 04 2016,9.984,9.9606,9.9871,9.9424,0.1
10 05 2016,9.9785,9.9784,9.9939,9.9622,-0.06
10 06 2016,9.9971,9.9725,10.0121,9.9695,0.19
10 07 2016,9.983,9.9908,10.026,9.9667,-0.14
10 10 2016,9.9132,9.9767,9.9916,9.9049,-0.7
10 11 2016,9.9427,9.9101,9.9467,9.8999,0.3
10 12 2016,9.9438,9.9343,9.9593,9.9239,0.01
10 13 2016,9.9287,9.943,9.9619,9.9155,-0.15
10 14 2016,9.9151,9.9234,9.9504,9.9004,-0.14
10 17 2016,9.913,9.912,9.9338,9.9036,-0.02
10 18 2016,9.8996,9.9078,9.9159,9.8861,-0.14
10 19 2016,9.891,9.898,9.9091,9.8829,-0.09
10 20 2016,9.9075,9.8871,9.9198,9.8829,0.17
10 21 2016,9.8904,9.9072,9.9122,9.8817,-0.17
10 24 2016,9.8661,9.8864,9.8949,9.8496,-0.25
10 25 2016,9.8517,9.8622,9.8827,9.8358,-0.15
10 26 2016,9.8747,9.8464,9.8803,9.841,0.23
10 27 2016,9.857,9.8722,9.8853,9.8447,-0.18
10 28 2016,9.8509,9.8531,9.8796,9.8326,-0.06
10 31 2016,9.8417,9.8451,9.8713,9.8353,-0.09
11 01 2016,9.8567,9.8369,9.865,9.8353,0.15
11 02 2016,9.8803,9.8501,9.8888,9.8464,0.24
11 03 2016,9.8554,9.8774,9.8867,9.8434,-0.25
11 04 2016,9.8862,9.8486,9.8872,9.8463,0.31
11 07 2016,9.8493,9.8802,9.8855,9.8339,-0.37
11 08 2016,9.7601,9.8441,9.8513,9.7531,-0.91
11 09 2016,9.8104,9.7537,9.9119,9.751,0.52
11 10 2016,9.8304,9.7851,9.8379,9.7657,0.2
11 11 2016,9.9178,9.8097,9.9244,9.8093,0.89
11 14 2016,9.9002,9.9076,9.9122,9.8713,-0.18
11 15 2016,9.8826,9.8957,9.9071,9.8433,-0.18
11 16 2016,9.8829,9.876,9.9061,9.8417,0
11 17 2016,9.8896,9.8746,9.902,9.8603,0.07
11 18 2016,9.899,9.8845,9.9083,9.8621,0.1
11 21 2016,9.8984,9.8948,9.9079,9.8647,-0.01
11 22 2016,9.9268,9.8951,9.9405,9.8759,0.29
11 23 2016,9.9396,9.9224,9.9648,9.9164,0.13
11 24 2016,9.9371,9.9409,9.9577,9.9085,-0.03
11 25 2016,9.9018,9.9298,9.949,9.8749,-0.36
11 28 2016,9.9265,9.8972,9.973,9.8972,0.25
11 29 2016,9.9489,9.9197,9.9823,9.9176,0.23
11 30 2016,9.9608,9.9423,9.9853,9.9292,0.12
12 01 2016,9.9086,9.9543,9.9612,9.8955,-0.52
12 02 2016,9.8788,9.902,9.9398,9.8694,-0.3
12 05 2016,9.8859,9.8717,9.9186,9.871,0.07
12 06 2016,9.8432,9.8795,9.9296,9.8279,-0.43
12 07 2016,9.8012,9.8371,9.878,9.7944,-0.43
12 08 2016,9.8179,9.7973,9.8261,9.7826,0.17
12 09 2016,9.7675,9.7928,9.808,9.7551,-0.51
12 12 2016,9.7628,9.7612,9.7853,9.7454,-0.05
12 13 2016,9.7673,9.7575,9.7974,9.7537,0.05
12 14 2016,9.7719,9.7611,9.7945,9.7574,0.05
12 15 2016,9.7716,9.7646,9.7936,9.7236,0
12 16 2016,9.749,9.7654,9.7752,9.731,-0.23
12 19 2016,9.7561,9.7423,9.78,9.7415,0.07
12 20 2016,9.7714,9.7504,9.8008,9.7504,0.16
12 21 2016,9.7717,9.7651,9.796,9.7559,0
12 22 2016,9.7617,9.7661,9.796,9.7519,-0.1
12 23 2016,9.7658,9.7555,9.7814,9.746,0.04
12 26 2016,9.7512,9.7604,9.7666,9.7406,-0.15
12 27 2016,9.7774,9.7571,9.7972,9.7483,0.27
12 28 2016,9.8044,9.7712,9.8188,9.7694,0.28
12 29 2016,9.7675,9.7981,9.8168,9.7592,-0.38
12 30 2016,9.7846,9.7636,9.7904,9.7625,0.18
01 02 2017,9.8121,9.7804,9.8245,9.774,0.28
01 03 2017,9.8062,9.8085,9.8316,9.7816,-0.06
01 04 2017,9.7887,9.8027,9.8249,9.778,-0.18
01 05 2017,9.8321,9.7845,9.8795,9.7841,0.44
01 06 2017,9.8422,9.8259,9.8743,9.7926,0.1
01 09 2017,9.8163,9.8364,9.8511,9.8069,-0.26
01 10 2017,9.8718,9.8127,9.8751,9.8098,0.57
01 11 2017,9.8464,9.865,9.8828,9.8262,-0.26
01 12 2017,9.8877,9.8263,9.8919,9.8235,0.42
01 13 2017,9.8804,9.8826,9.9113,9.8661,-0.07
01 16 2017,9.8686,9.8744,9.9088,9.8565,-0.12
01 17 2017,9.9002,9.8638,9.9276,9.8594,0.32
01 18 2017,9.9752,9.894,9.9752,9.8862,0.76
01 19 2017,9.9109,9.9697,9.9845,9.9003,-0.64
01 20 2017,9.8997,9.9047,9.9334,9.8769,-0.11
01 23 2017,9.9286,9.8941,9.9559,9.8895,0.29
01 24 2017,9.934,9.9234,9.9543,9.9162,0.05
01 25 2017,9.8767,9.9275,9.9468,9.8693,-0.58
01 26 2017,9.9069,9.8715,9.9154,9.87,0.31
01 27 2017,9.8966,9.8984,9.9184,9.8729,-0.1
01 30 2017,9.8565,9.8884,9.8988,9.8374,-0.41
01 31 2017,9.8109,9.8481,9.8694,9.7916,-0.46
02 01 2017,9.7964,9.8236,9.8384,9.7866,-0.15
02 02 2017,9.7666,9.7844,9.8102,9.7589,-0.3
02 03 2017,9.7798,9.7582,9.818,9.7582,0.14
02 06 2017,9.7909,9.7787,9.8123,9.7763,0.11
02 07 2017,9.7831,9.7844,9.8077,9.7729,-0.08
02 08 2017,9.7567,9.7723,9.8018,9.7527,-0.27
02 09 2017,9.7198,9.7537,9.7784,9.7072,-0.38
02 10 2017,9.7192,9.7013,9.7441,9.7002,-0.01
02 13 2017,9.7326,9.7136,9.7573,9.695,0.14
02 14 2017,9.7322,9.7162,9.7609,9.7132,0
02 15 2017,9.7328,9.7178,9.7562,9.7178,0.01
02 16 2017,9.7874,9.7348,9.7955,9.7348,0.56
02 17 2017,9.7691,9.7725,9.786,9.7482,-0.19
02 20 2017,9.7267,9.7539,9.771,9.7217,-0.43
02 21 2017,9.7304,9.7255,9.7413,9.7105,0.04
02 22 2017,9.7342,9.7211,9.7505,9.7167,0.04
02 23 2017,9.7129,9.7253,9.7402,9.6975,-0.22
02 24 2017,9.7022,9.7039,9.7174,9.6879,-0.11
02 27 2017,9.7077,9.683,9.7254,9.683,0.06
02 28 2017,9.7157,9.7023,9.7306,9.6986,0.08
03 01 2017,9.7161,9.7088,9.7302,9.697,0
03 02 2017,9.6932,9.7079,9.7209,9.6791,-0.24
03 03 2017,9.6822,9.6813,9.6982,9.6706,-0.11
03 06 2017,9.6668,9.6837,9.6941,9.6578,-0.16
03 07 2017,9.6523,9.6537,9.6702,9.6466,-0.15
03 08 2017,9.6577,9.649,9.6651,9.6477,0.06
03 09 2017,9.6494,9.6523,9.6747,9.6372,-0.09
03 10 2017,9.6324,9.6386,9.6637,9.6169,-0.18
03 13 2017,9.5711,9.6295,9.6434,9.5612,-0.64
03 14 2017,9.512,9.5665,9.5812,9.5047,-0.62
03 15 2017,9.4914,9.5071,9.5164,9.4586,-0.22
03 16 2017,9.4788,9.4879,9.5283,9.4612,-0.13
03 17 2017,9.4845,9.4711,9.5192,9.4622,0.06
03 20 2017,9.4587,9.4828,9.4913,9.4475,-0.27
03 21 2017,9.4881,9.4502,9.4881,9.4502,0.31
03 22 2017,9.5099,9.4777,9.5305,9.4719,0.23
03 23 2017,9.5053,9.5125,9.5265,9.486,-0.05
03 24 2017,9.5044,9.4991,9.5144,9.4884,-0.01
03 27 2017,9.4567,9.4944,9.5289,9.4453,-0.5
03 28 2017,9.4539,9.4474,9.4615,9.4334,-0.03
03 29 2017,9.4158,9.4471,9.4536,9.4089,-0.4
03 30 2017,9.4145,9.4079,9.4314,9.4026,-0.01
03 31 2017,9.4176,9.4097,9.4407,9.3919,0.03
04 03 2017,9.4358,9.4036,9.4538,9.3978,0.19
04 04 2017,9.4496,9.4268,9.4597,9.4268,0.15
04 05 2017,9.4093,9.4428,9.468,9.4034,-0.43
04 06 2017,9.3663,9.4049,9.4334,9.3478,-0.46
04 07 2017,9.314,9.3616,9.3851,9.2984,-0.56
04 10 2017,9.3589,9.2991,9.3616,9.299,0.48
04 11 2017,9.3663,9.3481,9.3737,9.3305,0.08
04 12 2017,9.387,9.3614,9.3948,9.3545,0.22
04 13 2017,9.3534,9.3828,9.4166,9.3406,-0.36
04 14 2017,9.3648,9.3465,9.3672,9.3465,0.12
04 17 2017,9.3689,9.3624,9.3791,9.3275,0.04
04 18 2017,9.3877,9.3629,9.3948,9.3536,0.2
04 19 2017,9.388,9.3741,9.3909,9.3697,0
04 20 2017,9.3894,9.3803,9.4025,9.3726,0.01
04 21 2017,9.3887,9.3849,9.4032,9.3756,-0.01
04 24 2017,9.3671,9.3883,9.3941,9.3532,-0.23
04 25 2017,9.3439,9.3653,9.3709,9.3249,-0.25
04 26 2017,9.3041,9.3364,9.3443,9.2815,-0.43
04 27 2017,9.2949,9.3001,9.3113,9.2741,-0.1
04 28 2017,9.3262,9.2917,9.3422,9.2917,0.34
05 01 2017,9.3211,9.3185,9.3254,9.3142,-0.05
05 02 2017,9.3047,9.3142,9.3198,9.2971,-0.18
05 03 2017,9.3008,9.3026,9.3151,9.2958,-0.04
05 04 2017,9.3117,9.2976,9.3215,9.2976,0.12
05 05 2017,9.3169,9.3134,9.3326,9.3069,0.06
05 08 2017,9.3215,9.3198,9.325,9.2947,0.05
05 09 2017,9.3638,9.3111,9.3712,9.3111,0.45
05 10 2017,9.3602,9.3604,9.381,9.344,-0.04
05 11 2017,9.3291,9.3522,9.3562,9.3185,-0.33
05 12 2017,9.3115,9.3299,9.3353,9.3072,-0.19
05 15 2017,9.2942,9.3078,9.3198,9.2748,-0.19
05 16 2017,9.2998,9.2864,9.3135,9.2864,0.06
05 17 2017,9.3186,9.2941,9.3244,9.2893,0.2
05 18 2017,9.4176,9.3103,9.4213,9.3066,1.06
05 19 2017,9.3776,9.4144,9.4374,9.3715,-0.42
05 22 2017,9.3678,9.3742,9.3868,9.3492,-0.1
05 23 2017,9.4187,9.3586,9.4238,9.3565,0.54
05 24 2017,9.4007,9.4124,9.431,9.3883,-0.19
05 25 2017,9.3982,9.3956,9.429,9.3795,-0.03
05 26 2017,9.4099,9.3952,9.4331,9.3874,0.12
05 29 2017,9.4143,9.4013,9.4223,9.397,0.05
05 30 2017,9.4281,9.4232,9.4387,9.4174,0.15
05 31 2017,9.4727,9.4188,9.4744,9.4188,0.47
06 01 2017,9.4713,9.4846,9.5158,9.4516,-0.01
06 02 2017,9.4566,9.4619,9.48,9.4388,-0.16
06 05 2017,9.4576,9.4716,9.4765,9.4481,0.01
06 06 2017,9.4816,9.4533,9.4921,9.4532,0.25
06 07 2017,9.4817,9.4818,9.4993,9.4564,0
06 08 2017,9.4482,9.4778,9.4831,9.445,-0.35
06 09 2017,9.4505,9.4528,9.4645,9.4352,0.02
06 12 2017,9.4849,9.4471,9.487,9.4471,0.36
06 13 2017,9.4638,9.4785,9.4926,9.4577,-0.22
06 14 2017,9.4579,9.4603,9.4747,9.4484,-0.06
06 15 2017,9.4839,9.4619,9.4984,9.4531,0.27
06 16 2017,9.4657,9.4799,9.4995,9.4472,-0.19
06 19 2017,9.4574,9.4596,9.4733,9.4384,-0.09
06 20 2017,9.4506,9.4517,9.4535,9.4222,-0.07
06 21 2017,9.4487,9.4489,9.4737,9.442,-0.02
06 22 2017,9.4523,9.4459,9.4594,9.4321,0.04
06 23 2017,9.4352,9.4467,9.4541,9.4177,-0.18
06 26 2017,9.4188,9.4269,9.4422,9.4114,-0.17
06 27 2017,9.4641,9.4141,9.4728,9.4126,0.48
06 28 2017,9.4893,9.4597,9.5093,9.4597,0.27
06 29 2017,9.527,9.4836,9.5429,9.4836,0.4
06 30 2017,9.5297,9.5221,9.5729,9.5208,0.03
07 03 2017,9.5351,9.5354,9.5541,9.5191,0.06
07 04 2017,9.5268,9.5311,9.5488,9.509,-0.09
07 05 2017,9.5273,9.5215,9.5423,9.5163,0.01
07 06 2017,9.5163,9.5238,9.5389,9.5084,-0.12
07 07 2017,9.4954,9.5121,9.5307,9.4847,-0.22
07 10 2017,9.4766,9.4888,9.5059,9.4694,-0.2
07 11 2017,9.4914,9.4715,9.5025,9.4682,0.16
07 12 2017,9.4987,9.4871,9.5189,9.4871,0.08
07 13 2017,9.5025,9.4933,9.513,9.4931,0.04
07 14 2017,9.5078,9.5005,9.5185,9.4907,0.06
07 17 2017,9.5045,9.4984,9.5186,9.4984,-0.03
07 18 2017,9.5335,9.4993,9.5427,9.4993,0.31
07 19 2017,9.5189,9.5242,9.5282,9.5101,-0.15
07 20 2017,9.5236,9.5149,9.5287,9.4973,0.05
07 21 2017,9.5147,9.5194,9.5251,9.4978,-0.09
07 24 2017,9.5383,9.5131,9.5465,9.5131,0.25
07 25 2017,9.5371,9.5284,9.5449,9.5233,-0.01
07 26 2017,9.5285,9.5341,9.5465,9.5211,-0.09
07 27 2017,9.5099,9.5211,9.5593,9.5048,-0.2
07 28 2017,9.5162,9.5048,9.5213,9.4992,0.07
07 31 2017,9.5442,9.5138,9.5551,9.5138,0.29
08 01 2017,9.5406,9.5362,9.5572,9.5247,-0.04
08 02 2017,9.4668,9.5382,9.5416,9.4579,-0.77
08 03 2017,9.4842,9.4634,9.485,9.4467,0.18
08 04 2017,9.4628,9.4792,9.4941,9.4528,-0.23
08 07 2017,9.4981,9.4564,9.5027,9.4562,0.37
08 08 2017,9.4971,9.4942,9.5254,9.4896,-0.01
08 09 2017,9.5686,9.4942,9.5711,9.4885,0.75
08 10 2017,9.642,9.5651,9.642,9.5651,0.77
08 11 2017,9.6238,9.6392,9.645,9.5985,-0.19
08 14 2017,9.607,9.6169,9.6392,9.5972,-0.17
08 15 2017,9.5909,9.6061,9.6109,9.5893,-0.17
08 16 2017,9.5897,9.5917,9.62,9.5806,-0.01
08 17 2017,9.6128,9.591,9.6334,9.591,0.24
08 18 2017,9.6076,9.611,9.6166,9.5942,-0.05
08 21 2017,9.618,9.6096,9.6189,9.5982,0.11
08 22 2017,9.617,9.6177,9.6409,9.617,-0.01
08 23 2017,9.6181,9.6164,9.6314,9.6136,0.01
08 24 2017,9.6135,9.6181,9.6299,9.609,-0.05
08 25 2017,9.6251,9.6152,9.6296,9.609,0.12
08 28 2017,9.6699,9.6208,9.6699,9.6164,0.47
08 29 2017,9.7041,9.6538,9.7142,9.6507,0.35
08 30 2017,9.7038,9.7045,9.7322,9.6922,0
08 31 2017,9.702,9.7087,9.7139,9.6784,-0.02
09 01 2017,9.7613,9.7061,9.7833,9.7018,0.61
09 04 2017,9.8056,9.7615,9.8431,9.7615,0.45
09 05 2017,9.8039,9.8059,9.8352,9.7844,-0.02
09 06 2017,9.8192,9.8003,9.8447,9.8003,0.16
09 07 2017,9.8689,9.8219,9.8743,9.8148,0.51
09 08 2017,9.8408,9.8701,9.9351,9.8408,-0.28
09 11 2017,9.7914,9.8059,9.8274,9.789,-0.5
09 12 2017,9.7975,9.788,9.8021,9.7655,0.06
09 13 2017,9.783,9.7998,9.8243,9.7828,-0.15
09 14 2017,9.7807,9.7834,9.8088,9.769,-0.02
09 15 2017,9.784,9.779,9.8079,9.779,0.03
09 18 2017,9.7591,9.7872,9.7959,9.75,-0.25
09 19 2017,9.7665,9.7622,9.7793,9.7278,0.08
09 20 2017,9.7785,9.7683,9.8165,9.7683,0.12
09 21 2017,9.8346,9.7777,9.8477,9.736,0.57
09 22 2017,9.8308,9.8299,9.887,9.8216,-0.04
09 25 2017,9.8362,9.8243,9.846,9.8021,0.05
09 26 2017,9.8583,9.8358,9.884,9.8328,0.22
09 27 2017,9.8931,9.869,9.9134,9.8515,0.35
09 28 2017,9.8244,9.9059,9.9168,9.8237,-0.69
09 29 2017,9.816,9.8225,9.8583,9.7744,-0.09
10 02 2017,9.816,0.0009,0.0009,0.0009,0
10 03 2017,9.8423,9.8589,9.8653,9.8393,0.27
10 04 2017,9.7739,9.8212,9.8272,9.7619,-0.69
10 05 2017,9.7912,9.7837,9.7988,9.7657,0.18
10 06 2017,9.8295,9.7995,9.8303,9.7995,0.39
10 09 2017,9.8642,9.8316,9.8786,9.8248,0.35
10 10 2017,9.9293,9.8615,9.9345,9.8615,0.66
10 11 2017,9.8873,9.9353,9.9353,9.8776,-0.42
10 12 2017,9.8755,9.8863,9.8988,9.8726,-0.12
10 13 2017,9.8334,9.8725,9.8988,9.8334,-0.43
10 16 2017,9.8181,9.8286,9.8476,9.8181,-0.16
10 17 2017,9.8181,9.8184,9.834,9.7956,0
10 18 2017,9.816,9.821,9.8482,9.816,-0.02
10 19 2017,9.8253,9.8146,9.8349,9.8028,0.09
10 20 2017,9.824,9.8254,9.8408,9.812,-0.01
10 23 2017,9.7925,9.8233,9.8233,9.7861,-0.32
10 24 2017,9.8088,9.7937,9.8208,9.7886,0.17
10 25 2017,9.7792,9.8107,9.8255,9.766,-0.3
10 26 2017,9.7612,9.779,9.7976,9.7612,-0.18
10 27 2017,9.7784,9.7578,9.7875,9.7299,0.18
10 30 2017,9.7585,9.7899,9.7931,9.7539,-0.2
10 31 2017,9.759,9.7579,9.7881,9.7579,0.01
11 01 2017,9.7783,9.7568,9.7796,9.7452,0.2
11 02 2017,9.7709,9.7797,9.8072,9.7688,-0.08
11 03 2017,9.7244,9.773,9.7832,9.7244,-0.48
11 06 2017,9.7418,9.7202,9.7625,9.7202,0.18
11 07 2017,9.8123,9.7365,9.8123,9.734,0.72
,,,,,
,Highest:10.5495,Lowest:0.0009,Difference:10.5486,Average:9.9721,Change %:-3.8931
