Date,Price,Open,High,Low,Change 
01 01 2014,7.9848,7.97,7.9953,7.9695,0.17
01 02 2014,8.0309,7.983,8.0495,7.9625,0.58
01 03 2014,8.0204,8.0294,8.0686,8.0135,-0.13
01 06 2014,8.0359,8.0185,8.0554,8.0176,0.19
01 07 2014,8.0347,8.035,8.0568,8.0325,-0.01
01 08 2014,8.0171,8.0339,8.0368,8.0036,-0.22
01 09 2014,8.0078,8.015,8.027,7.9912,-0.12
01 10 2014,7.9834,8.0067,8.0083,7.972,-0.3
01 13 2014,7.9343,7.9827,7.9841,7.9202,-0.62
01 14 2014,7.9299,7.9335,7.9352,7.9275,-0.06
01 15 2014,7.9414,7.9284,7.9592,7.9205,0.15
01 16 2014,7.9358,7.94,7.9573,7.931,-0.07
01 17 2014,7.9359,7.935,7.9366,7.9064,0
01 20 2014,7.9449,7.9338,7.9524,7.932,0.11
01 21 2014,7.9778,7.9441,7.9856,7.9223,0.41
01 22 2014,7.9685,7.977,7.9959,7.9549,-0.12
01 23 2014,7.9822,7.9677,7.9976,7.9668,0.17
01 24 2014,8.0765,7.9815,8.0831,7.9763,1.18
01 27 2014,8.1255,8.0742,8.1567,8.0705,0.61
01 28 2014,8.0585,8.1246,8.139,8.0499,-0.82
01 29 2014,8.0467,8.0565,8.0623,7.9988,-0.15
01 30 2014,8.0551,8.0447,8.0992,8.0413,0.1
01 31 2014,8.0742,8.0538,8.0808,8.0276,0.24
02 03 2014,8.055,8.0732,8.0874,8.0536,-0.24
02 04 2014,8.0541,8.054,8.0918,8.0483,-0.01
02 05 2014,8.0653,8.0533,8.0676,8.0315,0.14
02 06 2014,8.0391,8.0637,8.0681,8.0355,-0.32
02 07 2014,8.0304,8.0377,8.0455,8.0227,-0.11
02 10 2014,8.0511,8.0298,8.058,8.0022,0.26
02 11 2014,8.0225,8.0489,8.0518,8.0165,-0.36
02 12 2014,8.0051,8.0218,8.0229,7.9993,-0.22
02 13 2014,8.0489,8.0043,8.0533,7.9924,0.55
02 14 2014,7.9756,8.048,8.0495,7.9739,-0.91
02 17 2014,7.9748,7.9744,8.0055,7.9714,-0.01
02 18 2014,8.0188,7.974,8.0349,7.9731,0.55
02 19 2014,8.0257,8.0172,8.026,8.0151,0.09
02 20 2014,8.0252,8.0243,8.0518,8.0195,-0.01
02 21 2014,8.0125,8.0237,8.0254,7.9996,-0.16
02 24 2014,8.0007,8.0105,8.0146,7.984,-0.15
02 25 2014,7.9866,7.9998,8.0034,7.9682,-0.18
02 26 2014,7.9865,7.9849,7.9981,7.9754,0
02 27 2014,7.9874,7.9854,7.9893,7.9852,0.01
02 28 2014,7.963,7.9865,8.0058,7.9555,-0.31
03 03 2014,7.9935,7.9616,8.0023,7.9602,0.38
03 04 2014,7.9763,7.9927,8.0095,7.9654,-0.22
03 05 2014,7.9572,7.9743,7.9779,7.943,-0.24
03 06 2014,7.8748,7.956,7.958,7.8724,-1.04
03 07 2014,7.8709,7.8741,7.8827,7.8523,-0.05
03 10 2014,7.8396,7.8696,7.903,7.8316,-0.4
03 11 2014,7.8514,7.8388,7.8558,7.8081,0.15
03 12 2014,7.883,7.8506,7.8938,7.8502,0.4
03 13 2014,7.8782,7.8823,7.886,7.8436,-0.06
03 14 2014,7.8799,7.8773,7.9267,7.8619,0.02
03 17 2014,7.8656,7.879,7.8823,7.8626,-0.18
03 18 2014,7.8686,7.8642,7.8824,7.8364,0.04
03 19 2014,7.852,7.8666,7.879,7.8448,-0.21
03 20 2014,7.9003,7.8499,7.9062,7.8494,0.62
03 21 2014,7.8499,7.899,7.9003,7.8447,-0.64
03 24 2014,7.8348,7.8483,7.8498,7.8148,-0.19
03 25 2014,7.7982,7.8342,7.8359,7.7894,-0.47
03 26 2014,7.7524,7.7973,7.7983,7.74,-0.59
03 27 2014,7.7653,7.7512,7.7795,7.7483,0.17
03 28 2014,7.7199,7.7641,7.7668,7.6929,-0.58
03 31 2014,7.7371,7.7175,7.7378,7.7175,0.22
04 01 2014,7.7374,7.7358,7.7405,7.7242,0
04 02 2014,7.7235,7.7359,7.7372,7.6788,-0.18
04 03 2014,7.7569,7.7228,7.7731,7.7122,0.43
04 04 2014,7.746,7.7562,7.786,7.7432,-0.14
04 07 2014,7.7514,7.7446,7.7678,7.7034,0.07
04 08 2014,7.7493,7.7506,7.7569,7.74,-0.03
04 09 2014,7.7572,7.7478,7.7588,7.7147,0.1
04 10 2014,7.7486,7.7564,7.7756,7.7414,-0.11
04 11 2014,7.7622,7.7479,7.782,7.746,0.18
04 14 2014,7.7714,7.7615,7.7715,7.76,0.12
04 15 2014,7.7683,7.7707,7.7834,7.7632,-0.04
04 16 2014,7.7861,7.7674,7.7927,7.7609,0.23
04 17 2014,7.7756,7.7854,7.8027,7.7715,-0.13
04 18 2014,7.7756,7.7748,7.776,7.7668,0
04 21 2014,7.8148,7.7743,7.8178,7.7706,0.5
04 22 2014,7.8377,7.814,7.8533,7.8134,0.29
04 23 2014,7.8805,7.8369,7.8932,7.8364,0.55
04 24 2014,7.8819,7.8796,7.8861,7.8666,0.02
04 25 2014,7.8217,7.8805,7.887,7.8076,-0.76
04 28 2014,7.8227,7.8209,7.8344,7.7937,0.01
04 29 2014,7.7934,7.822,7.8231,7.7786,-0.37
04 30 2014,7.7837,7.7925,7.7943,7.7667,-0.12
05 01 2014,7.7743,7.7829,7.7847,7.7717,-0.12
05 02 2014,7.7632,7.7725,7.7762,7.7508,-0.14
05 05 2014,7.7709,7.7611,7.772,7.7386,0.1
05 06 2014,7.738,7.7693,7.7715,7.7341,-0.42
05 07 2014,7.7425,7.736,7.7601,7.7334,0.06
05 08 2014,7.7273,7.7404,7.7531,7.7222,-0.2
05 09 2014,7.7358,7.7251,7.7531,7.7222,0.11
05 12 2014,7.7474,7.7343,7.7553,7.6765,0.15
05 13 2014,7.6713,7.7466,7.749,7.6679,-0.98
05 14 2014,7.6738,7.6692,7.6778,7.6595,0.03
05 15 2014,7.6709,7.6717,7.6906,7.6215,-0.04
05 16 2014,7.557,7.6689,7.6711,7.5547,-1.48
05 19 2014,7.5302,7.5549,7.5613,7.5277,-0.35
05 20 2014,7.5572,7.5282,7.5885,7.5277,0.36
05 21 2014,7.5709,7.5551,7.5938,7.5547,0.18
05 22 2014,7.5169,7.5701,7.5726,7.5111,-0.71
05 23 2014,7.5485,7.5149,7.5514,7.5142,0.42
05 26 2014,7.5727,7.5473,7.6003,7.5323,0.32
05 27 2014,7.6155,7.572,7.6226,7.5636,0.57
05 28 2014,7.6021,7.6147,7.6384,7.5853,-0.18
05 29 2014,7.5999,7.6014,7.6207,7.5813,-0.03
05 30 2014,7.6352,7.5979,7.6357,7.5972,0.46
06 02 2014,7.629,7.6332,7.645,7.6169,-0.08
06 03 2014,7.654,7.6282,7.6658,7.6177,0.33
06 04 2014,7.6462,7.6526,7.6702,7.6359,-0.1
06 05 2014,7.644,7.6441,7.6574,7.6327,-0.03
06 06 2014,7.6331,7.6419,7.6509,7.6224,-0.14
06 09 2014,7.6379,7.6322,7.6383,7.6064,0.06
06 10 2014,7.6391,7.6368,7.6566,7.6264,0.02
06 11 2014,7.6551,7.637,7.6584,7.6356,0.21
06 12 2014,7.6494,7.6537,7.6593,7.6223,-0.07
06 13 2014,7.7029,7.6473,7.7158,7.6468,0.7
06 16 2014,7.7645,7.7014,7.7714,7.7012,0.8
06 17 2014,7.7832,7.7625,7.8077,7.7424,0.24
06 18 2014,7.7795,7.7812,7.8105,7.7467,-0.05
06 19 2014,7.7535,7.7773,7.7784,7.7214,-0.33
06 20 2014,7.7628,7.7525,7.7853,7.7521,0.12
06 23 2014,7.7614,7.7612,7.7797,7.7405,-0.02
06 24 2014,7.761,7.7591,7.7628,7.7488,-0.01
06 25 2014,7.7511,7.7594,7.7923,7.7485,-0.13
06 26 2014,7.7672,7.749,7.7739,7.7423,0.21
06 27 2014,7.7464,7.765,7.7678,7.743,-0.27
06 30 2014,7.7492,7.7436,7.7769,7.7394,0.04
07 01 2014,7.7495,7.7471,7.767,7.7463,0
07 02 2014,7.7021,7.7474,7.7538,7.6876,-0.61
07 03 2014,7.7081,7.7014,7.7211,7.68,0.08
07 04 2014,7.7063,7.7072,7.7197,7.6946,-0.02
07 07 2014,7.7359,7.7053,7.7492,7.7049,0.38
07 08 2014,7.7103,7.7337,7.7425,7.6943,-0.33
07 09 2014,7.7117,7.7081,7.7349,7.6988,0.02
07 10 2014,7.7671,7.7095,7.7706,7.6861,0.72
07 11 2014,7.7541,7.7662,7.7824,7.7301,-0.17
07 14 2014,7.758,7.752,7.7693,7.7286,0.05
07 15 2014,7.7579,7.7558,7.7741,7.7415,0
07 16 2014,7.7571,7.757,7.7768,7.7512,-0.01
07 17 2014,7.7649,7.7562,7.767,7.743,0.1
07 18 2014,7.7776,7.7642,7.8,7.7636,0.16
07 21 2014,7.7719,7.7769,7.7844,7.7609,-0.07
07 22 2014,7.7539,7.771,7.7799,7.7512,-0.23
07 23 2014,7.744,7.7515,7.7682,7.7341,-0.13
07 24 2014,7.758,7.7417,7.7633,7.7302,0.18
07 25 2014,7.7495,7.7557,7.767,7.741,-0.11
07 28 2014,7.7534,7.7473,7.7641,7.747,0.05
07 29 2014,7.7586,7.7519,7.7602,7.7516,0.07
07 30 2014,7.7502,7.7564,7.7736,7.7476,-0.11
07 31 2014,7.8134,7.7493,7.8146,7.7493,0.82
08 01 2014,7.8986,7.8125,7.9003,7.8125,1.09
08 04 2014,7.8638,7.8963,7.8976,7.8539,-0.44
08 05 2014,7.8516,7.863,7.8714,7.8305,-0.16
08 06 2014,7.9349,7.8508,7.9382,7.8497,1.06
08 07 2014,7.9015,7.9339,7.9416,7.8967,-0.42
08 08 2014,7.888,7.9007,7.9649,7.886,-0.17
08 11 2014,7.8923,7.8869,7.9035,7.8721,0.05
08 12 2014,7.8806,7.8914,7.8988,7.8781,-0.15
08 13 2014,7.8822,7.8797,7.9109,7.8794,0.02
08 14 2014,7.8399,7.8802,7.8854,7.8382,-0.54
08 15 2014,7.8422,7.839,7.851,7.8386,0.03
08 18 2014,7.842,7.8397,7.8424,7.8391,0
08 19 2014,7.8283,7.8398,7.8429,7.8241,-0.17
08 20 2014,7.8205,7.8276,7.8558,7.8073,-0.1
08 21 2014,7.8288,7.8197,7.8447,7.8192,0.11
08 22 2014,7.8023,7.8279,7.8297,7.7879,-0.34
08 25 2014,7.8151,7.801,7.8163,7.7929,0.16
08 26 2014,7.7974,7.8145,7.8163,7.7959,-0.23
08 27 2014,7.8005,7.7967,7.8079,7.7857,0.04
08 28 2014,7.8063,7.7996,7.8319,7.7876,0.07
08 29 2014,7.8088,7.8054,7.8131,7.8004,0.03
09 01 2014,7.8102,7.8065,7.811,7.7953,0.02
09 02 2014,7.83,7.8094,7.8309,7.8044,0.25
09 03 2014,7.8049,7.8293,7.8313,7.7833,-0.32
09 04 2014,7.7879,7.804,7.8052,7.7862,-0.22
09 05 2014,7.7927,7.7869,7.8072,7.7869,0.06
09 08 2014,7.7774,7.7919,7.7942,7.7666,-0.2
09 09 2014,7.8193,7.7753,7.8283,7.7745,0.54
09 10 2014,7.8612,7.8184,7.8766,7.8181,0.54
09 11 2014,7.8615,7.8598,7.8634,7.8334,0
09 12 2014,7.8259,7.8609,7.8732,7.8233,-0.45
09 15 2014,7.8834,7.8249,7.8927,7.8243,0.73
09 16 2014,7.8776,7.8827,7.8913,7.8703,-0.07
09 17 2014,7.8594,7.8768,7.8792,7.8453,-0.23
09 18 2014,7.8365,7.8573,7.8977,7.8336,-0.29
09 19 2014,7.8518,7.8345,7.8568,7.8331,0.2
09 22 2014,7.8625,7.8499,7.8627,7.8358,0.14
09 23 2014,7.8763,7.8604,7.8768,7.8511,0.18
09 24 2014,7.8619,7.8741,7.878,7.8541,-0.18
09 25 2014,7.9101,7.8597,7.9211,7.8582,0.61
09 26 2014,7.8818,7.9093,7.9453,7.8652,-0.36
09 29 2014,7.9236,7.8814,7.936,7.8735,0.53
09 30 2014,7.9767,7.9214,7.9779,7.921,0.67
10 01 2014,7.9495,7.9748,7.9805,7.9322,-0.34
10 02 2014,7.9292,7.9474,7.9508,7.9222,-0.26
10 03 2014,7.9288,7.9272,7.9354,7.9257,-0.01
10 06 2014,7.936,7.928,7.9369,7.928,0.09
10 07 2014,7.9055,7.9346,7.9381,7.9002,-0.38
10 08 2014,7.91,7.903,7.9314,7.9013,0.06
10 09 2014,7.8718,7.9088,7.9125,7.851,-0.48
10 10 2014,7.8994,7.8697,7.9086,7.8683,0.35
10 13 2014,7.8642,7.8964,7.9034,7.8607,-0.45
10 14 2014,7.9153,7.862,7.9262,7.8539,0.65
10 15 2014,7.9134,7.9132,7.9184,7.894,-0.02
10 16 2014,7.9706,7.9117,7.9846,7.9101,0.72
10 17 2014,7.9103,7.9697,7.9731,7.9066,-0.76
10 20 2014,7.8936,7.9078,7.9128,7.8851,-0.21
10 21 2014,7.884,7.8914,7.9133,7.8777,-0.12
10 22 2014,7.8894,7.8819,7.905,7.8637,0.07
10 23 2014,7.8855,7.8872,7.8907,7.875,-0.05
10 24 2014,7.8856,7.884,7.886,7.8825,0
10 27 2014,7.9028,7.8835,7.912,7.883,0.22
10 28 2014,7.8876,7.9007,7.9183,7.8821,-0.19
10 29 2014,7.9035,7.8854,7.9148,7.885,0.2
10 30 2014,7.9228,7.9008,7.9369,7.9,0.24
10 31 2014,7.9182,7.9207,7.9454,7.9014,-0.06
11 03 2014,7.9219,7.9154,7.9313,7.9061,0.05
11 04 2014,7.9195,7.9203,7.9229,7.9064,-0.03
11 05 2014,7.9253,7.9174,7.9389,7.9048,0.07
11 06 2014,7.9325,7.9231,7.9345,7.9204,0.09
11 07 2014,7.935,7.931,7.9584,7.9219,0.03
11 10 2014,7.9277,7.9328,7.9402,7.9161,-0.09
11 11 2014,7.9324,7.9255,7.9509,7.9252,0.06
11 12 2014,7.9148,7.931,7.9405,7.9119,-0.22
11 13 2014,7.9434,7.9129,7.949,7.9121,0.36
11 14 2014,7.9585,7.9422,7.9775,7.9364,0.19
11 17 2014,7.9732,7.957,7.9735,7.946,0.18
11 18 2014,7.9594,7.9717,7.9803,7.9554,-0.17
11 19 2014,7.9875,7.9579,7.9953,7.9573,0.35
11 20 2014,7.9841,7.9854,8.0239,7.9778,-0.04
11 21 2014,7.9615,7.9827,7.9848,7.9595,-0.28
11 24 2014,7.9761,7.9614,7.99,7.9475,0.18
11 25 2014,7.9779,7.9746,7.9994,7.9721,0.02
11 26 2014,7.9694,7.9758,7.9836,7.9655,-0.11
11 27 2014,7.979,7.9673,7.988,7.9597,0.12
11 28 2014,8.0221,7.9769,8.0282,7.9641,0.54
12 01 2014,7.9884,8.0202,8.0267,7.9861,-0.42
12 02 2014,7.9686,7.9867,7.997,7.9674,-0.25
12 03 2014,7.979,7.9678,7.9919,7.9671,0.13
12 04 2014,7.9716,7.9763,7.9925,7.968,-0.09
12 05 2014,7.9882,7.9694,7.9889,7.9678,0.21
12 08 2014,7.976,7.9855,8.0005,7.9742,-0.15
12 09 2014,7.9819,7.9745,7.9918,7.9734,0.07
12 10 2014,8.0137,7.9801,8.0138,7.9655,0.4
12 11 2014,8.06,8.0123,8.0609,7.9974,0.58
12 12 2014,8.0665,8.0584,8.0669,8.0222,0.08
12 15 2014,8.1483,8.0643,8.1495,8.0353,1.01
12 16 2014,8.2097,8.1467,8.2107,8.0992,0.75
12 17 2014,8.1904,8.2077,8.2398,8.1808,-0.24
12 18 2014,8.1212,8.1889,8.192,8.1174,-0.84
12 19 2014,8.1573,8.1201,8.1668,8.1193,0.44
12 22 2014,8.1532,8.1558,8.1667,8.14,-0.05
12 23 2014,8.1786,8.1511,8.1869,8.1461,0.31
12 24 2014,8.1833,8.1771,8.1892,8.1672,0.06
12 25 2014,8.1856,8.1825,8.1863,8.1812,0.03
12 26 2014,8.1894,8.1848,8.2086,8.1761,0.05
12 29 2014,8.2067,8.1893,8.2122,8.188,0.21
12 30 2014,8.1713,8.2059,8.2232,8.1665,-0.43
12 31 2014,8.1294,8.1703,8.1726,8.1246,-0.51
01 01 2015,8.1707,8.1467,8.1836,8.1467,0.51
01 02 2015,8.1589,8.1698,8.1883,8.1532,-0.14
01 05 2015,8.1672,8.1576,8.1871,8.1563,0.1
01 06 2015,8.1987,8.1664,8.2054,8.1644,0.39
01 07 2015,8.16,8.1979,8.1994,8.1446,-0.47
01 08 2015,8.0824,8.1585,8.1599,8.0704,-0.95
01 09 2015,8.0431,8.0816,8.0835,8.0324,-0.49
01 12 2015,8.0066,8.0406,8.0432,8.0041,-0.45
01 13 2015,7.9943,8.0051,8.0216,7.991,-0.15
01 14 2015,8.008,7.9928,8.0262,7.9916,0.17
01 15 2015,8.0055,8.0071,8.0126,7.9279,-0.03
01 16 2015,7.982,8.0046,8.0256,7.9707,-0.29
01 19 2015,7.952,7.9809,7.9839,7.945,-0.38
01 20 2015,7.9529,7.9499,7.985,7.9486,0.01
01 21 2015,7.9424,7.9521,7.9622,7.936,-0.13
01 22 2015,7.946,7.9409,7.967,7.931,0.05
01 23 2015,7.9247,7.9439,7.9486,7.9149,-0.27
01 26 2015,7.931,7.9244,7.9364,7.9228,0.08
01 27 2015,7.9218,7.9289,7.9365,7.9113,-0.12
01 28 2015,7.9153,7.9196,7.9383,7.9009,-0.08
01 29 2015,7.9722,7.913,7.9947,7.9122,0.72
01 30 2015,8.0002,7.9716,8.003,7.9589,0.35
02 02 2015,7.9609,7.9982,8.0073,7.949,-0.49
02 03 2015,7.9438,7.9595,7.9759,7.9381,-0.21
02 04 2015,7.9771,7.9425,7.9836,7.9382,0.42
02 05 2015,7.9598,7.9757,7.9901,7.9545,-0.22
02 06 2015,7.9931,7.9585,8.0005,7.9536,0.42
02 09 2015,8.0153,8.0015,8.0254,7.9887,0.28
02 10 2015,8.0387,8.0137,8.044,7.986,0.29
02 11 2015,8.0447,8.0371,8.0516,8.0093,0.07
02 12 2015,8.0152,8.0431,8.0657,7.9974,-0.37
02 13 2015,8.0036,8.0123,8.0248,7.9952,-0.14
02 16 2015,8.004,8.008,8.024,8.0012,0
02 17 2015,8.0103,8.0027,8.0273,7.998,0.08
02 18 2015,7.9989,8.009,8.0381,7.9899,-0.14
02 19 2015,8.0093,7.9982,8.0148,7.9939,0.13
02 20 2015,8.0042,8.008,8.0309,8.0019,-0.06
02 23 2015,8.0138,8.0232,8.036,8.0047,0.12
02 24 2015,8.015,8.0131,8.0387,8.0001,0.01
02 25 2015,7.9748,8.0136,8.0152,7.9709,-0.5
02 26 2015,7.9604,7.9746,7.9947,7.9508,-0.18
02 27 2015,7.9499,7.9604,7.9843,7.948,-0.13
03 02 2015,7.9765,7.9555,7.995,7.9513,0.33
03 03 2015,7.971,7.9752,7.9909,7.9639,-0.07
03 04 2015,8.0341,7.9695,8.0447,7.949,0.79
03 05 2015,8.0433,8.0327,8.0498,8.0125,0.11
03 06 2015,8.0524,8.0428,8.0535,8.0309,0.11
03 09 2015,8.0712,8.0503,8.0933,8.0425,0.23
03 10 2015,8.081,8.0693,8.0981,8.0603,0.12
03 11 2015,8.0792,8.0797,8.1021,8.0697,-0.02
03 12 2015,8.0497,8.0772,8.0884,8.0329,-0.37
03 13 2015,8.1233,8.0508,8.1261,8.0401,0.91
03 16 2015,8.0853,8.1225,8.1306,8.0812,-0.47
03 17 2015,8.0673,8.0837,8.0951,8.0641,-0.22
03 18 2015,8.0811,8.0693,8.0944,8.0655,0.17
03 19 2015,8.0538,8.078,8.085,8.039,-0.34
03 20 2015,8.0446,8.0518,8.0686,8.0392,-0.11
03 23 2015,8.0231,8.0421,8.0463,8.02,-0.27
03 24 2015,8.0382,8.0209,8.0487,8.0121,0.19
03 25 2015,8.0482,8.036,8.0533,8.0258,0.12
03 26 2015,8.103,8.0489,8.1043,8.0487,0.68
03 27 2015,8.0638,8.1012,8.106,8.0452,-0.48
03 30 2015,8.0606,8.0615,8.0861,8.0491,-0.04
03 31 2015,8.0351,8.0587,8.0831,8.0311,-0.32
04 01 2015,8.0157,8.0336,8.0476,8.0134,-0.24
04 02 2015,8.0058,8.017,8.0286,8.0014,-0.12
04 03 2015,7.9924,8.0039,8.0167,7.9882,-0.17
04 06 2015,8.0239,7.9909,8.0283,7.9861,0.39
04 07 2015,8.0361,8.0225,8.0526,8.0215,0.15
04 08 2015,8.025,8.0346,8.047,8.0158,-0.14
04 09 2015,8.0395,8.0224,8.0435,8.0169,0.18
04 10 2015,8.0355,8.037,8.0549,8.025,-0.05
04 13 2015,8.0525,8.0341,8.0742,8.0218,0.21
04 14 2015,8.0316,8.0511,8.0548,8.0238,-0.26
04 15 2015,8.0442,8.0297,8.0593,8.0296,0.16
04 16 2015,8.0383,8.0431,8.0515,8.0283,-0.07
04 17 2015,8.0688,8.0369,8.0689,8.0358,0.38
04 20 2015,8.1466,8.0679,8.1504,8.0627,0.96
04 21 2015,8.1099,8.1454,8.1502,8.0954,-0.45
04 22 2015,8.1263,8.1119,8.1317,8.0917,0.2
04 23 2015,8.1646,8.1245,8.1843,8.1137,0.47
04 24 2015,8.2143,8.1637,8.217,8.1555,0.61
04 27 2015,8.1737,8.2128,8.2297,8.1712,-0.49
04 28 2015,8.1357,8.1713,8.1897,8.1305,-0.46
04 29 2015,8.1876,8.1336,8.1933,8.1324,0.64
04 30 2015,8.1967,8.1837,8.2243,8.1781,0.11
05 01 2015,8.2196,8.1949,8.2198,8.19,0.28
05 04 2015,8.1926,8.2146,8.2172,8.1902,-0.33
05 05 2015,8.1753,8.1906,8.2064,8.1648,-0.21
05 06 2015,8.2067,8.1743,8.2157,8.166,0.38
05 07 2015,8.2633,8.2054,8.2929,8.2054,0.69
05 08 2015,8.2171,8.261,8.2841,8.2078,-0.56
05 11 2015,8.2566,8.2159,8.2584,8.214,0.48
05 12 2015,8.2752,8.2551,8.305,8.2537,0.23
05 13 2015,8.2578,8.2734,8.2913,8.2345,-0.21
05 14 2015,8.1776,8.2564,8.264,8.1754,-0.97
05 15 2015,8.1848,8.1785,8.214,8.1714,0.09
05 18 2015,8.2197,8.1831,8.2241,8.181,0.43
05 19 2015,8.2254,8.2204,8.2377,8.1924,0.07
05 20 2015,8.2038,8.2256,8.2423,8.1965,-0.26
05 21 2015,8.2004,8.2041,8.2232,8.1891,-0.04
05 22 2015,8.1905,8.1985,8.2137,8.181,-0.12
05 25 2015,8.1911,8.188,8.2157,8.188,0.01
05 26 2015,8.2521,8.1888,8.2581,8.188,0.74
05 27 2015,8.2267,8.2517,8.2776,8.224,-0.31
05 28 2015,8.2238,8.2244,8.2543,8.2192,-0.04
05 29 2015,8.2217,8.2254,8.2474,8.2111,-0.03
06 01 2015,8.1995,8.2181,8.2348,8.1893,-0.27
06 02 2015,8.2119,8.2,8.2476,8.1973,0.15
06 03 2015,8.2541,8.2112,8.2638,8.2075,0.51
06 04 2015,8.2517,8.2526,8.2892,8.2429,-0.03
06 05 2015,8.226,8.2497,8.2602,8.2203,-0.31
06 08 2015,8.2491,8.2244,8.2794,8.2232,0.28
06 09 2015,8.2557,8.2473,8.2664,8.2347,0.08
06 10 2015,8.2253,8.2538,8.2634,8.2232,-0.37
06 11 2015,8.2502,8.2259,8.2586,8.2219,0.3
06 12 2015,8.2677,8.2522,8.2801,8.2413,0.21
06 15 2015,8.2659,8.2659,8.2812,8.2534,-0.02
06 16 2015,8.2772,8.2636,8.2979,8.2529,0.14
06 17 2015,8.2569,8.2756,8.2921,8.2519,-0.25
06 18 2015,8.2009,8.2554,8.2574,8.198,-0.68
06 19 2015,8.1921,8.1996,8.239,8.1798,-0.11
06 22 2015,8.1952,8.1932,8.2043,8.1823,0.04
06 23 2015,8.2046,8.1947,8.2168,8.1905,0.11
06 24 2015,8.1943,8.2004,8.2178,8.1879,-0.13
06 25 2015,8.1931,8.1927,8.2114,8.1881,-0.01
06 26 2015,8.1848,8.1925,8.2137,8.1829,-0.1
06 29 2015,8.2179,8.1897,8.249,8.1826,0.4
06 30 2015,8.2053,8.2164,8.232,8.1963,-0.15
07 01 2015,8.1974,8.204,8.218,8.1935,-0.1
07 02 2015,8.1658,8.196,8.2151,8.1636,-0.39
07 03 2015,8.179,8.1642,8.1911,8.1633,0.16
07 06 2015,8.1596,8.1772,8.2092,8.1562,-0.24
07 07 2015,8.1854,8.1578,8.1987,8.1577,0.32
07 08 2015,8.1857,8.1838,8.21,8.1825,0
07 09 2015,8.1681,8.1834,8.2017,8.1626,-0.22
07 10 2015,8.1739,8.1666,8.1913,8.1652,0.07
07 13 2015,8.185,8.172,8.2048,8.1664,0.14
07 14 2015,8.1639,8.1834,8.2048,8.1601,-0.26
07 15 2015,8.1934,8.1624,8.2067,8.162,0.36
07 16 2015,8.1874,8.192,8.2013,8.1801,-0.07
07 17 2015,8.1921,8.1887,8.1978,8.1753,0.06
07 20 2015,8.2054,8.1889,8.2249,8.1879,0.16
07 21 2015,8.2032,8.2034,8.2263,8.1954,-0.03
07 22 2015,8.2023,8.1995,8.2166,8.1894,-0.01
07 23 2015,8.2463,8.2003,8.2478,8.2002,0.54
07 24 2015,8.2704,8.2445,8.2802,8.2325,0.29
07 27 2015,8.2827,8.2758,8.2919,8.2557,0.15
07 28 2015,8.2309,8.2849,8.2891,8.2212,-0.63
07 29 2015,8.2331,8.2291,8.2508,8.2244,0.03
07 30 2015,8.2719,8.2319,8.2759,8.231,0.47
07 31 2015,8.2534,8.2721,8.2824,8.2358,-0.22
08 03 2015,8.2772,8.2531,8.2793,8.2449,0.29
08 04 2015,8.2277,8.2754,8.2774,8.2112,-0.6
08 05 2015,8.2164,8.2262,8.2463,8.2085,-0.14
08 06 2015,8.221,8.2149,8.2346,8.2103,0.06
08 07 2015,8.222,8.2196,8.2521,8.215,0.01
08 10 2015,8.2259,8.2206,8.2455,8.216,0.05
08 11 2015,8.2882,8.2241,8.2982,8.2213,0.76
08 12 2015,8.3609,8.289,8.3737,8.2801,0.88
08 13 2015,8.4069,8.3595,8.4254,8.3342,0.55
08 14 2015,8.3973,8.4093,8.4326,8.3737,-0.11
08 17 2015,8.4381,8.3915,8.4413,8.3883,0.49
08 18 2015,8.4403,8.4377,8.4467,8.4197,0.03
08 19 2015,8.3974,8.4386,8.4418,8.3891,-0.51
08 20 2015,8.4402,8.3939,8.476,8.3889,0.51
08 21 2015,8.5175,8.4393,8.5202,8.4367,0.92
08 24 2015,8.6198,8.5161,8.6206,8.5135,1.2
08 25 2015,8.5505,8.6178,8.6326,8.4966,-0.8
08 26 2015,8.5141,8.5495,8.5653,8.5121,-0.43
08 27 2015,8.512,8.5131,8.5365,8.4968,-0.02
08 28 2015,8.5355,8.5123,8.55,8.5062,0.28
08 31 2015,8.5694,8.5333,8.5806,8.5308,0.4
09 01 2015,8.5655,8.5656,8.5767,8.5392,-0.05
09 02 2015,8.5421,8.5637,8.5774,8.5304,-0.27
09 03 2015,8.5291,8.5403,8.5552,8.5195,-0.15
09 04 2015,8.6044,8.5303,8.618,8.5253,0.88
09 07 2015,8.6303,8.6023,8.6333,8.5899,0.3
09 08 2015,8.5531,8.6285,8.6344,8.551,-0.89
09 09 2015,8.5943,8.5512,8.5984,8.5457,0.48
09 10 2015,8.5545,8.5926,8.6149,8.5525,-0.46
09 11 2015,8.5473,8.5526,8.5927,8.5451,-0.08
09 14 2015,8.5499,8.5448,8.5808,8.5414,0.03
09 15 2015,8.5736,8.5503,8.5782,8.5485,0.28
09 16 2015,8.5439,8.5719,8.5835,8.5377,-0.35
09 17 2015,8.5253,8.5388,8.5552,8.5226,-0.22
09 18 2015,8.4991,8.5293,8.5498,8.4717,-0.31
09 21 2015,8.4763,8.4968,8.5099,8.4654,-0.27
09 22 2015,8.5046,8.4769,8.5126,8.4577,0.33
09 23 2015,8.5399,8.5025,8.5405,8.4923,0.42
09 24 2015,8.5298,8.5381,8.5648,8.5199,-0.12
09 25 2015,8.5374,8.5281,8.5471,8.5232,0.09
09 28 2015,8.5503,8.5338,8.5517,8.5172,0.15
09 29 2015,8.4947,8.5483,8.5727,8.4928,-0.65
09 30 2015,8.4536,8.4928,8.5104,8.4471,-0.48
10 01 2015,8.4681,8.453,8.475,8.4489,0.17
10 02 2015,8.4341,8.4656,8.4778,8.4311,-0.4
10 05 2015,8.4043,8.432,8.4346,8.3915,-0.35
10 06 2015,8.4038,8.4038,8.4445,8.4016,-0.01
10 07 2015,8.375,8.4015,8.4349,8.3618,-0.34
10 08 2015,8.3637,8.3731,8.4113,8.3616,-0.13
10 09 2015,8.3587,8.3617,8.3877,8.3452,-0.06
10 12 2015,8.3606,8.3566,8.3733,8.3467,0.02
10 13 2015,8.3996,8.3588,8.412,8.3572,0.47
10 14 2015,8.3529,8.3999,8.4111,8.3503,-0.56
10 15 2015,8.3586,8.3513,8.3773,8.3444,0.07
10 16 2015,8.3488,8.3569,8.3913,8.3388,-0.12
10 19 2015,8.3764,8.3468,8.3789,8.3444,0.33
10 20 2015,8.3902,8.375,8.3965,8.3674,0.16
10 21 2015,8.4052,8.3884,8.4172,8.3853,0.18
10 22 2015,8.3689,8.4033,8.4094,8.3663,-0.43
10 23 2015,8.3732,8.3683,8.3953,8.3467,0.05
10 26 2015,8.3765,8.3714,8.3902,8.3578,0.04
10 27 2015,8.4015,8.375,8.402,8.3708,0.3
10 28 2015,8.3811,8.4001,8.4027,8.3636,-0.24
10 29 2015,8.4448,8.3793,8.4452,8.3792,0.76
10 30 2015,8.441,8.4428,8.4455,8.4011,-0.05
11 02 2015,8.4594,8.4389,8.4723,8.4311,0.22
11 03 2015,8.4602,8.4588,8.4897,8.4396,0.01
11 04 2015,8.4647,8.4617,8.468,8.4274,0.05
11 05 2015,8.497,8.4628,8.5029,8.4524,0.38
11 06 2015,8.5335,8.495,8.5339,8.4787,0.43
11 09 2015,8.5754,8.5306,8.5789,8.5298,0.49
11 10 2015,8.5395,8.5735,8.5781,8.5375,-0.42
11 11 2015,8.5248,8.5375,8.5419,8.5154,-0.17
11 12 2015,8.5231,8.5223,8.5374,8.5146,-0.02
11 13 2015,8.5223,8.5204,8.5465,8.5203,-0.01
11 16 2015,8.5002,8.526,8.5496,8.4943,-0.26
11 17 2015,8.5132,8.4982,8.5283,8.4976,0.15
11 18 2015,8.5198,8.5147,8.5565,8.5116,0.08
11 19 2015,8.5275,8.5215,8.5473,8.5183,0.09
11 20 2015,8.5234,8.5254,8.552,8.52,-0.05
11 23 2015,8.5671,8.5212,8.5788,8.5209,0.51
11 24 2015,8.5498,8.5652,8.5816,8.5478,-0.2
11 25 2015,8.5632,8.5478,8.567,8.5477,0.16
11 26 2015,8.5886,8.5627,8.6033,8.5595,0.3
11 27 2015,8.6325,8.5872,8.6326,8.5872,0.51
11 30 2015,8.5724,8.618,8.6384,8.5495,-0.7
12 01 2015,8.5697,8.5702,8.5932,8.5616,-0.03
12 02 2015,8.5919,8.5678,8.6041,8.5675,0.26
12 03 2015,8.618,8.5907,8.6323,8.5862,0.3
12 04 2015,8.599,8.6161,8.6443,8.597,-0.22
12 07 2015,8.6151,8.5972,8.6272,8.5881,0.19
12 08 2015,8.6265,8.6142,8.6314,8.6061,0.13
12 09 2015,8.6264,8.6246,8.6393,8.6081,0
12 10 2015,8.6135,8.6246,8.6363,8.6022,-0.15
12 11 2015,8.6632,8.6126,8.6639,8.6096,0.58
12 14 2015,8.6569,8.6619,8.6677,8.6386,-0.07
12 15 2015,8.6269,8.6554,8.6623,8.6134,-0.35
12 16 2015,8.5773,8.6247,8.6384,8.5693,-0.57
12 17 2015,8.5678,8.5755,8.6033,8.545,-0.11
12 18 2015,8.546,8.5645,8.583,8.541,-0.25
12 21 2015,8.546,8.5523,8.5638,8.5359,0
12 22 2015,8.5453,8.5463,8.559,8.5347,-0.01
12 23 2015,8.5203,8.5435,8.5503,8.5151,-0.29
12 24 2015,8.5076,8.5211,8.5369,8.5055,-0.15
12 25 2015,8.5179,8.5056,8.5192,8.5054,0.12
12 28 2015,8.5333,8.5154,8.5447,8.5154,0.18
12 29 2015,8.5464,8.5335,8.5716,8.5311,0.15
12 30 2015,8.5765,8.5477,8.5798,8.5442,0.35
12 31 2015,8.5427,8.5755,8.577,8.5254,-0.39
01 01 2016,8.5462,8.5414,8.5503,8.5312,0.04
01 04 2016,8.5892,8.5351,8.6008,8.5351,0.5
01 05 2016,8.5764,8.5899,8.6007,8.5683,-0.15
01 06 2016,8.6034,8.5771,8.6305,8.5742,0.31
01 07 2016,8.6219,8.6014,8.6391,8.5813,0.22
01 08 2016,8.6084,8.6198,8.6317,8.5834,-0.16
01 11 2016,8.5984,8.6098,8.6278,8.5951,-0.12
01 12 2016,8.6238,8.5977,8.6335,8.5964,0.3
01 13 2016,8.6214,8.6219,8.6268,8.5977,-0.03
01 14 2016,8.6496,8.6196,8.6697,8.6185,0.33
01 15 2016,8.6968,8.6492,8.7037,8.6381,0.55
01 18 2016,8.6759,8.6968,8.6993,8.6581,-0.24
01 19 2016,8.6623,8.6744,8.6873,8.6453,-0.16
01 20 2016,8.6918,8.6602,8.7197,8.6598,0.34
01 21 2016,8.6711,8.6897,8.7142,8.6666,-0.24
01 22 2016,8.6611,8.6729,8.7009,8.659,-0.12
01 25 2016,8.6924,8.6633,8.7098,8.6594,0.36
01 26 2016,8.691,8.6868,8.7122,8.6822,-0.02
01 27 2016,8.7412,8.6923,8.747,8.6875,0.58
01 28 2016,8.7313,8.7399,8.762,8.7235,-0.11
01 29 2016,8.7242,8.7292,8.7503,8.7001,-0.08
02 01 2016,8.7222,8.7222,8.7394,8.6897,-0.02
02 02 2016,8.7158,8.7184,8.7417,8.7044,-0.07
02 03 2016,8.7141,8.7141,8.7554,8.7075,-0.02
02 04 2016,8.6714,8.712,8.724,8.6676,-0.49
02 05 2016,8.7055,8.6695,8.7093,8.6678,0.39
02 08 2016,8.7289,8.7023,8.7367,8.7023,0.27
02 09 2016,8.7082,8.7294,8.7542,8.7015,-0.24
02 10 2016,8.7074,8.708,8.7254,8.6973,-0.01
02 11 2016,8.7888,8.7055,8.7899,8.6977,0.93
02 12 2016,8.7448,8.7866,8.7963,8.7427,-0.5
02 15 2016,8.7525,8.7452,8.7664,8.735,0.09
02 16 2016,8.7882,8.7516,8.7948,8.7422,0.41
02 17 2016,8.7757,8.7874,8.8194,8.7721,-0.14
02 18 2016,8.8084,8.7728,8.8245,8.772,0.37
02 19 2016,8.8173,8.805,8.8293,8.8036,0.1
02 22 2016,8.8179,8.8292,8.8462,8.814,0.01
02 23 2016,8.8262,8.8191,8.8421,8.8118,0.09
02 24 2016,8.8083,8.8247,8.8361,8.7989,-0.2
02 25 2016,8.8473,8.8062,8.8684,8.7995,0.44
02 26 2016,8.8408,8.8454,8.8583,8.8315,-0.07
02 29 2016,8.7703,8.8386,8.8476,8.7663,-0.8
03 01 2016,8.7182,8.769,8.795,8.7056,-0.59
03 02 2016,8.671,8.7161,8.7189,8.6672,-0.54
03 03 2016,8.6407,8.6684,8.6768,8.6356,-0.35
03 04 2016,8.622,8.6387,8.6704,8.6132,-0.22
03 07 2016,8.6282,8.6272,8.6457,8.6155,0.07
03 08 2016,8.6716,8.6262,8.6878,8.6251,0.5
03 09 2016,8.645,8.6694,8.6934,8.6333,-0.31
03 10 2016,8.6721,8.643,8.6785,8.6135,0.31
03 11 2016,8.6244,8.6703,8.6754,8.6207,-0.55
03 14 2016,8.653,8.6283,8.6669,8.6157,0.33
03 15 2016,8.6807,8.6509,8.6886,8.65,0.32
03 16 2016,8.6583,8.6785,8.6925,8.6505,-0.26
03 17 2016,8.5906,8.656,8.6601,8.5848,-0.78
03 18 2016,8.5586,8.5886,8.6001,8.5422,-0.37
03 21 2016,8.5777,8.5575,8.5856,8.5567,0.22
03 22 2016,8.6101,8.5755,8.6208,8.5719,0.38
03 23 2016,8.6313,8.6083,8.6345,8.5899,0.25
03 24 2016,8.6248,8.6292,8.6313,8.6046,-0.08
03 25 2016,8.6146,8.6231,8.6261,8.6013,-0.12
03 28 2016,8.5862,8.6125,8.6243,8.571,-0.33
03 29 2016,8.5585,8.5843,8.5926,8.5547,-0.32
03 30 2016,8.5606,8.5566,8.576,8.5449,0.02
03 31 2016,8.5411,8.5593,8.5613,8.527,-0.23
04 01 2016,8.5588,8.5406,8.5743,8.5395,0.21
04 04 2016,8.5246,8.5552,8.5604,8.5129,-0.4
04 05 2016,8.5634,8.524,8.581,8.5182,0.46
04 06 2016,8.5755,8.561,8.6047,8.5554,0.14
04 07 2016,8.6013,8.5735,8.6136,8.5612,0.3
04 08 2016,8.5781,8.5993,8.6085,8.5667,-0.27
04 11 2016,8.548,8.5757,8.5853,8.5452,-0.35
04 12 2016,8.5478,8.5471,8.5832,8.5444,0
04 13 2016,8.5733,8.545,8.5978,8.5437,0.3
04 14 2016,8.5859,8.5724,8.5973,8.568,0.15
04 15 2016,8.5951,8.5839,8.5967,8.5697,0.11
04 18 2016,8.5643,8.5919,8.6033,8.5621,-0.36
04 19 2016,8.5301,8.5623,8.5753,8.5246,-0.4
04 20 2016,8.5315,8.5269,8.5557,8.5183,0.02
04 21 2016,8.5707,8.5296,8.5759,8.5275,0.46
04 22 2016,8.5939,8.5708,8.6029,8.5646,0.27
04 25 2016,8.598,8.5917,8.6076,8.5825,0.05
04 26 2016,8.5623,8.5972,8.6191,8.5596,-0.42
04 27 2016,8.5563,8.5605,8.5875,8.5519,-0.07
04 28 2016,8.5591,8.5544,8.5807,8.5477,0.03
04 29 2016,8.5631,8.5572,8.5818,8.5434,0.05
05 02 2016,8.5516,8.5613,8.5691,8.5453,-0.13
05 03 2016,8.5745,8.5495,8.5769,8.5345,0.27
05 04 2016,8.5831,8.5726,8.5925,8.5672,0.1
05 05 2016,8.575,8.5812,8.5905,8.5612,-0.09
05 06 2016,8.581,8.5742,8.5967,8.5634,0.07
05 09 2016,8.5976,8.579,8.6035,8.5542,0.19
05 10 2016,8.5842,8.5956,8.6035,8.5716,-0.16
05 11 2016,8.5767,8.5822,8.6132,8.57,-0.09
05 12 2016,8.6029,8.5744,8.6065,8.5708,0.31
05 13 2016,8.6112,8.6009,8.6211,8.5941,0.1
05 16 2016,8.6097,8.6097,8.6242,8.5938,-0.02
05 17 2016,8.6086,8.6078,8.6184,8.5874,-0.01
05 18 2016,8.6468,8.6064,8.6504,8.6064,0.44
05 19 2016,8.6818,8.6451,8.7033,8.6377,0.4
05 20 2016,8.6768,8.6802,8.6976,8.6673,-0.06
05 23 2016,8.6779,8.6764,8.7029,8.6561,0.01
05 24 2016,8.7056,8.676,8.7274,8.676,0.32
05 25 2016,8.6629,8.7034,8.7176,8.6542,-0.49
05 26 2016,8.617,8.665,8.6831,8.6135,-0.53
05 27 2016,8.6306,8.617,8.6454,8.6101,0.16
05 30 2016,8.6456,8.6297,8.6738,8.6288,0.17
05 31 2016,8.6483,8.6436,8.6695,8.6365,0.03
06 01 2016,8.6777,8.646,8.6892,8.6364,0.34
06 02 2016,8.6565,8.6756,8.6875,8.6481,-0.24
06 03 2016,8.625,8.6568,8.6713,8.6191,-0.36
06 06 2016,8.5986,8.6238,8.6339,8.5965,-0.31
06 07 2016,8.5836,8.5991,8.6217,8.5775,-0.17
06 08 2016,8.5694,8.5817,8.6046,8.5598,-0.17
06 09 2016,8.6002,8.5676,8.606,8.5632,0.36
06 10 2016,8.625,8.6021,8.6321,8.5933,0.29
06 13 2016,8.6547,8.6233,8.6599,8.6153,0.34
06 14 2016,8.6713,8.6528,8.6848,8.6367,0.19
06 15 2016,8.644,8.6693,8.6782,8.6313,-0.31
06 16 2016,8.6756,8.642,8.6917,8.6417,0.37
06 17 2016,8.6428,8.6741,8.6765,8.6372,-0.38
06 20 2016,8.7041,8.6404,8.7244,8.6398,0.71
06 21 2016,8.7146,8.7026,8.7327,8.6748,0.12
06 22 2016,8.6935,8.7124,8.7239,8.679,-0.24
06 23 2016,8.6731,8.6907,8.6988,8.6607,-0.23
06 24 2016,8.7465,8.6711,8.7926,8.6664,0.85
06 27 2016,8.7505,8.7462,8.7777,8.7358,0.05
06 28 2016,8.7276,8.7481,8.7615,8.7166,-0.26
06 29 2016,8.689,8.7255,8.7454,8.6823,-0.44
06 30 2016,8.6998,8.6835,8.7279,8.6835,0.12
07 01 2016,8.6603,8.6991,8.7027,8.6533,-0.45
07 04 2016,8.67,8.6581,8.6755,8.6497,0.11
07 05 2016,8.692,8.6682,8.7045,8.6645,0.25
07 06 2016,8.6893,8.6903,8.7076,8.6808,-0.03
07 07 2016,8.6997,8.6864,8.7051,8.6734,0.12
07 08 2016,8.6541,8.6976,8.7034,8.644,-0.52
07 11 2016,8.6542,8.6524,8.6764,8.6367,0
07 12 2016,8.6332,8.6521,8.6651,8.6292,-0.24
07 13 2016,8.6399,8.629,8.6667,8.6266,0.08
07 14 2016,8.6209,8.6367,8.6441,8.6128,-0.22
07 15 2016,8.6585,8.6189,8.663,8.6171,0.44
07 18 2016,8.658,8.6532,8.6678,8.6404,-0.01
07 19 2016,8.6651,8.6563,8.6716,8.6455,0.08
07 20 2016,8.6597,8.661,8.6728,8.6497,-0.06
07 21 2016,8.6581,8.6579,8.6742,8.6469,-0.02
07 22 2016,8.6564,8.6559,8.6674,8.6422,-0.02
07 25 2016,8.6907,8.6537,8.7004,8.6488,0.4
07 26 2016,8.6787,8.689,8.6946,8.6693,-0.14
07 27 2016,8.6469,8.6766,8.6867,8.6415,-0.37
07 28 2016,8.64,8.6435,8.6535,8.6284,-0.08
07 29 2016,8.5921,8.6381,8.6543,8.5831,-0.55
08 01 2016,8.6029,8.5882,8.6125,8.5848,0.13
08 02 2016,8.5921,8.6005,8.61,8.576,-0.13
08 03 2016,8.6053,8.5907,8.6381,8.5899,0.15
08 04 2016,8.6174,8.6033,8.6387,8.5996,0.14
08 05 2016,8.6191,8.6154,8.6269,8.6006,0.02
08 08 2016,8.6129,8.6167,8.621,8.5956,-0.07
08 09 2016,8.6087,8.6119,8.6362,8.6016,-0.05
08 10 2016,8.6077,8.6067,8.6136,8.5852,-0.01
08 11 2016,8.6058,8.6057,8.6286,8.6024,-0.02
08 12 2016,8.6265,8.6037,8.6286,8.602,0.24
08 15 2016,8.6199,8.6137,8.6335,8.6105,-0.08
08 16 2016,8.6241,8.618,8.6303,8.5974,0.05
08 17 2016,8.6264,8.6204,8.6388,8.6182,0.03
08 18 2016,8.6195,8.625,8.6302,8.6018,-0.08
08 19 2016,8.6593,8.6174,8.6682,8.6164,0.46
08 22 2016,8.6678,8.6532,8.6898,8.652,0.1
08 23 2016,8.6572,8.6657,8.6688,8.6441,-0.12
08 24 2016,8.6625,8.6537,8.6791,8.6451,0.06
08 25 2016,8.6412,8.6552,8.663,8.6386,-0.25
08 26 2016,8.655,8.6397,8.6585,8.6151,0.16
08 29 2016,8.653,8.6529,8.6662,8.645,-0.02
08 30 2016,8.6555,8.6489,8.6582,8.6267,0.03
08 31 2016,8.6336,8.6535,8.657,8.6253,-0.25
09 01 2016,8.6107,8.6316,8.6496,8.6044,-0.27
09 02 2016,8.6128,8.6093,8.6258,8.5829,0.02
09 05 2016,8.5709,8.6062,8.6149,8.5592,-0.49
09 06 2016,8.5465,8.5637,8.5851,8.5417,-0.28
09 07 2016,8.5714,8.543,8.5747,8.5426,0.29
09 08 2016,8.5896,8.5692,8.5958,8.5545,0.21
09 09 2016,8.6237,8.5886,8.6249,8.5641,0.4
09 12 2016,8.6025,8.62,8.6362,8.5994,-0.25
09 13 2016,8.654,8.6009,8.6548,8.5996,0.6
09 14 2016,8.6099,8.6519,8.6538,8.6064,-0.51
09 15 2016,8.6176,8.6079,8.6471,8.6047,0.09
09 16 2016,8.6452,8.6161,8.6519,8.6055,0.32
09 19 2016,8.634,8.6428,8.6466,8.6172,-0.13
09 20 2016,8.6353,8.6317,8.647,8.624,0.02
09 21 2016,8.606,8.6333,8.6577,8.6035,-0.34
09 22 2016,8.5917,8.6041,8.6275,8.5763,-0.17
09 23 2016,8.6001,8.5894,8.6061,8.5841,0.1
09 26 2016,8.5892,8.5984,8.6138,8.5788,-0.13
09 27 2016,8.5654,8.5875,8.6023,8.5613,-0.28
09 28 2016,8.5571,8.5622,8.5827,8.5547,-0.1
09 29 2016,8.6143,8.5548,8.6343,8.5524,0.67
09 30 2016,8.5809,8.6126,8.6231,8.5751,-0.39
10 03 2016,8.5802,8.58,8.5892,8.5639,-0.01
10 04 2016,8.5874,8.5781,8.5918,8.5556,0.08
10 05 2016,8.5819,8.5854,8.5957,8.5714,-0.06
10 06 2016,8.598,8.5798,8.6109,8.5777,0.19
10 07 2016,8.5846,8.5961,8.6223,8.5751,-0.16
10 10 2016,8.5702,8.5829,8.5876,8.5656,-0.17
10 11 2016,8.6146,8.5682,8.6188,8.5682,0.52
10 12 2016,8.6128,8.6124,8.6228,8.6003,-0.02
10 13 2016,8.6109,8.6109,8.6352,8.6003,-0.02
10 14 2016,8.5991,8.6088,8.6249,8.5872,-0.14
10 17 2016,8.6082,8.5969,8.6227,8.5967,0.11
10 18 2016,8.6003,8.6061,8.6104,8.5884,-0.09
10 19 2016,8.5909,8.5983,8.6068,8.5847,-0.11
10 20 2016,8.6141,8.5894,8.6198,8.5848,0.27
10 21 2016,8.6265,8.612,8.6375,8.6039,0.14
10 24 2016,8.6167,8.6245,8.6299,8.605,-0.11
10 25 2016,8.6128,8.6155,8.6307,8.6025,-0.05
10 26 2016,8.6193,8.6107,8.6253,8.6057,0.08
10 27 2016,8.6241,8.6172,8.6341,8.6099,0.06
10 28 2016,8.6111,8.6225,8.6321,8.5978,-0.15
10 31 2016,8.5987,8.61,8.6143,8.5926,-0.14
11 01 2016,8.6004,8.5967,8.6114,8.5938,0.02
11 02 2016,8.6085,8.5989,8.6235,8.5898,0.09
11 03 2016,8.5968,8.6087,8.6139,8.5898,-0.14
11 04 2016,8.6123,8.5949,8.6145,8.5924,0.18
11 07 2016,8.6064,8.6105,8.6134,8.5953,-0.07
11 08 2016,8.5427,8.6048,8.607,8.5399,-0.74
11 09 2016,8.5759,8.5406,8.6328,8.5382,0.39
11 10 2016,8.6209,8.5724,8.6227,8.5518,0.52
11 11 2016,8.7087,8.6188,8.7099,8.6175,1.02
11 14 2016,8.7369,8.7038,8.7388,8.6931,0.32
11 15 2016,8.7377,8.7349,8.749,8.7043,0.01
11 16 2016,8.7652,8.7361,8.7815,8.7152,0.31
11 17 2016,8.7689,8.7637,8.7756,8.7348,0.04
11 18 2016,8.7912,8.7676,8.7982,8.7566,0.25
11 21 2016,8.7966,8.7876,8.8055,8.7672,0.06
11 22 2016,8.8187,8.7947,8.8311,8.7742,0.25
11 23 2016,8.8674,8.8172,8.8804,8.8129,0.55
11 24 2016,8.8649,8.8659,8.8806,8.8405,-0.03
11 25 2016,8.8341,8.8628,8.8658,8.8042,-0.35
11 28 2016,8.8413,8.8331,8.8725,8.8121,0.08
11 29 2016,8.8462,8.8394,8.8681,8.8375,0.06
11 30 2016,8.844,8.8441,8.8595,8.8128,-0.02
12 01 2016,8.7975,8.8424,8.8449,8.7899,-0.53
12 02 2016,8.7722,8.7958,8.8187,8.7677,-0.29
12 05 2016,8.7719,8.7698,8.804,8.7683,0
12 06 2016,8.7342,8.7704,8.7883,8.7235,-0.43
12 07 2016,8.6946,8.7322,8.765,8.6915,-0.45
12 08 2016,8.7095,8.693,8.7114,8.6775,0.17
12 09 2016,8.6954,8.7079,8.7196,8.6818,-0.16
12 12 2016,8.6921,8.6947,8.7183,8.6827,-0.04
12 13 2016,8.6915,8.6904,8.7161,8.6829,-0.01
12 14 2016,8.697,8.69,8.7169,8.6861,0.06
12 15 2016,8.7436,8.693,8.7554,8.6919,0.54
12 16 2016,8.7372,8.742,8.7449,8.7217,-0.07
12 19 2016,8.7354,8.7355,8.7416,8.7169,-0.02
12 20 2016,8.7451,8.7342,8.7696,8.7289,0.11
12 21 2016,8.7387,8.743,8.7668,8.7295,-0.07
12 22 2016,8.741,8.7375,8.764,8.7356,0.03
12 23 2016,8.7427,8.7395,8.7542,8.7275,0.02
12 26 2016,8.73,8.7412,8.7454,8.7219,-0.15
12 27 2016,8.7609,8.7363,8.7752,8.73,0.35
12 28 2016,8.795,8.7595,8.7986,8.7561,0.39
12 29 2016,8.7601,8.7933,8.7991,8.7542,-0.4
12 30 2016,8.7632,8.7585,8.7693,8.7476,0.04
01 02 2017,8.785,8.7604,8.7957,8.7513,0.25
01 03 2017,8.8005,8.7841,8.8236,8.7717,0.18
01 04 2017,8.7536,8.7994,8.8066,8.7473,-0.53
01 05 2017,8.7362,8.7534,8.77,8.732,-0.2
01 06 2017,8.7826,8.7344,8.7939,8.7337,0.53
01 09 2017,8.7802,8.7815,8.8066,8.7746,-0.03
01 10 2017,8.8112,8.7781,8.8142,8.7652,0.35
01 11 2017,8.8089,8.8095,8.8374,8.7898,-0.03
01 12 2017,8.7875,8.8015,8.8035,8.7607,-0.24
01 13 2017,8.7919,8.7859,8.8061,8.7784,0.05
01 16 2017,8.7814,8.7891,8.8046,8.7754,-0.12
01 17 2017,8.7499,8.7799,8.7885,8.7472,-0.36
01 18 2017,8.7955,8.7474,8.796,8.7474,0.52
01 19 2017,8.779,8.7939,8.8072,8.772,-0.19
01 20 2017,8.7754,8.7773,8.8025,8.7582,-0.04
01 23 2017,8.7733,8.7739,8.7961,8.7634,-0.02
01 24 2017,8.7837,8.7717,8.7897,8.7701,0.12
01 25 2017,8.7642,8.7821,8.7919,8.7603,-0.22
01 26 2017,8.7878,8.7627,8.795,8.759,0.27
01 27 2017,8.7773,8.7863,8.798,8.7624,-0.12
01 30 2017,8.7427,8.7764,8.78,8.732,-0.39
01 31 2017,8.7016,8.7411,8.7543,8.6901,-0.47
02 01 2017,8.6878,8.6981,8.7259,8.6843,-0.16
02 02 2017,8.6613,8.685,8.7005,8.6595,-0.31
02 03 2017,8.6604,8.6605,8.6899,8.656,-0.01
02 06 2017,8.6609,8.6575,8.6695,8.6505,0.01
02 07 2017,8.6807,8.6579,8.6961,8.657,0.23
02 08 2017,8.641,8.6779,8.6856,8.6394,-0.46
02 09 2017,8.6057,8.6406,8.647,8.5962,-0.41
02 10 2017,8.6173,8.602,8.6393,8.6014,0.13
02 13 2017,8.6317,8.6113,8.6464,8.6106,0.17
02 14 2017,8.6131,8.6247,8.6348,8.6059,-0.22
02 15 2017,8.6183,8.6093,8.6327,8.6089,0.06
02 16 2017,8.6448,8.6148,8.6519,8.6121,0.31
02 17 2017,8.6427,8.642,8.6558,8.63,-0.02
02 20 2017,8.6208,8.64,8.6427,8.6176,-0.25
02 21 2017,8.6308,8.6189,8.6364,8.6183,0.12
02 22 2017,8.627,8.627,8.6417,8.6157,-0.04
02 23 2017,8.5945,8.6193,8.6294,8.5929,-0.38
02 24 2017,8.5872,8.5933,8.5979,8.579,-0.08
02 27 2017,8.5938,8.583,8.605,8.5824,0.08
02 28 2017,8.596,8.5921,8.6112,8.5821,0.03
03 01 2017,8.6133,8.5924,8.6199,8.5901,0.2
03 02 2017,8.6036,8.61,8.6136,8.5874,-0.11
03 03 2017,8.6021,8.6001,8.6195,8.5967,-0.02
03 06 2017,8.5873,8.5969,8.604,8.5812,-0.17
03 07 2017,8.5809,8.5838,8.5899,8.5757,-0.07
03 08 2017,8.5969,8.5795,8.5976,8.5772,0.19
03 09 2017,8.5892,8.5954,8.6098,8.5798,-0.09
03 10 2017,8.5718,8.5864,8.5949,8.5663,-0.2
03 13 2017,8.5234,8.5673,8.5717,8.5154,-0.56
03 14 2017,8.468,8.5202,8.5315,8.4584,-0.65
03 15 2017,8.4512,8.4644,8.4689,8.419,-0.2
03 16 2017,8.4218,8.4492,8.4538,8.3999,-0.35
03 17 2017,8.4356,8.4187,8.4598,8.4176,0.16
03 20 2017,8.4147,8.4317,8.4365,8.4068,-0.25
03 21 2017,8.4143,8.4107,8.4309,8.396,0
03 22 2017,8.4284,8.4092,8.4451,8.4081,0.17
03 23 2017,8.4274,8.425,8.4439,8.4165,-0.01
03 24 2017,8.4241,8.424,8.4389,8.4132,-0.04
03 27 2017,8.3678,8.4192,8.4241,8.3613,-0.67
03 28 2017,8.3733,8.3643,8.3854,8.3627,0.07
03 29 2017,8.3504,8.3697,8.3841,8.3458,-0.27
03 30 2017,8.3478,8.3467,8.3634,8.3428,-0.03
03 31 2017,8.3465,8.3462,8.3638,8.3377,-0.02
04 03 2017,8.3619,8.3438,8.3769,8.3325,0.18
04 04 2017,8.3749,8.3584,8.3844,8.3579,0.16
04 05 2017,8.3506,8.373,8.3887,8.3474,-0.29
04 06 2017,8.3148,8.3492,8.3735,8.3009,-0.43
04 07 2017,8.2728,8.3135,8.333,8.2557,-0.51
04 10 2017,8.3143,8.2714,8.3154,8.27,0.5
04 11 2017,8.307,8.3109,8.3245,8.2867,-0.09
04 12 2017,8.3243,8.306,8.3291,8.3033,0.21
04 13 2017,8.2897,8.3234,8.3259,8.2675,-0.42
04 14 2017,8.2955,8.2876,8.2961,8.2863,0.07
04 17 2017,8.296,8.2913,8.3054,8.2693,0.01
04 18 2017,8.3109,8.2928,8.3175,8.2914,0.18
04 19 2017,8.3178,8.3086,8.3187,8.2962,0.08
04 20 2017,8.3115,8.3145,8.3254,8.2981,-0.08
04 21 2017,8.3149,8.3099,8.3206,8.3,0.04
04 24 2017,8.2899,8.3119,8.3132,8.2812,-0.3
04 25 2017,8.269,8.2887,8.2907,8.2483,-0.25
04 26 2017,8.2425,8.2682,8.2713,8.2126,-0.32
04 27 2017,8.2399,8.2399,8.248,8.2193,-0.03
04 28 2017,8.2652,8.2377,8.2798,8.2365,0.31
05 01 2017,8.2606,8.262,8.2658,8.2579,-0.06
05 02 2017,8.2462,8.2588,8.2619,8.2408,-0.17
05 03 2017,8.2454,8.2437,8.2503,8.238,-0.01
05 04 2017,8.2514,8.2432,8.2568,8.2426,0.07
05 05 2017,8.2624,8.2492,8.274,8.2478,0.13
05 08 2017,8.2681,8.2609,8.2711,8.246,0.07
05 09 2017,8.3096,8.2644,8.3124,8.264,0.5
05 10 2017,8.2985,8.3081,8.3119,8.2866,-0.13
05 11 2017,8.2684,8.2945,8.2972,8.2592,-0.36
05 12 2017,8.243,8.2666,8.2678,8.241,-0.31
05 15 2017,8.2264,8.2421,8.2486,8.213,-0.2
05 16 2017,8.2233,8.2235,8.2418,8.2183,-0.04
05 17 2017,8.2371,8.2211,8.2414,8.2148,0.17
05 18 2017,8.3374,8.2356,8.341,8.2346,1.22
05 19 2017,8.2955,8.3355,8.3548,8.293,-0.5
05 22 2017,8.2865,8.2939,8.3038,8.2757,-0.11
05 23 2017,8.3326,8.2824,8.3363,8.2801,0.56
05 24 2017,8.3157,8.3287,8.341,8.3053,-0.2
05 25 2017,8.2855,8.3129,8.3163,8.277,-0.36
05 26 2017,8.2777,8.284,8.2932,8.2648,-0.09
05 29 2017,8.2808,8.2774,8.2875,8.2681,0.04
05 30 2017,8.2941,8.2799,8.3031,8.2789,0.16
05 31 2017,8.279,8.2918,8.2935,8.2716,-0.18
06 01 2017,8.2756,8.2777,8.2904,8.2621,-0.04
06 02 2017,8.2706,8.27,8.2804,8.256,-0.06
06 05 2017,8.2582,8.2669,8.2689,8.2497,-0.15
06 06 2017,8.2667,8.2568,8.2733,8.251,0.1
06 07 2017,8.2665,8.2653,8.2799,8.248,0
06 08 2017,8.2399,8.2626,8.2654,8.2334,-0.32
06 09 2017,8.2395,8.2383,8.2543,8.229,0
06 12 2017,8.2675,8.239,8.2692,8.2375,0.34
06 13 2017,8.2518,8.2658,8.2734,8.2473,-0.19
06 14 2017,8.2374,8.2486,8.2545,8.2329,-0.17
06 15 2017,8.2758,8.236,8.2833,8.2344,0.47
06 16 2017,8.2641,8.2727,8.3016,8.2543,-0.14
06 19 2017,8.2686,8.259,8.2698,8.2475,0.05
06 20 2017,8.2735,8.2652,8.2751,8.2576,0.06
06 21 2017,8.2718,8.2723,8.2919,8.2669,-0.02
06 22 2017,8.284,8.2704,8.2866,8.2613,0.15
06 23 2017,8.2698,8.2815,8.286,8.2593,-0.17
06 26 2017,8.2624,8.2666,8.2699,8.2592,-0.09
06 27 2017,8.2652,8.2615,8.2749,8.2564,0.03
06 28 2017,8.2683,8.2643,8.2871,8.2629,0.04
06 29 2017,8.2837,8.2649,8.2875,8.2559,0.19
06 30 2017,8.2772,8.2832,8.307,8.2726,-0.08
07 03 2017,8.3015,8.2767,8.3129,8.2746,0.29
07 04 2017,8.2988,8.3005,8.3092,8.2856,-0.03
07 05 2017,8.2993,8.2963,8.3092,8.2818,0.01
07 06 2017,8.2868,8.299,8.3018,8.2834,-0.15
07 07 2017,8.2728,8.2858,8.2936,8.2589,-0.17
07 10 2017,8.2526,8.2695,8.274,8.2476,-0.24
07 11 2017,8.2645,8.2495,8.2708,8.2476,0.14
07 12 2017,8.2542,8.2621,8.2704,8.2498,-0.12
07 13 2017,8.2552,8.2504,8.2576,8.246,0.01
07 14 2017,8.2553,8.2544,8.2642,8.2447,0
07 17 2017,8.2447,8.2457,8.2547,8.2412,-0.13
07 18 2017,8.24,8.2415,8.2549,8.2326,-0.06
07 19 2017,8.2308,8.2336,8.2456,8.2261,-0.11
07 20 2017,8.2424,8.228,8.2551,8.2267,0.14
07 21 2017,8.2442,8.2416,8.2467,8.2343,0.02
07 24 2017,8.2487,8.2448,8.2593,8.2363,0.05
07 25 2017,8.2452,8.2473,8.2517,8.2401,-0.04
07 26 2017,8.2409,8.2441,8.257,8.233,-0.05
07 27 2017,8.2112,8.2353,8.239,8.204,-0.36
07 28 2017,8.2097,8.2091,8.2262,8.2068,-0.02
07 31 2017,8.2201,8.2082,8.2289,8.2009,0.13
08 01 2017,8.2032,8.216,8.2174,8.1961,-0.21
08 02 2017,8.1411,8.2023,8.2079,8.1343,-0.76
08 03 2017,8.1493,8.1402,8.1509,8.1306,0.1
08 04 2017,8.1436,8.1466,8.1594,8.1319,-0.07
08 07 2017,8.1639,8.1378,8.1653,8.1347,0.25
08 08 2017,8.1413,8.161,8.1624,8.1316,-0.28
08 09 2017,8.1711,8.1401,8.172,8.137,0.37
08 10 2017,8.1989,8.1702,8.2046,8.1678,0.34
08 11 2017,8.2025,8.198,8.2212,8.1967,0.04
08 14 2017,8.1942,8.2019,8.2035,8.1744,-0.1
08 15 2017,8.1957,8.1941,8.1982,8.1928,0.02
08 16 2017,8.2041,8.1954,8.2246,8.1945,0.1
08 17 2017,8.2022,8.204,8.2052,8.2015,-0.02
08 18 2017,8.1929,8.2023,8.2038,8.1907,-0.11
08 21 2017,8.1942,8.1928,8.2004,8.182,0.02
08 22 2017,8.1868,8.1944,8.1966,8.1859,-0.09
08 23 2017,8.1843,8.1868,8.1972,8.1829,-0.03
08 24 2017,8.1871,8.1842,8.1899,8.1784,0.03
08 25 2017,8.1861,8.1871,8.1878,8.1819,-0.01
08 28 2017,8.1684,8.186,8.186,8.1611,-0.22
08 29 2017,8.1811,8.1681,8.1843,8.1678,0.16
08 30 2017,8.1775,8.1809,8.1817,8.1616,-0.04
08 31 2017,8.1697,8.1774,8.1859,8.1652,-0.1
09 01 2017,8.1834,8.1699,8.1866,8.1637,0.17
09 04 2017,8.1842,8.183,8.2014,8.1705,0.01
09 05 2017,8.1913,8.1836,8.2005,8.1836,0.09
09 06 2017,8.186,8.1913,8.2125,8.1854,-0.06
09 07 2017,8.1919,8.1863,8.1997,8.1779,0.07
09 08 2017,8.1642,8.1933,8.2139,8.1632,-0.34
09 11 2017,8.1855,8.1639,8.1856,8.1609,0.26
09 12 2017,8.1972,8.1855,8.1982,8.182,0.14
09 13 2017,8.1928,8.1974,8.1993,8.1887,-0.05
09 14 2017,8.2071,8.192,8.2151,8.1916,0.17
09 15 2017,8.1993,8.2072,8.2115,8.1948,-0.1
09 18 2017,8.208,8.1992,8.2098,8.1884,0.11
09 19 2017,8.2386,8.2079,8.2464,8.2076,0.37
09 20 2017,8.2424,8.2385,8.255,8.2311,0.05
09 21 2017,8.3043,8.2429,8.3095,8.2373,0.75
09 22 2017,8.2971,8.3037,8.3445,8.2932,-0.09
09 25 2017,8.3348,8.2971,8.3405,8.2844,0.45
09 26 2017,8.3796,8.3348,8.3844,8.3338,0.54
09 27 2017,8.4148,8.3794,8.4229,8.3704,0.42
09 28 2017,8.3808,8.4153,8.441,8.3795,-0.4
09 29 2017,8.361,8.3799,8.382,8.3516,-0.24
10 02 2017,8.3598,8.3612,8.3641,8.3593,-0.01
10 03 2017,8.3835,8.3596,8.4026,8.3593,0.28
10 04 2017,8.3294,8.3834,8.3867,8.3193,-0.65
10 05 2017,8.3416,8.3293,8.3491,8.3205,0.15
10 06 2017,8.3781,8.3423,8.3797,8.3422,0.44
10 09 2017,8.372,8.3773,8.3829,8.364,-0.07
10 10 2017,8.3609,8.3719,8.3769,8.3543,-0.13
10 11 2017,8.3458,8.3614,8.3715,8.3439,-0.18
10 12 2017,8.3328,8.3456,8.3491,8.3292,-0.16
10 13 2017,8.2874,8.3319,8.3333,8.2862,-0.54
10 16 2017,8.2873,8.2872,8.2939,8.2844,0
10 17 2017,8.3284,8.2872,8.3317,8.2844,0.5
10 18 2017,8.3307,8.3296,8.3467,8.321,0.03
10 19 2017,8.332,8.3295,8.3421,8.3294,0.02
10 20 2017,8.3358,8.3324,8.3367,8.3295,0.05
10 23 2017,8.3354,8.3347,8.3455,8.3275,0
10 24 2017,8.3403,8.336,8.3449,8.3163,0.06
10 25 2017,8.3208,8.3396,8.354,8.313,-0.23
10 26 2017,8.3101,8.3202,8.3232,8.2961,-0.13
10 27 2017,8.3345,8.3096,8.3433,8.3078,0.29
10 30 2017,8.3165,8.3349,8.3365,8.3074,-0.22
10 31 2017,8.3001,8.3165,8.3169,8.297,-0.2
11 01 2017,8.2772,8.2994,8.301,8.2688,-0.28
11 02 2017,8.2776,8.277,8.29,8.2637,0
11 03 2017,8.2744,8.2788,8.286,8.2698,-0.04
11 06 2017,8.2834,8.2742,8.298,8.2725,0.11
11 07 2017,8.3361,8.2843,8.3392,8.2812,0.64
11 08 2017,8.3257,8.3355,8.3506,8.3244,-0.12
11 09 2017,8.3308,8.3256,8.3348,8.3164,0.06
11 10 2017,8.3566,8.3316,8.3573,8.3293,0.31
,,,,,
,Highest:8.8806,Lowest:7.5111,Difference:1.3695,Average:8.2886,Change %:4.8323
