Date,usdPRICE,usdopen,usdhigh,usdlow,Change ,Price,Open,High,Low
01 01 2014,77.41,77.16,77.95,77.16,0,1.190923077,1.187076923,1.199230769,1.187076923
01 02 2014,77.4,77.16,77.96,77.15,-0.01,1.190769231,1.187076923,1.199384615,1.186923077
01 03 2014,77.37,77.15,77.95,77.12,-0.04,1.190307692,1.186923077,1.199230769,1.186461538
01 06 2014,77.8,77.12,77.95,77.12,0.56,1.196923077,1.186461538,1.199230769,1.186461538
01 07 2014,77.42,77.55,77.95,77.17,-0.49,1.191076923,1.193076923,1.199230769,1.187230769
01 08 2014,77.95,77.17,77.96,77.17,0.68,1.199230769,1.187230769,1.199384615,1.187230769
01 09 2014,77.95,77.7,77.96,77.2,0,1.199230769,1.195384615,1.199384615,1.187692308
01 10 2014,77.95,77.7,77.95,77.57,0,1.199230769,1.195384615,1.199230769,1.193384615
01 13 2014,77.42,77.18,77.95,77.17,-0.68,1.191076923,1.187384615,1.199230769,1.187230769
01 14 2014,77.78,77.17,77.81,77.17,0.46,1.196615385,1.187230769,1.197076923,1.187230769
01 15 2014,77.86,77.53,77.95,77.2,0.1,1.197846154,1.192769231,1.199230769,1.187692308
01 16 2014,77.4,77.61,77.94,77.15,-0.59,1.190769231,1.194,1.199076923,1.186923077
01 17 2014,77.78,77.15,77.81,77.15,0.49,1.196615385,1.186923077,1.197076923,1.186923077
01 20 2014,77.44,77.53,77.95,77.19,-0.44,1.191384615,1.192769231,1.199230769,1.187538462
01 21 2014,77.4,77.19,77.97,77.15,-0.05,1.190769231,1.187538462,1.199538462,1.186923077
01 22 2014,77.43,77.15,77.95,77.15,0.04,1.191230769,1.186923077,1.199230769,1.186923077
01 23 2014,77.77,77.17,77.94,77.17,0.44,1.196461538,1.187230769,1.199076923,1.187230769
01 24 2014,77.73,77.52,77.79,77.48,-0.05,1.195846154,1.192615385,1.196769231,1.192
01 27 2014,77.43,77.48,77.9,77.18,-0.39,1.191230769,1.192,1.198461538,1.187384615
01 28 2014,77.75,77.18,77.94,77.15,0.41,1.196153846,1.187384615,1.199076923,1.186923077
01 29 2014,77.77,77.5,77.94,77.2,0.03,1.196461538,1.192307692,1.199076923,1.187692308
01 30 2014,77.78,77.52,77.95,77.52,0.01,1.196615385,1.192615385,1.199230769,1.192615385
01 31 2014,77.77,77.53,77.82,77.52,-0.01,1.196461538,1.192769231,1.197230769,1.192615385
02 03 2014,77.79,77.56,77.94,77.52,0.03,1.196769231,1.193230769,1.199076923,1.192615385
02 04 2014,77.77,77.54,77.94,77.52,-0.03,1.196461538,1.192923077,1.199076923,1.192615385
02 05 2014,77.75,77.52,77.9,77.5,-0.03,1.196153846,1.192615385,1.198461538,1.192307692
02 06 2014,77.75,77.5,77.94,77.5,0,1.196153846,1.192307692,1.199076923,1.192307692
02 07 2014,77.77,77.5,77.79,77.48,0.03,1.196461538,1.192307692,1.196769231,1.192
02 10 2014,77.77,77.52,77.95,77.52,0,1.196461538,1.192615385,1.199230769,1.192615385
02 11 2014,77.42,77.52,77.95,77.17,-0.45,1.191076923,1.192615385,1.199230769,1.187230769
02 12 2014,77.85,77.17,77.93,77.17,0.56,1.197692308,1.187230769,1.198923077,1.187230769
02 13 2014,77.42,77.6,77.91,77.17,-0.55,1.191076923,1.193846154,1.198615385,1.187230769
02 14 2014,77.75,77.17,77.77,77.17,0.43,1.196153846,1.187230769,1.196461538,1.187230769
02 17 2014,77.75,77.5,77.91,77.5,0,1.196153846,1.192307692,1.198615385,1.192307692
02 18 2014,77.8,77.5,77.95,77.5,0.06,1.196923077,1.192307692,1.199230769,1.192307692
02 19 2014,77.82,77.55,78,77.51,0.03,1.197230769,1.193076923,1.2,1.192461538
02 20 2014,77.73,77.57,77.85,77.48,-0.12,1.195846154,1.193384615,1.197692308,1.192
02 21 2014,77.71,77.48,77.73,77.46,-0.03,1.195538462,1.192,1.195846154,1.191692308
02 24 2014,77.7,77.46,77.71,77.45,-0.01,1.195384615,1.191692308,1.195538462,1.191538462
02 25 2014,77.68,77.45,77.94,77.43,-0.03,1.195076923,1.191538462,1.199076923,1.191230769
02 26 2014,77.67,77.43,77.68,77.42,-0.01,1.194923077,1.191230769,1.195076923,1.191076923
02 27 2014,77.62,77.42,77.94,77.37,-0.06,1.194153846,1.191076923,1.199076923,1.190307692
02 28 2014,77.62,77.37,77.62,77.37,0,1.194153846,1.190307692,1.194153846,1.190307692
03 03 2014,77.58,77.37,77.62,77.33,-0.05,1.193538462,1.190307692,1.194153846,1.189692308
03 04 2014,77.97,77.33,77.98,77.33,0.5,1.199538462,1.189692308,1.199692308,1.189692308
03 05 2014,77.9,77.72,77.98,77.65,-0.09,1.198461538,1.195692308,1.199692308,1.194615385
03 06 2014,77.88,77.65,77.98,77.63,-0.03,1.198153846,1.194615385,1.199692308,1.194307692
03 07 2014,77.87,77.63,77.88,77.62,-0.01,1.198,1.194307692,1.198153846,1.194153846
03 10 2014,77.82,77.6,77.85,77.57,-0.06,1.197230769,1.193846154,1.197692308,1.193384615
03 11 2014,77.8,77.57,77.82,77.55,-0.03,1.196923077,1.193384615,1.197230769,1.193076923
03 12 2014,77.75,77.55,77.8,77.5,-0.06,1.196153846,1.193076923,1.196923077,1.192307692
03 13 2014,77.72,77.5,77.75,77.47,-0.04,1.195692308,1.192307692,1.196153846,1.191846154
03 14 2014,77.68,77.47,77.72,77.43,-0.05,1.195076923,1.191846154,1.195692308,1.191230769
03 17 2014,77.65,77.43,77.68,77.4,-0.04,1.194615385,1.191230769,1.195076923,1.190769231
03 18 2014,77.87,77.4,77.9,77.4,0.28,1.198,1.190769231,1.198461538,1.190769231
03 19 2014,77.87,77.62,77.9,77.62,0,1.198,1.194153846,1.198461538,1.194153846
03 20 2014,77.83,77.62,77.88,77.58,-0.05,1.197384615,1.194153846,1.198153846,1.193538462
03 21 2014,77.78,77.58,77.83,77.53,-0.06,1.196615385,1.193538462,1.197384615,1.192769231
03 24 2014,77.7,77.53,77.78,77.45,-0.1,1.195384615,1.192769231,1.196615385,1.191538462
03 25 2014,77.72,77.45,77.75,77.45,0.03,1.195692308,1.191538462,1.196153846,1.191538462
03 26 2014,77.68,77.47,77.72,77.43,-0.05,1.195076923,1.191846154,1.195692308,1.191230769
03 27 2014,77.65,77.43,77.75,77.4,-0.04,1.194615385,1.191230769,1.196153846,1.190769231
03 28 2014,77.62,77.4,77.65,77.37,-0.04,1.194153846,1.190769231,1.194615385,1.190307692
03 31 2014,77.79,77.37,77.8,77.37,0.22,1.196769231,1.190307692,1.196923077,1.190307692
04 01 2014,77.77,77.54,77.79,77.52,-0.03,1.196461538,1.192923077,1.196769231,1.192615385
04 02 2014,77.77,77.52,77.8,77.52,0,1.196461538,1.192615385,1.196923077,1.192615385
04 03 2014,77.73,77.52,77.77,77.48,-0.05,1.195846154,1.192615385,1.196461538,1.192
04 04 2014,77.72,77.48,77.73,77.47,-0.01,1.195692308,1.192,1.195846154,1.191846154
04 07 2014,77.68,77.47,77.72,77.43,-0.05,1.195076923,1.191846154,1.195692308,1.191230769
04 08 2014,77.77,77.43,77.8,77.43,0.12,1.196461538,1.191230769,1.196923077,1.191230769
04 09 2014,77.77,77.52,77.8,77.52,0,1.196461538,1.192615385,1.196923077,1.192615385
04 10 2014,77.75,77.52,78,77.5,-0.03,1.196153846,1.192615385,1.2,1.192307692
04 11 2014,77.72,77.5,77.75,77.47,-0.04,1.195692308,1.192307692,1.196153846,1.191846154
04 14 2014,77.7,77.47,77.72,77.45,-0.03,1.195384615,1.191846154,1.195692308,1.191538462
04 15 2014,77.67,77.45,77.7,77.42,-0.04,1.194923077,1.191538462,1.195384615,1.191076923
04 16 2014,77.65,77.42,77.67,77.4,-0.03,1.194615385,1.191076923,1.194923077,1.190769231
04 17 2014,77.65,77.4,77.65,77.4,0,1.194615385,1.190769231,1.194615385,1.190769231
04 18 2014,77.65,77.4,77.65,77.4,0,1.194615385,1.190769231,1.194615385,1.190769231
04 21 2014,77.65,77.4,77.83,77.4,0,1.194615385,1.190769231,1.197384615,1.190769231
04 22 2014,77.63,77.4,77.83,77.38,-0.03,1.194307692,1.190769231,1.197384615,1.190461538
04 23 2014,77.63,77.38,77.63,77.38,0,1.194307692,1.190461538,1.194307692,1.190461538
04 24 2014,77.6,77.38,77.63,77.35,-0.04,1.193846154,1.190461538,1.194307692,1.19
04 25 2014,77.58,77.35,77.6,77.33,-0.03,1.193538462,1.19,1.193846154,1.189692308
04 28 2014,77.55,77.33,77.8,77.3,-0.04,1.193076923,1.189692308,1.196923077,1.189230769
04 29 2014,77.78,77.3,77.8,77.3,0.3,1.196615385,1.189230769,1.196923077,1.189230769
04 30 2014,77.78,77.53,77.8,77.53,0,1.196615385,1.192769231,1.196923077,1.192769231
05 01 2014,77.77,77.53,77.78,77.52,-0.01,1.196461538,1.192769231,1.196615385,1.192615385
05 02 2014,77.75,77.52,77.77,77.5,-0.03,1.196153846,1.192615385,1.196461538,1.192307692
05 05 2014,77.8,77.5,78.05,77.3,0.06,1.196923077,1.192307692,1.200769231,1.189230769
05 06 2014,77.77,77.53,77.8,77.4,-0.04,1.196461538,1.192769231,1.196923077,1.190769231
05 07 2014,77.78,77.52,77.8,77.52,0.01,1.196615385,1.192615385,1.196923077,1.192615385
05 08 2014,77.75,77.53,77.79,77.5,-0.04,1.196153846,1.192769231,1.196769231,1.192307692
05 09 2014,77.73,77.5,77.75,77.48,-0.03,1.195846154,1.192307692,1.196153846,1.192
05 12 2014,77.7,77.5,77.79,77.45,-0.04,1.195384615,1.192307692,1.196769231,1.191538462
05 13 2014,77.67,77.45,77.7,77.42,-0.04,1.194923077,1.191538462,1.195384615,1.191076923
05 14 2014,77.78,77.42,77.79,77.42,0.14,1.196615385,1.191076923,1.196769231,1.191076923
05 15 2014,77.68,77.53,77.78,77.43,-0.13,1.195076923,1.192769231,1.196615385,1.191230769
05 16 2014,77.65,77.43,77.68,77.4,-0.04,1.194615385,1.191230769,1.195076923,1.190769231
05 19 2014,77.57,77.4,77.65,77.32,-0.1,1.193384615,1.190769231,1.194615385,1.189538462
05 20 2014,77.67,77.32,77.7,77.32,0.13,1.194923077,1.189538462,1.195384615,1.189538462
05 21 2014,77.69,77.42,77.7,77.42,0.03,1.195230769,1.191076923,1.195384615,1.191076923
05 22 2014,77.67,77.44,77.7,77.42,-0.03,1.194923077,1.191384615,1.195384615,1.191076923
05 23 2014,77.65,77.42,77.67,77.4,-0.03,1.194615385,1.191076923,1.194923077,1.190769231
05 26 2014,77.63,77.45,77.7,77.38,-0.03,1.194307692,1.191538462,1.195384615,1.190461538
05 27 2014,77.6,77.38,77.65,77.35,-0.04,1.193846154,1.190461538,1.194615385,1.19
05 28 2014,77.57,77.35,77.6,77.32,-0.04,1.193384615,1.19,1.193846154,1.189538462
05 29 2014,77.63,77.32,77.65,77.32,0.08,1.194307692,1.189538462,1.194615385,1.189538462
05 30 2014,77.61,77.38,77.63,77.36,-0.03,1.194,1.190461538,1.194307692,1.190153846
06 02 2014,77.6,77.35,77.6,77.35,-0.01,1.193846154,1.19,1.193846154,1.19
06 03 2014,77.6,77.35,77.65,77.35,0,1.193846154,1.19,1.194615385,1.19
06 04 2014,77.67,77.35,77.7,77.35,0.09,1.194923077,1.19,1.195384615,1.19
06 05 2014,77.63,77.42,77.67,77.38,-0.05,1.194307692,1.191076923,1.194923077,1.190461538
06 06 2014,77.63,77.38,77.63,77.38,0,1.194307692,1.190461538,1.194307692,1.190461538
06 09 2014,77.67,77.38,77.7,77.38,0.05,1.194923077,1.190461538,1.195384615,1.190461538
06 10 2014,77.67,77.42,77.7,77.42,0,1.194923077,1.191076923,1.195384615,1.191076923
06 11 2014,77.77,77.42,77.8,77.42,0.13,1.196461538,1.191076923,1.196923077,1.191076923
06 12 2014,77.77,77.52,77.8,77.52,0,1.196461538,1.192615385,1.196923077,1.192615385
06 13 2014,77.73,77.52,77.77,77.48,-0.05,1.195846154,1.192615385,1.196461538,1.192
06 16 2014,77.77,77.48,77.8,77.48,0.05,1.196461538,1.192,1.196923077,1.192
06 17 2014,77.78,77.52,77.8,77.52,0.01,1.196615385,1.192615385,1.196923077,1.192615385
06 18 2014,77.63,77.53,77.78,77.38,-0.19,1.194307692,1.192769231,1.196615385,1.190461538
06 19 2014,77.6,77.38,77.63,77.35,-0.04,1.193846154,1.190461538,1.194307692,1.19
06 20 2014,77.58,77.35,77.6,77.33,-0.03,1.193538462,1.19,1.193846154,1.189692308
06 23 2014,77.55,77.33,77.8,77.3,-0.04,1.193076923,1.189692308,1.196923077,1.189230769
06 24 2014,77.78,77.3,77.8,77.3,0.3,1.196615385,1.189230769,1.196923077,1.189230769
06 25 2014,77.79,77.53,77.8,77.53,0.01,1.196769231,1.192769231,1.196923077,1.192769231
06 26 2014,77.79,77.54,77.8,77.54,0,1.196769231,1.192923077,1.196923077,1.192923077
06 27 2014,77.77,77.54,77.79,77.52,-0.03,1.196461538,1.192923077,1.196769231,1.192615385
06 30 2014,77.77,77.52,77.82,77.52,0,1.196461538,1.192615385,1.197230769,1.192615385
07 01 2014,77.77,77.52,77.82,77.52,0,1.196461538,1.192615385,1.197230769,1.192615385
07 02 2014,77.78,77.52,77.82,77.52,0.01,1.196615385,1.192615385,1.197230769,1.192615385
07 03 2014,77.79,77.53,77.8,77.53,0.01,1.196769231,1.192769231,1.196923077,1.192769231
07 04 2014,77.79,77.54,77.79,77.54,0,1.196769231,1.192923077,1.196769231,1.192923077
07 07 2014,77.8,77.55,77.82,77.55,0.01,1.196923077,1.193076923,1.197230769,1.193076923
07 08 2014,77.75,77.55,77.8,77.5,-0.06,1.196153846,1.193076923,1.196923077,1.192307692
07 09 2014,77.8,77.5,77.82,77.5,0.06,1.196923077,1.192307692,1.197230769,1.192307692
07 10 2014,77.75,77.55,77.8,77.5,-0.06,1.196153846,1.193076923,1.196923077,1.192307692
07 11 2014,77.75,77.5,77.75,77.5,0,1.196153846,1.192307692,1.196153846,1.192307692
07 14 2014,77.73,77.5,77.75,77.33,-0.03,1.195846154,1.192307692,1.196153846,1.189692308
07 15 2014,77.73,77.48,77.75,77.47,0,1.195846154,1.192,1.196153846,1.191846154
07 16 2014,77.71,77.48,77.75,77.46,-0.03,1.195538462,1.192,1.196153846,1.191692308
07 17 2014,77.67,77.46,77.71,77.42,-0.05,1.194923077,1.191692308,1.195538462,1.191076923
07 18 2014,77.65,77.42,77.67,77.4,-0.03,1.194615385,1.191076923,1.194923077,1.190769231
07 21 2014,77.72,77.4,77.75,77.4,0.09,1.195692308,1.190769231,1.196153846,1.190769231
07 22 2014,77.68,77.47,77.72,77.43,-0.05,1.195076923,1.191846154,1.195692308,1.191230769
07 23 2014,77.65,77.43,77.7,77.4,-0.04,1.194615385,1.191230769,1.195384615,1.190769231
07 24 2014,77.63,77.4,77.68,77.38,-0.03,1.194307692,1.190769231,1.195076923,1.190461538
07 25 2014,77.63,77.38,77.63,77.38,0,1.194307692,1.190461538,1.194307692,1.190461538
07 28 2014,77.62,77.38,77.63,77.37,-0.01,1.194153846,1.190461538,1.194307692,1.190307692
07 29 2014,77.58,77.37,77.62,77.33,-0.05,1.193538462,1.190307692,1.194153846,1.189692308
07 30 2014,77.58,77.33,77.63,77.33,0,1.193538462,1.189692308,1.194307692,1.189692308
07 31 2014,77.57,77.33,77.67,77.32,-0.01,1.193384615,1.189692308,1.194923077,1.189538462
08 01 2014,77.55,77.32,77.57,77.3,-0.03,1.193076923,1.189538462,1.193384615,1.189230769
08 04 2014,77.65,77.3,77.67,77.3,0.13,1.194615385,1.189230769,1.194923077,1.189230769
08 05 2014,77.73,77.4,77.75,77.4,0.1,1.195846154,1.190769231,1.196153846,1.190769231
08 06 2014,77.72,77.48,77.75,77.47,-0.01,1.195692308,1.192,1.196153846,1.191846154
08 07 2014,77.7,77.47,77.73,77.45,-0.03,1.195384615,1.191846154,1.195846154,1.191538462
08 08 2014,77.68,77.45,77.72,77.43,-0.03,1.195076923,1.191538462,1.195692308,1.191230769
08 11 2014,77.71,77.43,77.73,77.43,0.04,1.195538462,1.191230769,1.195846154,1.191230769
08 12 2014,77.72,77.46,77.73,77.46,0.01,1.195692308,1.191692308,1.195846154,1.191692308
08 13 2014,77.68,77.47,77.73,77.43,-0.05,1.195076923,1.191846154,1.195846154,1.191230769
08 14 2014,77.65,77.43,77.73,77.4,-0.04,1.194615385,1.191230769,1.195846154,1.190769231
08 15 2014,77.65,77.42,77.67,77.4,0,1.194615385,1.191076923,1.194923077,1.190769231
08 18 2014,77.65,77.4,77.69,77.4,0,1.194615385,1.190769231,1.195230769,1.190769231
08 19 2014,77.67,77.4,77.69,77.4,0.03,1.194923077,1.190769231,1.195230769,1.190769231
08 20 2014,77.65,77.42,77.69,77.4,-0.03,1.194615385,1.191076923,1.195230769,1.190769231
08 21 2014,77.63,77.4,77.69,77.38,-0.03,1.194307692,1.190769231,1.195230769,1.190461538
08 22 2014,77.6,77.38,77.67,77.35,-0.04,1.193846154,1.190461538,1.194923077,1.19
08 25 2014,77.6,77.35,77.6,77.35,0,1.193846154,1.19,1.193846154,1.19
08 26 2014,77.64,77.33,77.66,77.33,0.05,1.194461538,1.189692308,1.194769231,1.189692308
08 27 2014,77.29,77.39,77.64,77.04,-0.45,1.189076923,1.190615385,1.194461538,1.185230769
08 28 2014,77.28,77.04,77.66,77.03,-0.01,1.188923077,1.185230769,1.194769231,1.185076923
08 29 2014,77.27,77.03,77.28,77.02,-0.01,1.188769231,1.185076923,1.188923077,1.184923077
09 01 2014,77.6,77.35,77.66,77.35,0.43,1.193846154,1.19,1.194769231,1.19
09 02 2014,77.6,77.35,77.6,77.02,0,1.193846154,1.19,1.193846154,1.184923077
09 03 2014,77.6,77.35,77.6,77.35,0,1.193846154,1.19,1.193846154,1.19
09 04 2014,77.6,77.35,77.6,77.35,0,1.193846154,1.19,1.193846154,1.19
09 05 2014,77.6,77.35,77.6,77.35,0,1.193846154,1.19,1.193846154,1.19
09 08 2014,77.41,77.35,77.74,77.02,-0.24,1.190923077,1.19,1.196,1.184923077
09 09 2014,77.425,77.3,77.755,77.02,0.02,1.191153846,1.189230769,1.196230769,1.184923077
09 10 2014,77.57,77.33,77.6,77.02,0.19,1.193384615,1.189692308,1.193846154,1.184923077
09 11 2014,77.58,77.32,77.6,77.32,0.01,1.193538462,1.189538462,1.193846154,1.189538462
09 12 2014,77.25,77.33,77.58,77,-0.43,1.188461538,1.189692308,1.193538462,1.184615385
09 15 2014,77.26,77,77.26,77,0.01,1.188615385,1.184615385,1.188615385,1.184615385
09 16 2014,77.425,77,77.755,77,0.21,1.191153846,1.184615385,1.196230769,1.184615385
09 17 2014,77.58,77.33,77.58,77.33,0.2,1.193538462,1.189692308,1.193538462,1.189692308
09 18 2014,77.57,77.33,77.58,77.32,-0.01,1.193384615,1.189692308,1.193538462,1.189538462
09 19 2014,77.425,77.32,77.445,77.3,-0.19,1.191153846,1.189538462,1.191461538,1.189230769
09 22 2014,77.395,77.3,77.445,77.27,-0.04,1.190692308,1.189230769,1.191461538,1.188769231
09 23 2014,77.375,77.27,77.395,77.25,-0.03,1.190384615,1.188769231,1.190692308,1.188461538
09 24 2014,77.355,77.25,77.375,77.23,-0.03,1.190076923,1.188461538,1.190384615,1.188153846
09 25 2014,77.39,77.23,77.39,77.21,0.05,1.190615385,1.188153846,1.190615385,1.187846154
09 26 2014,77.375,77.21,77.375,77.18,-0.02,1.190384615,1.187846154,1.190384615,1.187384615
09 29 2014,77.275,77.3,77.425,77.15,-0.13,1.188846154,1.189230769,1.191153846,1.186923077
09 30 2014,77.445,77.15,77.475,77.15,0.22,1.191461538,1.186923077,1.191923077,1.186923077
10 01 2014,77.37,77.32,77.4,77.32,-0.1,1.190307692,1.189538462,1.190769231,1.189538462
10 02 2014,77.35,77.32,77.4,77.3,-0.03,1.19,1.189538462,1.190769231,1.189230769
10 03 2014,77.425,77.3,77.445,77.3,0.1,1.191153846,1.189230769,1.191461538,1.189230769
10 06 2014,77.425,77.3,77.425,77.3,0,1.191153846,1.189230769,1.191153846,1.189230769
10 07 2014,77.425,77.3,77.425,77.3,0,1.191153846,1.189230769,1.191153846,1.189230769
10 08 2014,77.455,77.3,77.475,77.3,0.04,1.191615385,1.189230769,1.191923077,1.189230769
10 09 2014,77.455,77.33,77.475,77.33,0,1.191615385,1.189692308,1.191923077,1.189692308
10 10 2014,77.455,77.33,77.455,77.33,0,1.191615385,1.189692308,1.191615385,1.189692308
10 13 2014,77.37,77.33,77.4,77.32,-0.11,1.190307692,1.189692308,1.190769231,1.189538462
10 14 2014,77.38,77.32,77.4,77.32,0.01,1.190461538,1.189538462,1.190769231,1.189538462
10 15 2014,77.3,77.33,77.4,77.25,-0.1,1.189230769,1.189692308,1.190769231,1.188461538
10 16 2014,77.375,77.25,77.425,77.25,0.1,1.190384615,1.188461538,1.191153846,1.188461538
10 17 2014,77.375,77.25,77.375,77.23,0,1.190384615,1.188461538,1.190384615,1.188153846
10 20 2014,77.425,77.25,77.475,77.25,0.06,1.191153846,1.188461538,1.191923077,1.188461538
10 21 2014,77.425,77.3,77.475,77.3,0,1.191153846,1.189230769,1.191923077,1.189230769
10 22 2014,77.455,77.3,77.475,77.3,0.04,1.191615385,1.189230769,1.191923077,1.189230769
10 23 2014,77.455,77.33,77.475,77.33,0,1.191615385,1.189692308,1.191923077,1.189692308
10 24 2014,77.455,77.33,77.455,77.33,0,1.191615385,1.189692308,1.191615385,1.189692308
10 27 2014,77.425,77.33,77.475,77.3,-0.04,1.191153846,1.189692308,1.191923077,1.189230769
10 28 2014,77.425,77.3,77.485,77.3,0,1.191153846,1.189230769,1.192076923,1.189230769
10 29 2014,77.425,77.3,77.425,77.3,0,1.191153846,1.189230769,1.191153846,1.189230769
10 30 2014,77.425,77.3,77.425,77.3,0,1.191153846,1.189230769,1.191153846,1.189230769
10 31 2014,77.425,77.3,77.425,77.3,0,1.191153846,1.189230769,1.191153846,1.189230769
11 03 2014,77.395,77.3,77.425,77.27,-0.04,1.190692308,1.189230769,1.191153846,1.188769231
11 04 2014,77.325,77.27,77.395,77.2,-0.09,1.189615385,1.188769231,1.190692308,1.187692308
11 05 2014,77.325,77.2,77.325,77.18,0,1.189615385,1.187692308,1.189615385,1.187384615
11 06 2014,77.325,77.2,77.325,77.18,0,1.189615385,1.187692308,1.189615385,1.187384615
11 07 2014,77.325,77.2,77.325,77.18,0,1.189615385,1.187692308,1.189615385,1.187384615
11 10 2014,77.325,77.2,77.325,77.18,0,1.189615385,1.187692308,1.189615385,1.187384615
11 11 2014,77.305,77.2,77.325,77.18,-0.03,1.189307692,1.187692308,1.189615385,1.187384615
11 12 2014,77.325,77.18,77.325,77.17,0.03,1.189615385,1.187384615,1.189615385,1.187230769
11 13 2014,77.325,77.2,77.325,77.18,0,1.189615385,1.187692308,1.189615385,1.187384615
11 14 2014,77.325,77.2,77.325,77.18,0,1.189615385,1.187692308,1.189615385,1.187384615
11 17 2014,77.325,77.2,77.325,77.18,0,1.189615385,1.187692308,1.189615385,1.187384615
11 18 2014,77.325,77.2,77.325,77.18,0,1.189615385,1.187692308,1.189615385,1.187384615
11 19 2014,77.325,77.2,77.845,77.18,0,1.189615385,1.187692308,1.197615385,1.187384615
11 20 2014,77.325,77.2,77.325,77.18,0,1.189615385,1.187692308,1.189615385,1.187384615
11 21 2014,77.325,77.2,77.325,77.18,0,1.189615385,1.187692308,1.189615385,1.187384615
11 24 2014,77.305,77.2,77.325,77.18,-0.03,1.189307692,1.187692308,1.189615385,1.187384615
11 25 2014,77.305,77.18,77.675,77.18,0,1.189307692,1.187384615,1.195,1.187384615
11 26 2014,77.305,77.18,77.325,77.18,0,1.189307692,1.187384615,1.189615385,1.187384615
11 27 2014,77.305,77.18,77.305,77.18,0,1.189307692,1.187384615,1.189307692,1.187384615
11 28 2014,77.305,77.18,77.305,77.18,0,1.189307692,1.187384615,1.189307692,1.187384615
12 01 2014,77.325,77.18,77.325,77.18,0.03,1.189615385,1.187384615,1.189615385,1.187384615
12 02 2014,77.325,77.2,77.325,77.18,0,1.189615385,1.187692308,1.189615385,1.187384615
12 03 2014,77.305,77.2,77.325,77.18,-0.03,1.189307692,1.187692308,1.189615385,1.187384615
12 04 2014,77.325,77.18,77.325,77.18,0.03,1.189615385,1.187384615,1.189615385,1.187384615
12 05 2014,77.295,77.2,77.325,77.17,-0.04,1.189153846,1.187692308,1.189615385,1.187230769
12 08 2014,77.325,77.17,77.325,77.17,0.04,1.189615385,1.187230769,1.189615385,1.187230769
12 09 2014,77.325,77.2,77.325,77.18,0,1.189615385,1.187692308,1.189615385,1.187384615
12 10 2014,77.325,77.2,77.325,77.17,0,1.189615385,1.187692308,1.189615385,1.187230769
12 11 2014,77.295,77.2,77.325,77.17,-0.04,1.189153846,1.187692308,1.189615385,1.187230769
12 12 2014,77.325,77.17,77.325,77.15,0.04,1.189615385,1.187230769,1.189615385,1.186923077
12 15 2014,77.325,77.2,77.325,77.18,0,1.189615385,1.187692308,1.189615385,1.187384615
12 16 2014,77.325,77.2,77.325,77.2,0,1.189615385,1.187692308,1.189615385,1.187692308
12 17 2014,77.305,77.2,77.325,77.18,-0.03,1.189307692,1.187692308,1.189615385,1.187384615
12 18 2014,77.325,77.18,77.325,77.18,0.03,1.189615385,1.187384615,1.189615385,1.187384615
12 19 2014,77.325,77.2,77.325,77.18,0,1.189615385,1.187692308,1.189615385,1.187384615
12 22 2014,77.975,77.2,78.025,77.2,0.84,1.199615385,1.187692308,1.200384615,1.187692308
12 23 2014,77.955,77.85,78.425,77.83,-0.03,1.199307692,1.197692308,1.206538462,1.197384615
12 24 2014,77.945,77.83,77.955,77.82,-0.01,1.199153846,1.197384615,1.199307692,1.197230769
12 25 2014,77.945,77.82,77.945,77.82,0,1.199153846,1.197230769,1.199153846,1.197230769
12 26 2014,77.925,77.82,77.945,77.8,-0.03,1.198846154,1.197230769,1.199153846,1.196923077
12 29 2014,77.925,77.8,77.925,77.78,0,1.198846154,1.196923077,1.198846154,1.196615385
12 30 2014,77.895,77.8,77.925,77.77,-0.04,1.198384615,1.196923077,1.198846154,1.196461538
12 31 2014,77.925,77.77,77.925,77.77,0.04,1.198846154,1.196461538,1.198846154,1.196461538
01 01 2015,77.925,77.8,77.925,77.8,0,1.198846154,1.196923077,1.198846154,1.196923077
01 02 2015,77.895,77.8,77.925,77.77,-0.04,1.198384615,1.196923077,1.198846154,1.196461538
01 05 2015,77.875,77.77,77.895,77.75,-0.03,1.198076923,1.196461538,1.198384615,1.196153846
01 06 2015,78.005,77.75,78.075,77.75,0.17,1.200076923,1.196153846,1.201153846,1.196153846
01 07 2015,77.875,77.75,77.875,77.75,-0.17,1.198076923,1.196153846,1.198076923,1.196153846
01 08 2015,77.875,77.75,77.875,77.73,0,1.198076923,1.196153846,1.198076923,1.195846154
01 09 2015,77.875,77.75,77.875,77.72,0,1.198076923,1.196153846,1.198076923,1.195692308
01 12 2015,77.825,77.75,77.875,77.7,-0.06,1.197307692,1.196153846,1.198076923,1.195384615
01 13 2015,77.875,77.7,77.875,77.7,0.06,1.198076923,1.195384615,1.198076923,1.195384615
01 14 2015,77.845,77.75,77.875,77.7,-0.04,1.197615385,1.196153846,1.198076923,1.195384615
01 15 2015,77.855,77.72,77.875,77.72,0.01,1.197769231,1.195692308,1.198076923,1.195692308
01 16 2015,77.875,77.73,77.875,77.73,0.03,1.198076923,1.195846154,1.198076923,1.195846154
01 19 2015,77.855,77.75,77.875,77.73,-0.03,1.197769231,1.196153846,1.198076923,1.195846154
01 20 2015,77.875,77.75,77.875,77.75,0.03,1.198076923,1.196153846,1.198076923,1.196153846
01 21 2015,77.875,77.75,77.875,77.75,0,1.198076923,1.196153846,1.198076923,1.196153846
01 22 2015,77.875,77.75,77.875,77.73,0,1.198076923,1.196153846,1.198076923,1.195846154
01 23 2015,77.875,77.75,77.875,77.74,0,1.198076923,1.196153846,1.198076923,1.196
01 26 2015,77.865,77.75,77.875,77.74,-0.01,1.197923077,1.196153846,1.198076923,1.196
01 27 2015,77.795,77.74,77.875,77.67,-0.09,1.196846154,1.196,1.198076923,1.194923077
01 28 2015,77.875,77.67,77.875,77.65,0.1,1.198076923,1.194923077,1.198076923,1.194615385
01 29 2015,77.475,77.75,77.875,77.35,-0.51,1.191923077,1.196153846,1.198076923,1.19
01 30 2015,77.475,77.35,77.475,77.35,0,1.191923077,1.19,1.191923077,1.19
02 02 2015,77.825,77.35,77.825,77.35,0.45,1.197307692,1.19,1.197307692,1.19
02 03 2015,77.825,77.7,77.825,77.7,0,1.197307692,1.195384615,1.197307692,1.195384615
02 04 2015,77.825,77.7,77.825,77.68,0,1.197307692,1.195384615,1.197307692,1.195076923
02 05 2015,77.875,77.7,77.875,77.7,0.06,1.198076923,1.195384615,1.198076923,1.195384615
02 06 2015,77.875,77.75,77.875,77.73,0,1.198076923,1.196153846,1.198076923,1.195846154
02 09 2015,77.875,77.75,77.875,77.75,0,1.198076923,1.196153846,1.198076923,1.196153846
02 10 2015,77.855,77.75,77.875,77.73,-0.03,1.197769231,1.196153846,1.198076923,1.195846154
02 11 2015,77.875,77.73,77.875,77.73,0.03,1.198076923,1.195846154,1.198076923,1.195846154
02 12 2015,77.875,77.75,77.875,77.73,0,1.198076923,1.196153846,1.198076923,1.195846154
02 13 2015,77.875,77.75,77.875,77.73,0,1.198076923,1.196153846,1.198076923,1.195846154
02 16 2015,77.895,77.75,77.925,77.75,0.03,1.198384615,1.196153846,1.198846154,1.196153846
02 17 2015,77.905,77.77,77.925,77.75,0.01,1.198538462,1.196461538,1.198846154,1.196153846
02 18 2015,77.925,77.78,77.925,77.78,0.03,1.198846154,1.196615385,1.198846154,1.196615385
02 19 2015,77.925,77.8,77.925,77.78,0,1.198846154,1.196923077,1.198846154,1.196615385
02 20 2015,77.925,77.8,77.925,77.78,0,1.198846154,1.196923077,1.198846154,1.196615385
02 23 2015,77.905,77.8,77.925,77.77,-0.03,1.198538462,1.196923077,1.198846154,1.196461538
02 24 2015,77.925,77.78,77.925,77.78,0.03,1.198846154,1.196615385,1.198846154,1.196615385
02 25 2015,77.905,77.78,77.925,77.78,-0.03,1.198538462,1.196615385,1.198846154,1.196615385
02 26 2015,77.905,77.78,77.925,77.77,0,1.198538462,1.196615385,1.198846154,1.196461538
02 27 2015,77.925,77.78,77.925,77.78,0.03,1.198846154,1.196615385,1.198846154,1.196615385
03 02 2015,77.905,77.8,77.925,77.78,-0.03,1.198538462,1.196923077,1.198846154,1.196615385
03 03 2015,77.905,77.78,77.925,77.3,0,1.198538462,1.196615385,1.198846154,1.189230769
03 04 2015,77.905,77.78,77.925,77.78,0,1.198538462,1.196615385,1.198846154,1.196615385
03 05 2015,77.825,77.78,77.905,77.68,-0.1,1.197307692,1.196615385,1.198538462,1.195076923
03 06 2015,77.805,77.7,77.825,77.68,-0.03,1.197,1.195384615,1.197307692,1.195076923
03 09 2015,77.775,77.68,77.805,77.65,-0.04,1.196538462,1.195076923,1.197,1.194615385
03 10 2015,77.925,77.65,77.925,77.65,0.19,1.198846154,1.194615385,1.198846154,1.194615385
03 11 2015,77.925,77.8,77.925,77.78,0,1.198846154,1.196923077,1.198846154,1.196615385
03 12 2015,77.925,77.8,77.925,77.78,0,1.198846154,1.196923077,1.198846154,1.196615385
03 13 2015,77.925,77.8,77.925,77.78,0,1.198846154,1.196923077,1.198846154,1.196615385
03 16 2015,77.925,77.8,77.925,77.78,0,1.198846154,1.196923077,1.198846154,1.196615385
03 17 2015,77.925,77.8,77.925,77.78,0,1.198846154,1.196923077,1.198846154,1.196615385
03 18 2015,77.925,77.8,77.925,77.78,0,1.198846154,1.196923077,1.198846154,1.196615385
03 19 2015,77.905,77.8,77.925,77.78,-0.03,1.198538462,1.196923077,1.198846154,1.196615385
03 20 2015,77.925,77.78,77.925,77.78,0.03,1.198846154,1.196615385,1.198846154,1.196615385
03 23 2015,77.925,77.8,77.925,77.78,0,1.198846154,1.196923077,1.198846154,1.196615385
03 24 2015,77.925,77.8,77.925,77.78,0,1.198846154,1.196923077,1.198846154,1.196615385
03 25 2015,77.925,77.8,77.925,77.78,0,1.198846154,1.196923077,1.198846154,1.196615385
03 26 2015,77.925,77.8,77.925,77.78,0,1.198846154,1.196923077,1.198846154,1.196615385
03 27 2015,77.925,77.8,77.925,77.78,0,1.198846154,1.196923077,1.198846154,1.196615385
03 30 2015,77.925,77.8,77.925,77.8,0,1.198846154,1.196923077,1.198846154,1.196923077
03 31 2015,77.925,77.8,77.925,77.78,0,1.198846154,1.196923077,1.198846154,1.196615385
04 01 2015,77.925,77.8,77.925,77.78,0,1.198846154,1.196923077,1.198846154,1.196615385
04 02 2015,77.905,77.8,77.925,77.78,-0.03,1.198538462,1.196923077,1.198846154,1.196615385
04 03 2015,77.925,77.78,77.925,77.78,0.03,1.198846154,1.196615385,1.198846154,1.196615385
04 06 2015,77.925,77.8,77.925,77.78,0,1.198846154,1.196923077,1.198846154,1.196615385
04 07 2015,77.925,77.8,77.925,77.78,0,1.198846154,1.196923077,1.198846154,1.196615385
04 08 2015,77.925,77.8,77.925,77.78,0,1.198846154,1.196923077,1.198846154,1.196615385
04 09 2015,77.925,77.8,77.925,77.65,0,1.198846154,1.196923077,1.198846154,1.194615385
04 10 2015,77.905,77.8,77.925,77.78,-0.03,1.198538462,1.196923077,1.198846154,1.196615385
04 13 2015,77.905,77.78,77.925,77.75,0,1.198538462,1.196615385,1.198846154,1.196153846
04 14 2015,77.925,77.78,77.925,77.78,0.03,1.198846154,1.196615385,1.198846154,1.196615385
04 15 2015,77.905,77.8,77.925,77.75,-0.03,1.198538462,1.196923077,1.198846154,1.196153846
04 16 2015,77.865,77.78,77.905,77.74,-0.05,1.197923077,1.196615385,1.198538462,1.196
04 17 2015,77.855,77.74,77.875,77.73,-0.01,1.197769231,1.196,1.198076923,1.195846154
04 20 2015,77.905,77.73,77.925,77.73,0.06,1.198538462,1.195846154,1.198846154,1.195846154
04 21 2015,77.905,77.78,77.925,77.78,0,1.198538462,1.196615385,1.198846154,1.196615385
04 22 2015,77.905,77.78,77.925,77.78,0,1.198538462,1.196615385,1.198846154,1.196615385
04 23 2015,77.905,77.78,77.925,77.78,0,1.198538462,1.196615385,1.198846154,1.196615385
04 24 2015,77.905,77.78,77.905,77.77,0,1.198538462,1.196615385,1.198538462,1.196461538
04 27 2015,77.905,77.78,77.925,77.78,0,1.198538462,1.196615385,1.198846154,1.196615385
04 28 2015,77.925,77.8,77.925,77.78,0.03,1.198846154,1.196923077,1.198846154,1.196615385
04 29 2015,77.905,77.8,77.925,77.75,-0.03,1.198538462,1.196923077,1.198846154,1.196153846
04 30 2015,77.925,77.78,77.925,77.77,0.03,1.198846154,1.196615385,1.198846154,1.196461538
05 01 2015,77.905,77.8,77.925,77.78,-0.03,1.198538462,1.196923077,1.198846154,1.196615385
05 04 2015,77.925,77.78,77.925,77.78,0.03,1.198846154,1.196615385,1.198846154,1.196615385
05 05 2015,77.925,77.8,77.925,77.75,0,1.198846154,1.196923077,1.198846154,1.196153846
05 06 2015,77.905,77.8,77.925,77.75,-0.03,1.198538462,1.196923077,1.198846154,1.196153846
05 07 2015,77.875,77.78,77.905,77.75,-0.04,1.198076923,1.196615385,1.198538462,1.196153846
05 08 2015,77.925,77.75,77.925,77.75,0.06,1.198846154,1.196153846,1.198846154,1.196153846
05 11 2015,77.875,77.8,77.925,77.73,-0.06,1.198076923,1.196923077,1.198846154,1.195846154
05 12 2015,77.875,77.75,77.875,77.73,0,1.198076923,1.196153846,1.198076923,1.195846154
05 13 2015,77.855,77.75,77.875,77.73,-0.03,1.197769231,1.196153846,1.198076923,1.195846154
05 14 2015,77.925,77.73,77.925,77.73,0.09,1.198846154,1.195846154,1.198846154,1.195846154
05 15 2015,77.895,77.8,77.925,77.77,-0.04,1.198384615,1.196923077,1.198846154,1.196461538
05 18 2015,77.855,77.77,77.925,77.73,-0.05,1.197769231,1.196461538,1.198846154,1.195846154
05 19 2015,77.855,77.73,77.875,77.73,0,1.197769231,1.195846154,1.198076923,1.195846154
05 20 2015,77.875,77.73,77.875,77.73,0.03,1.198076923,1.195846154,1.198076923,1.195846154
05 21 2015,77.875,77.75,77.875,77.73,0,1.198076923,1.196153846,1.198076923,1.195846154
05 22 2015,77.875,77.75,77.875,77.72,0,1.198076923,1.196153846,1.198076923,1.195692308
05 25 2015,77.875,77.75,77.875,77.73,0,1.198076923,1.196153846,1.198076923,1.195846154
05 26 2015,77.845,77.75,77.875,77.72,-0.04,1.197615385,1.196153846,1.198076923,1.195692308
05 27 2015,77.875,77.72,77.875,77.72,0.04,1.198076923,1.195692308,1.198076923,1.195692308
05 28 2015,77.875,77.73,78.125,77.72,0,1.198076923,1.195846154,1.201923077,1.195692308
05 29 2015,77.875,77.75,77.875,77.73,0,1.198076923,1.196153846,1.198076923,1.195846154
06 01 2015,77.875,77.75,77.875,77.73,0,1.198076923,1.196153846,1.198076923,1.195846154
06 02 2015,77.875,77.75,77.875,77.73,0,1.198076923,1.196153846,1.198076923,1.195846154
06 03 2015,77.875,77.75,77.875,77.73,0,1.198076923,1.196153846,1.198076923,1.195846154
06 04 2015,77.875,77.75,77.875,77.73,0,1.198076923,1.196153846,1.198076923,1.195846154
06 05 2015,77.875,77.75,77.875,77.73,0,1.198076923,1.196153846,1.198076923,1.195846154
06 08 2015,77.78,77.75,77.88,77.65,-0.12,1.196615385,1.196153846,1.198153846,1.194615385
06 09 2015,77.825,77.65,77.875,77.65,0.06,1.197307692,1.194615385,1.198076923,1.194615385
06 10 2015,77.875,77.7,77.885,77.66,0.06,1.198076923,1.195384615,1.198230769,1.194769231
06 11 2015,77.805,77.75,77.875,77.66,-0.09,1.197,1.196153846,1.198076923,1.194769231
06 12 2015,77.775,77.68,77.805,77.65,-0.04,1.196538462,1.195076923,1.197,1.194615385
06 15 2015,77.805,77.65,77.875,77.36,0.04,1.197,1.194615385,1.198076923,1.190153846
06 16 2015,77.855,77.68,77.885,77.65,0.06,1.197769231,1.195076923,1.198230769,1.194615385
06 17 2015,77.78,77.66,77.88,77.66,-0.1,1.196615385,1.194769231,1.198153846,1.194769231
06 18 2015,77.855,77.7,77.885,77.66,0.1,1.197769231,1.195384615,1.198230769,1.194769231
06 19 2015,77.855,77.73,78.005,77.71,0,1.197769231,1.195846154,1.200076923,1.195538462
06 22 2015,77.835,77.73,77.865,77.72,-0.03,1.197461538,1.195846154,1.197923077,1.195692308
06 23 2015,77.865,77.73,77.885,77.72,0.04,1.197923077,1.195846154,1.198230769,1.195692308
06 24 2015,77.855,77.74,77.895,77.72,-0.01,1.197769231,1.196,1.198384615,1.195692308
06 25 2015,77.805,77.73,77.905,77.68,-0.06,1.197,1.195846154,1.198538462,1.195076923
06 26 2015,77.845,77.68,77.905,77.68,0.05,1.197615385,1.195076923,1.198538462,1.195076923
06 29 2015,77.855,77.72,78.605,77.72,0.01,1.197769231,1.195692308,1.209307692,1.195692308
06 30 2015,77.855,77.73,77.915,77.11,0,1.197769231,1.195846154,1.198692308,1.186307692
07 01 2015,77.8,77.73,78.14,77.73,-0.07,1.196923077,1.195846154,1.202153846,1.195846154
07 02 2015,77.855,77.74,78.345,77.73,0.07,1.197769231,1.196,1.205307692,1.195846154
07 03 2015,77.865,77.73,77.895,77.62,0.01,1.197923077,1.195846154,1.198384615,1.194153846
07 06 2015,77.85,77.74,78.48,77.7,-0.02,1.197692308,1.196,1.207384615,1.195384615
07 07 2015,77.875,77.7,77.915,77.7,0.03,1.198076923,1.195384615,1.198692308,1.195384615
07 08 2015,77.815,77.75,77.835,77.63,-0.08,1.197153846,1.196153846,1.197461538,1.194307692
07 09 2015,77.875,77.63,77.875,77.27,0.08,1.198076923,1.194307692,1.198076923,1.188769231
07 10 2015,77.855,77.75,77.875,77.58,-0.03,1.197769231,1.196153846,1.198076923,1.193538462
07 13 2015,77.825,77.73,77.915,77.64,-0.04,1.197307692,1.195846154,1.198692308,1.194461538
07 14 2015,77.825,77.7,78.365,77.68,0,1.197307692,1.195384615,1.205615385,1.195076923
07 15 2015,77.815,77.7,77.955,77.68,-0.01,1.197153846,1.195384615,1.199307692,1.195076923
07 16 2015,77.845,77.69,77.875,77.68,0.04,1.197615385,1.195230769,1.198076923,1.195076923
07 17 2015,77.815,77.72,77.865,77.68,-0.04,1.197153846,1.195692308,1.197923077,1.195076923
07 20 2015,77.795,77.69,78.235,77.67,-0.03,1.196846154,1.195230769,1.203615385,1.194923077
07 21 2015,77.755,77.67,77.925,77.62,-0.05,1.196230769,1.194923077,1.198846154,1.194153846
07 22 2015,77.845,77.63,77.915,77.63,0.12,1.197615385,1.194307692,1.198692308,1.194307692
07 23 2015,77.85,77.72,77.9,77.68,0.01,1.197692308,1.195692308,1.198461538,1.195076923
07 24 2015,77.75,77.7,77.81,77.68,-0.13,1.196153846,1.195384615,1.197076923,1.195076923
07 27 2015,77.755,77.72,77.885,77.53,0.01,1.196230769,1.195692308,1.198230769,1.192769231
07 28 2015,77.755,77.63,77.915,77.63,0,1.196230769,1.194307692,1.198692308,1.194307692
07 29 2015,77.825,77.63,77.835,77.63,0.09,1.197307692,1.194307692,1.197461538,1.194307692
07 30 2015,77.855,77.65,77.915,77.6,0.04,1.197769231,1.194615385,1.198692308,1.193846154
07 31 2015,77.875,77.73,77.915,77.73,0.03,1.198076923,1.195846154,1.198692308,1.195846154
08 03 2015,77.895,77.75,77.915,77.75,0.03,1.198384615,1.196153846,1.198692308,1.196153846
08 04 2015,77.875,77.77,77.895,77.74,-0.03,1.198076923,1.196461538,1.198384615,1.196
08 05 2015,77.905,77.75,77.915,77.74,0.04,1.198538462,1.196153846,1.198692308,1.196
08 06 2015,77.875,77.78,77.915,77.75,-0.04,1.198076923,1.196615385,1.198692308,1.196153846
08 07 2015,77.865,77.75,77.875,77.74,-0.01,1.197923077,1.196153846,1.198076923,1.196
08 10 2015,77.855,77.74,77.865,77.73,-0.01,1.197769231,1.196,1.197923077,1.195846154
08 11 2015,77.845,77.73,77.855,77.69,-0.01,1.197615385,1.195846154,1.197769231,1.195230769
08 12 2015,77.845,77.69,77.875,77.69,0,1.197615385,1.195230769,1.198076923,1.195230769
08 13 2015,77.855,77.72,77.875,77.72,0.01,1.197769231,1.195692308,1.198076923,1.195692308
08 14 2015,77.855,77.73,77.865,77.73,0,1.197769231,1.195846154,1.197923077,1.195846154
08 17 2015,77.865,77.73,77.875,77.73,0.01,1.197923077,1.195846154,1.198076923,1.195846154
08 18 2015,77.855,77.74,77.875,77.73,-0.01,1.197769231,1.196,1.198076923,1.195846154
08 19 2015,77.875,77.73,77.875,77.73,0.03,1.198076923,1.195846154,1.198076923,1.195846154
08 20 2015,77.88,77.75,77.89,77.74,0.01,1.198153846,1.196153846,1.198307692,1.196
08 21 2015,77.845,77.75,77.875,77.72,-0.04,1.197615385,1.196153846,1.198076923,1.195692308
08 24 2015,77.855,77.72,77.915,77.72,0.01,1.197769231,1.195692308,1.198692308,1.195692308
08 25 2015,77.875,77.73,77.875,77.72,0.03,1.198076923,1.195846154,1.198076923,1.195692308
08 26 2015,77.875,77.75,77.915,77.73,0,1.198076923,1.196153846,1.198692308,1.195846154
08 27 2015,77.855,77.75,77.875,77.73,-0.03,1.197769231,1.196153846,1.198076923,1.195846154
08 28 2015,77.905,77.74,77.905,77.73,0.06,1.198538462,1.196,1.198538462,1.195846154
08 31 2015,77.875,77.78,77.905,77.73,-0.04,1.198076923,1.196615385,1.198538462,1.195846154
09 01 2015,77.875,77.75,77.875,77.73,0,1.198076923,1.196153846,1.198076923,1.195846154
09 02 2015,77.855,77.75,77.895,77.73,-0.03,1.197769231,1.196153846,1.198384615,1.195846154
09 03 2015,77.855,77.73,77.895,77.73,0,1.197769231,1.195846154,1.198384615,1.195846154
09 04 2015,77.875,77.73,77.875,77.73,0.03,1.198076923,1.195846154,1.198076923,1.195846154
09 07 2015,77.865,77.75,77.875,77.74,-0.01,1.197923077,1.196153846,1.198076923,1.196
09 08 2015,77.88,77.74,77.88,77.74,0.02,1.198153846,1.196,1.198153846,1.196
09 09 2015,77.855,77.74,77.875,77.72,-0.03,1.197769231,1.196,1.198076923,1.195692308
09 10 2015,77.895,77.76,77.915,77.73,0.05,1.198384615,1.196307692,1.198692308,1.195846154
09 11 2015,77.875,77.76,77.895,77.75,-0.03,1.198076923,1.196307692,1.198384615,1.196153846
09 14 2015,77.855,77.75,77.875,77.73,-0.03,1.197769231,1.196153846,1.198076923,1.195846154
09 15 2015,77.81,77.52,77.81,77.52,-0.06,1.197076923,1.192615385,1.197076923,1.192615385
09 16 2015,77.855,77.62,77.895,77.52,0.06,1.197769231,1.194153846,1.198384615,1.192615385
09 17 2015,77.855,77.73,77.885,77.52,0,1.197769231,1.195846154,1.198230769,1.192615385
09 18 2015,77.875,77.73,77.885,77.52,0.03,1.198076923,1.195846154,1.198230769,1.192615385
09 21 2015,77.875,77.73,77.885,77.73,0,1.198076923,1.195846154,1.198230769,1.195846154
09 22 2015,77.865,77.75,77.875,77.7,-0.01,1.197923077,1.196153846,1.198076923,1.195384615
09 23 2015,77.845,77.74,77.885,77.7,-0.03,1.197615385,1.196,1.198230769,1.195384615
09 24 2015,77.875,77.72,77.875,77.31,0.04,1.198076923,1.195692308,1.198076923,1.189384615
09 25 2015,77.855,77.75,77.875,77.72,-0.03,1.197769231,1.196153846,1.198076923,1.195692308
09 28 2015,77.875,77.73,77.875,77.71,0.03,1.198076923,1.195846154,1.198076923,1.195538462
09 29 2015,77.775,77.75,77.875,77.64,-0.13,1.196538462,1.196153846,1.198076923,1.194461538
09 30 2015,77.875,77.65,77.875,77.65,0.13,1.198076923,1.194615385,1.198076923,1.194615385
10 01 2015,77.855,77.75,77.875,77.72,-0.03,1.197769231,1.196153846,1.198076923,1.195692308
10 02 2015,77.875,77.72,77.875,77.72,0.03,1.198076923,1.195692308,1.198076923,1.195692308
10 05 2015,77.875,77.75,77.875,77.74,0,1.198076923,1.196153846,1.198076923,1.196
10 06 2015,77.825,77.75,77.875,77.36,-0.06,1.197307692,1.196153846,1.198076923,1.190153846
10 07 2015,77.45,77.7,78.18,76.97,-0.48,1.191538462,1.195384615,1.202769231,1.184153846
10 08 2015,77.755,77.67,77.915,77.63,0.39,1.196230769,1.194923077,1.198692308,1.194307692
10 09 2015,77.775,77.63,77.865,77.63,0.03,1.196538462,1.194307692,1.197923077,1.194307692
10 12 2015,77.755,77.65,77.775,77.63,-0.03,1.196230769,1.194615385,1.196538462,1.194307692
10 13 2015,77.875,77.63,77.885,77.63,0.15,1.198076923,1.194307692,1.198230769,1.194307692
10 14 2015,77.845,77.75,77.875,77.72,-0.04,1.197615385,1.196153846,1.198076923,1.195692308
10 15 2015,77.83,77.74,77.84,77.72,-0.02,1.197384615,1.196,1.197538462,1.195692308
10 16 2015,77.875,77.75,77.875,77.73,0.06,1.198076923,1.196153846,1.198076923,1.195846154
10 19 2015,77.875,77.73,77.875,77.73,0,1.198076923,1.195846154,1.198076923,1.195846154
10 20 2015,77.855,77.75,77.885,77.72,-0.03,1.197769231,1.196153846,1.198230769,1.195692308
10 21 2015,77.875,77.73,77.925,77.73,0.03,1.198076923,1.195846154,1.198846154,1.195846154
10 22 2015,77.875,77.75,77.885,77.72,0,1.198076923,1.196153846,1.198230769,1.195692308
10 23 2015,77.875,77.75,77.875,77.73,0,1.198076923,1.196153846,1.198076923,1.195846154
10 26 2015,77.89,77.75,77.89,77.72,0.02,1.198307692,1.196153846,1.198307692,1.195692308
10 27 2015,77.855,77.75,78.015,77.73,-0.04,1.197769231,1.196153846,1.200230769,1.195846154
10 28 2015,77.885,77.73,77.895,77.73,0.04,1.198230769,1.195846154,1.198384615,1.195846154
10 29 2015,77.845,77.76,78.045,77.72,-0.05,1.197615385,1.196307692,1.200692308,1.195692308
10 30 2015,77.88,77.72,78.03,77.72,0.04,1.198153846,1.195692308,1.200461538,1.195692308
11 02 2015,77.875,77.73,78.065,77.72,-0.01,1.198076923,1.195846154,1.201,1.195692308
11 03 2015,78.25,77.75,78.25,77.75,0.48,1.203846154,1.196153846,1.203846154,1.196153846
11 04 2015,78.205,78.1,78.375,78.08,-0.06,1.203153846,1.201538462,1.205769231,1.201230769
11 05 2015,78.26,78.08,78.32,78.07,0.07,1.204,1.201230769,1.204923077,1.201076923
11 06 2015,78.175,78.07,78.315,77.42,-0.11,1.202692308,1.201076923,1.204846154,1.191076923
11 09 2015,78.145,78.05,78.175,77.42,-0.04,1.202230769,1.200769231,1.202692308,1.191076923
11 10 2015,78.105,78.02,78.145,77.75,-0.05,1.201615385,1.200307692,1.202230769,1.196153846
11 11 2015,78.095,77.98,78.105,77.97,-0.01,1.201461538,1.199692308,1.201615385,1.199538462
11 12 2015,78.075,77.97,78.095,77.95,-0.03,1.201153846,1.199538462,1.201461538,1.199230769
11 13 2015,78.055,77.95,78.075,77.93,-0.03,1.200846154,1.199230769,1.201153846,1.198923077
11 16 2015,78.065,77.93,78.075,77.93,0.01,1.201,1.198923077,1.201153846,1.198923077
11 17 2015,77.505,77.94,78.065,77.38,-0.72,1.192384615,1.199076923,1.201,1.190461538
11 18 2015,77.475,77.38,77.545,77.35,-0.04,1.191923077,1.190461538,1.193,1.19
11 19 2015,77.455,77.35,77.545,77.33,-0.03,1.191615385,1.19,1.193,1.189692308
11 20 2015,77.455,77.33,78.135,77.2,0,1.191615385,1.189692308,1.202076923,1.187692308
11 23 2015,77.425,77.33,77.455,77.3,-0.04,1.191153846,1.189692308,1.191615385,1.189230769
11 24 2015,77.395,77.3,77.425,77.27,-0.04,1.190692308,1.189230769,1.191153846,1.188769231
11 25 2015,77.375,77.27,77.395,77.25,-0.03,1.190384615,1.188769231,1.190692308,1.188461538
11 26 2015,77.375,77.25,77.375,77.25,0,1.190384615,1.188461538,1.190384615,1.188461538
11 27 2015,78.125,77.25,78.125,77.25,0.97,1.201923077,1.188461538,1.201923077,1.188461538
11 30 2015,78.095,77.98,78.105,77.97,-0.04,1.201461538,1.199692308,1.201615385,1.199538462
12 01 2015,78.095,77.97,78.285,77.97,0,1.201461538,1.199538462,1.204384615,1.199538462
12 02 2015,78.635,77.97,78.635,77.97,0.69,1.209769231,1.199538462,1.209769231,1.199538462
12 03 2015,78.225,78.13,78.255,78.1,-0.52,1.203461538,1.202,1.203923077,1.201538462
12 04 2015,78.205,78.1,78.285,78.08,-0.03,1.203153846,1.201538462,1.204384615,1.201230769
12 07 2015,78.155,78.08,78.205,78,-0.06,1.202384615,1.201230769,1.203153846,1.2
12 08 2015,78.125,78.03,78.255,78,-0.04,1.201923077,1.200461538,1.203923077,1.2
12 09 2015,78.125,78,78.245,78,0,1.201923077,1.2,1.203769231,1.2
12 10 2015,78.225,78,78.235,78,0.13,1.203461538,1.2,1.203615385,1.2
12 11 2015,78.195,78.1,78.225,78.07,-0.04,1.203,1.201538462,1.203461538,1.201076923
12 14 2015,78.47,78.07,78.54,78.03,0.35,1.207230769,1.201076923,1.208307692,1.200461538
12 15 2015,78.365,78.03,78.535,77.96,-0.13,1.205615385,1.200461538,1.208230769,1.199384615
12 16 2015,78.105,77.96,78.145,77.96,-0.33,1.201615385,1.199384615,1.202230769,1.199384615
12 17 2015,78.225,77.98,78.255,77.98,0.15,1.203461538,1.199692308,1.203923077,1.199692308
12 18 2015,78.195,78.1,78.225,78.07,-0.04,1.203,1.201538462,1.203461538,1.201076923
12 21 2015,78.175,78.07,78.255,77.83,-0.03,1.202692308,1.201076923,1.203923077,1.197384615
12 22 2015,78.145,78.05,78.705,78.02,-0.04,1.202230769,1.200769231,1.210846154,1.200307692
12 23 2015,78.625,78.02,78.705,77.72,0.61,1.209615385,1.200307692,1.210846154,1.195692308
12 24 2015,78.605,78.5,78.645,78.48,-0.03,1.209307692,1.207692308,1.209923077,1.207384615
12 25 2015,78.605,78.48,78.605,78.48,0,1.209307692,1.207384615,1.209307692,1.207384615
12 28 2015,78.245,78.48,78.605,77.67,-0.46,1.203769231,1.207384615,1.209307692,1.194923077
12 29 2015,78.225,78.12,78.245,78.1,-0.03,1.203461538,1.201846154,1.203769231,1.201538462
12 30 2015,78.205,78.1,78.425,78.08,-0.03,1.203153846,1.201538462,1.206538462,1.201230769
12 31 2015,78.205,78.08,78.595,78.08,0,1.203153846,1.201230769,1.209153846,1.201230769
01 01 2016,78.205,78.08,78.205,78.08,0,1.203153846,1.201230769,1.203153846,1.201230769
01 04 2016,78.495,78.08,78.525,78.08,0.37,1.207615385,1.201230769,1.208076923,1.201230769
01 05 2016,78.455,78.37,78.575,78.25,-0.05,1.207,1.205692308,1.208846154,1.203846154
01 06 2016,78.505,78.33,78.525,78.33,0.06,1.207769231,1.205076923,1.208076923,1.205076923
01 07 2016,78.425,78.38,78.525,78.3,-0.1,1.206538462,1.205846154,1.208076923,1.204615385
01 08 2016,78.395,78.3,78.445,78.27,-0.04,1.206076923,1.204615385,1.206846154,1.204153846
01 11 2016,78.455,78.27,78.575,78.27,0.08,1.207,1.204153846,1.208846154,1.204153846
01 12 2016,78.395,78.33,78.575,78.27,-0.08,1.206076923,1.205076923,1.208846154,1.204153846
01 13 2016,78.475,78.27,78.575,78.27,0.1,1.207307692,1.204153846,1.208846154,1.204153846
01 14 2016,78.555,78.35,78.575,78.35,0.1,1.208538462,1.205384615,1.208846154,1.205384615
01 15 2016,78.545,78.43,78.555,78.37,-0.01,1.208384615,1.206615385,1.208538462,1.205692308
01 18 2016,78.525,78.42,78.575,78.4,-0.03,1.208076923,1.206461538,1.208846154,1.206153846
01 19 2016,78.555,78.4,78.575,78.37,0.04,1.208538462,1.206153846,1.208846154,1.205692308
01 20 2016,78.555,78.43,78.575,78.37,0,1.208538462,1.206615385,1.208846154,1.205692308
01 21 2016,78.505,78.43,78.555,78.37,-0.06,1.207769231,1.206615385,1.208538462,1.205692308
01 22 2016,78.475,78.38,78.525,78.35,-0.04,1.207307692,1.205846154,1.208076923,1.205384615
01 25 2016,78.525,78.35,78.545,78.35,0.06,1.208076923,1.205384615,1.208384615,1.205384615
01 26 2016,78.475,78.4,78.575,78.35,-0.06,1.207307692,1.206153846,1.208846154,1.205384615
01 27 2016,78.455,78.35,78.545,78.33,-0.03,1.207,1.205384615,1.208384615,1.205076923
01 28 2016,78.475,78.33,78.545,78.33,0.03,1.207307692,1.205076923,1.208384615,1.205076923
01 29 2016,78.455,78.35,78.545,78.33,-0.03,1.207,1.205384615,1.208384615,1.205076923
02 01 2016,78.425,78.33,78.545,78.3,-0.04,1.206538462,1.205076923,1.208384615,1.204615385
02 02 2016,78.655,78.3,78.675,78.3,0.29,1.210076923,1.204615385,1.210384615,1.204615385
02 03 2016,78.645,78.53,78.665,78.51,-0.01,1.209923077,1.208153846,1.210230769,1.207846154
02 04 2016,78.605,78.52,78.645,78.48,-0.05,1.209307692,1.208,1.209923077,1.207384615
02 05 2016,78.595,78.48,78.715,78.47,-0.01,1.209153846,1.207384615,1.211,1.207230769
02 08 2016,78.805,78.47,78.825,78.47,0.27,1.212384615,1.207230769,1.212692308,1.207230769
02 09 2016,78.775,78.68,78.805,78.57,-0.04,1.211923077,1.210461538,1.212384615,1.208769231
02 10 2016,78.705,78.65,78.775,78.58,-0.09,1.210846154,1.21,1.211923077,1.208923077
02 11 2016,78.695,78.58,78.715,78.49,-0.01,1.210692308,1.208923077,1.211,1.207538462
02 12 2016,78.525,78.57,78.715,78.4,-0.22,1.208076923,1.208769231,1.211,1.206153846
02 15 2016,78.525,78.4,78.775,78.4,0,1.208076923,1.206153846,1.211923077,1.206153846
02 16 2016,78.505,78.4,78.545,78.38,-0.03,1.207769231,1.206153846,1.208384615,1.205846154
02 17 2016,78.525,78.38,78.715,78.38,0.03,1.208076923,1.205846154,1.211,1.205846154
02 18 2016,78.625,78.4,78.715,78.4,0.13,1.209615385,1.206153846,1.211,1.206153846
02 19 2016,78.525,78.5,78.625,78.4,-0.13,1.208076923,1.207692308,1.209615385,1.206153846
02 22 2016,78.595,78.4,78.595,78.38,0.09,1.209153846,1.206153846,1.209153846,1.205846154
02 23 2016,78.485,78.38,78.545,78.36,-0.14,1.207461538,1.205846154,1.208384615,1.205538462
02 24 2016,78.495,78.36,78.525,78.36,0.01,1.207615385,1.205538462,1.208076923,1.205538462
02 25 2016,78.475,78.37,78.525,78.35,-0.03,1.207307692,1.205692308,1.208076923,1.205384615
02 26 2016,78.455,78.35,78.775,78.33,-0.03,1.207,1.205384615,1.211923077,1.205076923
02 29 2016,78.57,78.33,78.62,78.33,0.15,1.208769231,1.205076923,1.209538462,1.205076923
03 01 2016,78.445,78.34,78.465,78.32,-0.16,1.206846154,1.205230769,1.207153846,1.204923077
03 02 2016,78.505,78.32,78.525,78.32,0.08,1.207769231,1.204923077,1.208076923,1.204923077
03 03 2016,78.495,78.38,78.505,78.32,-0.01,1.207615385,1.205846154,1.207769231,1.204923077
03 04 2016,78.485,78.37,78.525,78.32,-0.01,1.207461538,1.205692308,1.208076923,1.204923077
03 07 2016,78.47,78.36,78.53,78.33,-0.02,1.207230769,1.205538462,1.208153846,1.205076923
03 08 2016,78.455,78.33,78.525,78.32,-0.02,1.207,1.205076923,1.208076923,1.204923077
03 09 2016,78.445,78.33,78.455,78.27,-0.01,1.206846154,1.205076923,1.207,1.204153846
03 10 2016,78.455,78.32,78.475,78.27,0.01,1.207,1.204923077,1.207307692,1.204153846
03 11 2016,78.445,78.33,78.455,78.27,-0.01,1.206846154,1.205076923,1.207,1.204153846
03 14 2016,78.425,78.32,78.445,78.27,-0.03,1.206538462,1.204923077,1.206846154,1.204153846
03 15 2016,78.405,78.3,78.425,78.28,-0.03,1.206230769,1.204615385,1.206538462,1.204307692
03 16 2016,78.395,78.28,78.405,78.27,-0.01,1.206076923,1.204307692,1.206230769,1.204153846
03 17 2016,78.385,78.27,78.395,78.26,-0.01,1.205923077,1.204153846,1.206076923,1.204
03 18 2016,78.375,78.26,78.395,78.25,-0.01,1.205769231,1.204,1.206076923,1.203846154
03 21 2016,78.355,78.25,78.475,78.23,-0.03,1.205461538,1.203846154,1.207307692,1.203538462
03 22 2016,78.335,78.23,78.355,78.21,-0.03,1.205153846,1.203538462,1.205461538,1.203230769
03 23 2016,78.325,78.21,78.395,78.2,-0.01,1.205,1.203230769,1.206076923,1.203076923
03 24 2016,78.455,78.2,78.475,78.2,0.17,1.207,1.203076923,1.207307692,1.203076923
03 25 2016,78.455,78.33,78.455,78.33,0,1.207,1.205076923,1.207,1.205076923
03 28 2016,78.425,78.32,78.445,78.22,-0.04,1.206538462,1.204923077,1.206846154,1.203384615
03 29 2016,78.375,78.3,78.455,78.22,-0.06,1.205769231,1.204615385,1.207,1.203384615
03 30 2016,78.375,78.33,78.455,78.25,0,1.205769231,1.205076923,1.207,1.203846154
03 31 2016,78.345,78.25,78.415,78.22,-0.04,1.205307692,1.203846154,1.206384615,1.203384615
04 01 2016,78.305,78.22,78.415,78.18,-0.05,1.204692308,1.203384615,1.206384615,1.202769231
04 04 2016,78.285,78.18,78.345,78.16,-0.03,1.204384615,1.202769231,1.205307692,1.202461538
04 05 2016,78.445,78.16,78.475,78.16,0.2,1.206846154,1.202461538,1.207307692,1.202461538
04 06 2016,78.425,78.32,78.445,78.3,-0.03,1.206538462,1.204923077,1.206846154,1.204615385
04 07 2016,78.395,78.3,78.475,78.27,-0.04,1.206076923,1.204615385,1.207307692,1.204153846
04 08 2016,78.375,78.27,78.395,78.25,-0.03,1.205769231,1.204153846,1.206076923,1.203846154
04 11 2016,78.445,78.25,78.475,78.25,0.09,1.206846154,1.203846154,1.207307692,1.203846154
04 12 2016,78.385,78.32,78.445,78.26,-0.08,1.205923077,1.204923077,1.206846154,1.204
04 13 2016,78.4,78.26,78.4,78.25,0.02,1.206153846,1.204,1.206153846,1.203846154
04 14 2016,78.405,78.25,78.415,78.25,0.01,1.206230769,1.203846154,1.206384615,1.203846154
04 15 2016,78.395,78.28,78.415,78.27,-0.01,1.206076923,1.204307692,1.206384615,1.204153846
04 18 2016,78.415,78.27,78.495,78.27,0.03,1.206384615,1.204153846,1.207615385,1.204153846
04 19 2016,78.445,78.33,78.475,78.16,0.04,1.206846154,1.205076923,1.207307692,1.202461538
04 20 2016,78.425,78.32,78.445,78.22,-0.03,1.206538462,1.204923077,1.206846154,1.203384615
04 21 2016,78.375,78.3,78.475,78.25,-0.06,1.205769231,1.204615385,1.207307692,1.203846154
04 22 2016,78.375,78.25,78.445,78.25,0,1.205769231,1.203846154,1.206846154,1.203846154
04 25 2016,78.355,78.25,78.455,78.22,-0.03,1.205461538,1.203846154,1.207,1.203384615
04 26 2016,78.455,78.23,78.475,78.23,0.13,1.207,1.203538462,1.207307692,1.203538462
04 27 2016,78.425,78.33,78.455,78.3,-0.04,1.206538462,1.205076923,1.207,1.204615385
04 28 2016,78.445,78.3,78.475,78.27,0.03,1.206846154,1.204615385,1.207307692,1.204153846
04 29 2016,78.395,78.32,78.445,78.27,-0.06,1.206076923,1.204923077,1.206846154,1.204153846
05 02 2016,78.395,78.3,78.445,78.27,0,1.206076923,1.204615385,1.206846154,1.204153846
05 03 2016,78.425,78.27,78.435,78.27,0.04,1.206538462,1.204153846,1.206692308,1.204153846
05 04 2016,78.395,78.3,78.435,78.27,-0.04,1.206076923,1.204615385,1.206692308,1.204153846
05 05 2016,78.42,78.27,78.47,78.27,0.03,1.206461538,1.204153846,1.207230769,1.204153846
05 06 2016,78.395,78.28,78.425,78.27,-0.03,1.206076923,1.204307692,1.206538462,1.204153846
05 09 2016,78.405,78.27,78.475,78.24,0.01,1.206230769,1.204153846,1.207307692,1.203692308
05 10 2016,78.67,78.28,78.77,78.28,0.34,1.210307692,1.204307692,1.211846154,1.204307692
05 11 2016,78.67,78.55,78.79,78.35,0,1.210307692,1.208461538,1.212153846,1.205384615
05 12 2016,78.725,78.58,78.745,78.06,0.07,1.211153846,1.208923077,1.211461538,1.200923077
05 13 2016,78.735,78.57,78.745,78.5,0.01,1.211307692,1.208769231,1.211461538,1.207692308
05 16 2016,78.725,78.61,78.745,78.42,-0.01,1.211153846,1.209384615,1.211461538,1.206461538
05 17 2016,78.635,78.6,78.835,78.42,-0.11,1.209769231,1.209230769,1.212846154,1.206461538
05 18 2016,78.625,78.6,78.745,78.36,-0.01,1.209615385,1.209230769,1.211461538,1.205538462
05 19 2016,78.705,78.5,78.745,78.42,0.1,1.210846154,1.207692308,1.211461538,1.206461538
05 20 2016,78.43,78.58,78.78,78.27,-0.35,1.206615385,1.208923077,1.212,1.204153846
05 23 2016,78.615,78.33,78.745,78.33,0.24,1.209461538,1.205076923,1.211461538,1.205076923
05 24 2016,78.64,78.57,78.79,78.35,0.03,1.209846154,1.208769231,1.212153846,1.205384615
05 25 2016,78.705,78.55,79.035,78.42,0.08,1.210846154,1.208461538,1.215923077,1.206461538
05 26 2016,78.725,78.58,78.745,78.35,0.03,1.211153846,1.208923077,1.211461538,1.205384615
05 27 2016,78.545,78.6,78.745,78.34,-0.23,1.208384615,1.209230769,1.211461538,1.205230769
05 30 2016,78.545,78.57,78.745,78.42,0,1.208384615,1.208769231,1.211461538,1.206461538
05 31 2016,78.725,78.42,78.745,78.26,0.23,1.211153846,1.206461538,1.211461538,1.204
06 01 2016,78.57,78.6,78.79,78.26,-0.2,1.208769231,1.209230769,1.212153846,1.204
06 02 2016,78.575,78.48,78.745,78.26,0.01,1.208846154,1.207384615,1.211461538,1.204
06 03 2016,78.705,78.45,78.735,78.29,0.17,1.210846154,1.206923077,1.211307692,1.204461538
06 06 2016,78.725,78.6,78.745,78.5,0.03,1.211153846,1.209230769,1.211461538,1.207692308
06 07 2016,78.695,78.6,78.745,78.42,-0.04,1.210692308,1.209230769,1.211461538,1.206461538
06 08 2016,78.705,78.56,78.735,78.34,0.01,1.210846154,1.208615385,1.211307692,1.205230769
06 09 2016,78.69,78.58,78.79,78.42,-0.02,1.210615385,1.208923077,1.212153846,1.206461538
06 10 2016,78.705,78.55,78.945,78.55,0.02,1.210846154,1.208461538,1.214538462,1.208461538
06 13 2016,78.6,78.56,78.87,78.34,-0.13,1.209230769,1.208615385,1.213384615,1.205230769
06 14 2016,78.6,78.55,78.83,78.34,0,1.209230769,1.208461538,1.212769231,1.205230769
06 15 2016,78.29,78.46,78.65,78.21,-0.39,1.204461538,1.207076923,1.21,1.203230769
06 16 2016,78.52,78.44,78.72,78.35,0.29,1.208,1.206769231,1.211076923,1.205384615
06 17 2016,78.645,78.43,78.655,78.21,0.16,1.209923077,1.206615385,1.210076923,1.203230769
06 20 2016,78.505,78.52,78.645,78.18,-0.18,1.207769231,1.208,1.209923077,1.202769231
06 21 2016,78.505,78.44,78.565,78.3,0,1.207769231,1.206769231,1.208692308,1.204615385
06 22 2016,78.525,78.38,78.545,78.32,0.03,1.208076923,1.205846154,1.208384615,1.204923077
06 23 2016,78.555,78,78.575,78,0.04,1.208538462,1.2,1.208846154,1.2
06 24 2016,78.535,78.43,78.575,78.33,-0.03,1.208230769,1.206615385,1.208846154,1.205076923
06 27 2016,78.565,78.41,78.575,78.22,0.04,1.208692308,1.206307692,1.208846154,1.203384615
06 28 2016,78.495,78.36,78.565,78.29,-0.09,1.207615385,1.205538462,1.208692308,1.204461538
06 29 2016,78.475,78.37,78.545,78.22,-0.03,1.207307692,1.205692308,1.208384615,1.203384615
06 30 2016,78.455,78.32,78.525,78.17,-0.03,1.207,1.204923077,1.208076923,1.202615385
07 01 2016,78.405,78.33,78.955,78.23,-0.06,1.206230769,1.205076923,1.214692308,1.203538462
07 04 2016,78.405,78.28,78.425,78.25,0,1.206230769,1.204307692,1.206538462,1.203846154
07 05 2016,78.375,78.05,78.425,78.05,-0.04,1.205769231,1.200769231,1.206538462,1.200769231
07 06 2016,78.395,78.25,78.525,78.17,0.03,1.206076923,1.203846154,1.208076923,1.202615385
07 07 2016,78.39,78.2,78.52,78.11,-0.01,1.206,1.203076923,1.208,1.201692308
07 08 2016,78.405,78.25,78.565,78.17,0.02,1.206230769,1.203846154,1.208692308,1.202615385
07 11 2016,78.49,78.28,78.58,78.17,0.11,1.207538462,1.204307692,1.208923077,1.202615385
07 12 2016,78.345,78.4,78.565,78.22,-0.18,1.205307692,1.206153846,1.208692308,1.203384615
07 13 2016,78.505,78.22,78.745,78.17,0.2,1.207769231,1.203384615,1.211461538,1.202615385
07 14 2016,78.475,78.38,78.605,78.27,-0.04,1.207307692,1.205846154,1.209307692,1.204153846
07 15 2016,78.355,78.22,78.475,78.22,-0.15,1.205461538,1.203384615,1.207307692,1.203384615
07 16 2016,78.425,78.3,78.425,78.3,0.09,1.206538462,1.204615385,1.206538462,1.204615385
07 18 2016,78.495,78.3,79.065,78.17,0.09,1.207615385,1.204615385,1.216384615,1.202615385
07 19 2016,78.525,78.13,78.535,78.13,0.04,1.208076923,1.202,1.208230769,1.202
07 20 2016,78.445,78.4,78.885,78.17,-0.1,1.206846154,1.206153846,1.213615385,1.202615385
07 21 2016,78.53,78.42,78.63,78.17,0.11,1.208153846,1.206461538,1.209692308,1.202615385
07 22 2016,78.455,78.39,78.515,78.17,-0.1,1.207,1.206,1.207923077,1.202615385
07 25 2016,78.47,78.33,78.83,78.27,0.02,1.207230769,1.205076923,1.212769231,1.204153846
07 26 2016,78.495,78.28,78.555,78.28,0.03,1.207615385,1.204307692,1.208538462,1.204307692
07 27 2016,78.505,78.33,78.585,78.33,0.01,1.207769231,1.205076923,1.209,1.205076923
07 28 2016,78.515,77.92,78.525,77.92,0.01,1.207923077,1.198769231,1.208076923,1.198769231
07 29 2016,78.445,78.35,78.515,78.22,-0.09,1.206846154,1.205384615,1.207923077,1.203384615
08 01 2016,78.405,78.32,78.505,78.27,-0.05,1.206230769,1.204923077,1.207769231,1.204153846
08 02 2016,78.355,78.31,78.495,78.22,-0.06,1.205461538,1.204769231,1.207615385,1.203384615
08 03 2016,78.455,78.33,78.505,78.22,0.13,1.207,1.205076923,1.207769231,1.203384615
08 04 2016,78.425,78.66,78.785,78.3,-0.04,1.206538462,1.210153846,1.212076923,1.204615385
08 05 2016,78.435,78.32,78.445,78.3,0.01,1.206692308,1.204923077,1.206846154,1.204615385
08 08 2016,78.365,78.31,78.545,78.17,-0.09,1.205615385,1.204769231,1.208384615,1.202615385
08 09 2016,78.445,78.28,78.475,78.17,0.1,1.206846154,1.204307692,1.207307692,1.202615385
08 10 2016,78.425,78.32,78.475,77.98,-0.03,1.206538462,1.204923077,1.207307692,1.199692308
08 11 2016,78.45,78.26,78.53,78.22,0.03,1.206923077,1.204,1.208153846,1.203384615
08 12 2016,78.43,78.27,78.47,78.27,-0.03,1.206615385,1.204153846,1.207230769,1.204153846
08 15 2016,78.465,78.27,78.495,78.22,0.04,1.207153846,1.204153846,1.207615385,1.203384615
08 16 2016,78.425,78.27,78.475,78.17,-0.05,1.206538462,1.204153846,1.207307692,1.202615385
08 17 2016,78.385,78.3,78.565,78.17,-0.05,1.205923077,1.204615385,1.208692308,1.202615385
08 18 2016,78.395,78.26,78.425,78.14,0.01,1.206076923,1.204,1.206538462,1.202153846
08 19 2016,78.385,78.27,78.425,78.18,-0.01,1.205923077,1.204153846,1.206538462,1.202769231
08 22 2016,78.425,78.26,78.575,78.15,0.05,1.206538462,1.204,1.208846154,1.202307692
08 23 2016,78.37,78.3,78.57,78.07,-0.07,1.205692308,1.204615385,1.208769231,1.201076923
08 24 2016,78.415,78.3,78.585,78.15,0.06,1.206384615,1.204615385,1.209,1.202307692
08 25 2016,78.385,78.36,78.485,78.15,-0.04,1.205923077,1.205538462,1.207461538,1.202307692
08 26 2016,78.385,78.33,78.455,78.15,0,1.205923077,1.205076923,1.207,1.202307692
08 29 2016,78.505,78.26,78.525,78.15,0.15,1.207769231,1.204,1.208076923,1.202307692
08 30 2016,78.355,78.38,78.505,78.17,-0.19,1.205461538,1.205846154,1.207769231,1.202615385
08 31 2016,78.475,78.31,78.485,78.23,0.15,1.207307692,1.204769231,1.207461538,1.203538462
09 01 2016,78.43,78.35,78.48,78.17,-0.06,1.206615385,1.205384615,1.207384615,1.202615385
09 02 2016,78.405,78.32,78.445,78.27,-0.03,1.206230769,1.204923077,1.206846154,1.204153846
09 05 2016,78.405,78.28,78.475,78.27,0,1.206230769,1.204307692,1.207307692,1.204153846
09 06 2016,78.34,78.28,78.52,78.17,-0.08,1.205230769,1.204307692,1.208,1.202615385
09 07 2016,78.455,78.25,78.495,78.17,0.15,1.207,1.203846154,1.207615385,1.202615385
09 08 2016,78.355,78.33,78.545,78.17,-0.13,1.205461538,1.205076923,1.208384615,1.202615385
09 09 2016,78.385,78.3,78.575,78.17,0.04,1.205923077,1.204615385,1.208846154,1.202615385
09 12 2016,78.375,78.26,78.565,78.17,-0.01,1.205769231,1.204,1.208692308,1.202615385
09 13 2016,78.385,78.25,78.395,78.17,0.01,1.205923077,1.203846154,1.206076923,1.202615385
09 14 2016,78.34,78.26,78.44,78.17,-0.06,1.205230769,1.204,1.206769231,1.202615385
09 15 2016,78.475,78.25,78.495,78.12,0.17,1.207307692,1.203846154,1.207615385,1.201846154
09 16 2016,78.415,78.35,78.475,78.12,-0.08,1.206384615,1.205384615,1.207307692,1.201846154
09 19 2016,78.495,78.29,78.525,78.12,0.1,1.207615385,1.204461538,1.208076923,1.201846154
09 20 2016,78.405,78.37,78.495,78.12,-0.11,1.206230769,1.205692308,1.207615385,1.201846154
09 21 2016,78.385,78.31,78.665,78.22,-0.03,1.205923077,1.204769231,1.210230769,1.203384615
09 22 2016,78.395,78.32,78.625,78.22,0.01,1.206076923,1.204923077,1.209615385,1.203384615
09 23 2016,78.555,78.44,78.605,78.22,0.2,1.208538462,1.206769231,1.209307692,1.203384615
09 26 2016,78.515,78.43,78.555,78.22,-0.05,1.207923077,1.206615385,1.208538462,1.203384615
09 27 2016,78.575,78.39,78.675,78.22,0.08,1.208846154,1.206,1.210384615,1.203384615
09 28 2016,78.585,78.45,78.775,78.17,0.01,1.209,1.206923077,1.211923077,1.202615385
09 29 2016,78.505,78.43,78.695,78.29,-0.1,1.207769231,1.206615385,1.210692308,1.204461538
09 30 2016,78.555,78.38,78.585,78.27,0.06,1.208538462,1.205846154,1.209,1.204153846
10 03 2016,78.525,78.43,78.555,78.35,-0.04,1.208076923,1.206615385,1.208538462,1.205384615
10 04 2016,78.52,78.4,78.67,78.27,-0.01,1.208,1.206153846,1.210307692,1.204153846
10 05 2016,78.495,78.4,78.525,78.33,-0.03,1.207615385,1.206153846,1.208076923,1.205076923
10 06 2016,78.475,78.46,78.585,78.27,-0.03,1.207307692,1.207076923,1.209,1.204153846
10 07 2016,78.435,78.62,78.745,78.27,-0.05,1.206692308,1.209538462,1.211461538,1.204153846
10 10 2016,78.505,78.31,78.515,77.9,0.09,1.207769231,1.204769231,1.207923077,1.198461538
10 11 2016,78.445,78.53,78.655,78.24,-0.08,1.206846154,1.208153846,1.210076923,1.203692308
10 12 2016,78.415,78.34,78.515,78.24,-0.04,1.206384615,1.205230769,1.207923077,1.203692308
10 13 2016,78.42,78.37,78.58,78.24,0.01,1.206461538,1.205692308,1.208923077,1.203692308
10 14 2016,78.455,78.3,78.475,78.24,0.04,1.207,1.204615385,1.207307692,1.203692308
10 17 2016,78.505,78.33,78.765,78.33,0.06,1.207769231,1.205076923,1.211769231,1.205076923
10 18 2016,78.555,78.38,78.565,78.24,0.06,1.208538462,1.205846154,1.208692308,1.203692308
10 19 2016,78.44,78.43,78.6,78.27,-0.15,1.206769231,1.206615385,1.209230769,1.204153846
10 20 2016,78.475,78.35,78.485,78.11,0.04,1.207307692,1.205384615,1.207461538,1.201692308
10 21 2016,78.405,78.3,78.475,78.07,-0.09,1.206230769,1.204615385,1.207307692,1.201076923
10 24 2016,78.525,78.28,78.535,78.07,0.15,1.208076923,1.204307692,1.208230769,1.201076923
10 25 2016,78.515,78.4,78.535,78.24,-0.01,1.207923077,1.206153846,1.208230769,1.203692308
10 26 2016,78.51,78.39,78.61,78.2,-0.01,1.207846154,1.206,1.209384615,1.203076923
10 27 2016,78.555,78.42,78.565,78.3,0.06,1.208538462,1.206461538,1.208692308,1.204615385
10 28 2016,78.445,78.43,78.705,78.27,-0.14,1.206846154,1.206615385,1.210846154,1.204153846
10 31 2016,78.355,78.32,78.605,77.9,-0.11,1.205461538,1.204923077,1.209307692,1.198461538
11 01 2016,78.415,78.23,78.655,78.23,0.08,1.206384615,1.203538462,1.210076923,1.203538462
11 02 2016,78.525,78.46,78.645,78.2,0.14,1.208076923,1.207076923,1.209923077,1.203076923
11 03 2016,78.51,78.43,78.65,78.33,-0.02,1.207846154,1.206615385,1.21,1.205076923
11 04 2016,78.51,78.41,78.57,78.35,0,1.207846154,1.206307692,1.208769231,1.205384615
11 07 2016,78.55,78.38,78.84,78.36,0.05,1.208461538,1.205846154,1.212923077,1.205538462
11 08 2016,78.645,78.44,78.735,78.44,0.12,1.209923077,1.206769231,1.211307692,1.206769231
11 09 2016,78.6,78.52,78.72,78.4,-0.06,1.209230769,1.208,1.211076923,1.206153846
11 10 2016,78.615,78.38,78.745,78.36,0.02,1.209461538,1.205846154,1.211461538,1.205538462
11 11 2016,78.575,78.47,78.675,78.44,-0.05,1.208846154,1.207230769,1.210384615,1.206769231
11 14 2016,78.63,78.45,79.22,78.4,0.07,1.209692308,1.206923077,1.218769231,1.206153846
11 15 2016,78.875,78.72,78.905,78.44,0.31,1.213461538,1.211076923,1.213923077,1.206769231
11 16 2016,78.83,78.78,78.95,78.47,-0.06,1.212769231,1.212,1.214615385,1.207230769
11 17 2016,78.86,78.5,78.97,78.5,0.04,1.213230769,1.207692308,1.214923077,1.207692308
11 18 2016,78.775,78.78,78.905,78.65,-0.11,1.211923077,1.212,1.213923077,1.21
11 21 2016,79.205,78.65,79.245,78.63,0.55,1.218538462,1.21,1.219153846,1.209692308
11 22 2016,79.11,79.08,79.29,78.59,-0.12,1.217076923,1.216615385,1.219846154,1.209076923
11 23 2016,79.33,79.09,79.8,79,0.28,1.220461538,1.216769231,1.227692308,1.215384615
11 24 2016,79.315,79.2,79.325,79.1,-0.02,1.220230769,1.218461538,1.220384615,1.216923077
11 25 2016,79.265,79.2,79.355,79.12,-0.06,1.219461538,1.218461538,1.220846154,1.217230769
11 28 2016,79.255,79.14,79.345,78.69,-0.01,1.219307692,1.217538462,1.220692308,1.210615385
11 29 2016,79.4,79.16,79.48,78.89,0.18,1.221538462,1.217846154,1.222769231,1.213692308
11 30 2016,79.33,79.25,79.72,78.88,-0.09,1.220461538,1.219230769,1.226461538,1.213538462
12 01 2016,79.595,79.23,79.675,79.22,0.33,1.224538462,1.218923077,1.225769231,1.218769231
12 02 2016,79.575,79.5,79.625,79.11,-0.03,1.224230769,1.223076923,1.225,1.217076923
12 05 2016,79.46,79.45,79.64,79.11,-0.14,1.222461538,1.222307692,1.225230769,1.217076923
12 06 2016,79.625,79.4,79.675,78.98,0.21,1.225,1.221538462,1.225769231,1.215076923
12 07 2016,79.655,79.55,79.925,79.29,0.04,1.225461538,1.223846154,1.229615385,1.219846154
12 08 2016,79.46,79.62,79.87,79.29,-0.24,1.222461538,1.224923077,1.228769231,1.219846154
12 09 2016,79.715,79.59,79.745,79.29,0.32,1.226384615,1.224461538,1.226846154,1.219846154
12 12 2016,79.375,79.59,80.035,79.2,-0.43,1.221153846,1.224461538,1.231307692,1.218461538
12 13 2016,79.46,79.25,79.46,79.22,0.11,1.222461538,1.219230769,1.222461538,1.218769231
12 14 2016,79.475,79.22,79.525,79.07,0.02,1.222692308,1.218769231,1.223461538,1.216461538
12 15 2016,79.445,79.4,79.525,79.15,-0.04,1.222230769,1.221538462,1.223461538,1.217692308
12 16 2016,79.415,79.28,79.425,79.28,-0.04,1.221769231,1.219692308,1.221923077,1.219692308
12 19 2016,79.255,79.29,79.425,78.6,-0.2,1.219307692,1.219846154,1.221923077,1.209230769
12 20 2016,78.695,79.37,79.495,78.57,-0.71,1.210692308,1.221076923,1.223,1.208769231
12 21 2016,79.125,78.51,79.415,78.5,0.55,1.217307692,1.207846154,1.221769231,1.207692308
12 22 2016,79.075,79,79.415,78.5,-0.06,1.216538462,1.215384615,1.221769231,1.207692308
12 23 2016,79.085,78.95,79.415,78.95,0.01,1.216692308,1.214615385,1.221769231,1.214615385
12 26 2016,79.075,78.96,79.105,78.3,-0.01,1.216538462,1.214769231,1.217,1.204615385
12 27 2016,79.05,78.95,79.42,78.3,-0.03,1.216153846,1.214615385,1.221846154,1.204615385
12 28 2016,79.045,78.93,79.415,78.5,-0.01,1.216076923,1.214307692,1.221769231,1.207692308
12 29 2016,79.015,78.94,79.415,78.42,-0.04,1.215615385,1.214461538,1.221769231,1.206461538
12 30 2016,79.045,78.88,79.415,78.18,0.04,1.216076923,1.213538462,1.221769231,1.202769231
01 02 2017,79.005,78.92,79.305,78.4,-0.05,1.215461538,1.214153846,1.220076923,1.206153846
01 03 2017,79.46,78.88,79.46,78.45,0.58,1.222461538,1.213538462,1.222461538,1.206923077
01 04 2017,79.17,78.95,79.46,78.65,-0.36,1.218,1.214615385,1.222461538,1.21
01 05 2017,79.205,79.03,79.255,78.32,0.04,1.218538462,1.215846154,1.219307692,1.204923077
01 06 2017,79.205,79.08,79.225,78.36,0,1.218538462,1.216615385,1.218846154,1.205538462
01 09 2017,79.075,79.08,79.635,78.7,-0.16,1.216538462,1.216615385,1.225153846,1.210769231
01 10 2017,79.005,79.07,79.495,78.62,-0.09,1.215461538,1.216461538,1.223,1.209538462
01 11 2017,79.275,79.17,79.425,78.71,0.34,1.219615385,1.218,1.221923077,1.210923077
01 12 2017,79.265,79.15,79.345,79.13,-0.01,1.219461538,1.217692308,1.220692308,1.217384615
01 13 2017,79.305,79.14,79.345,78.97,0.05,1.220076923,1.217538462,1.220692308,1.214923077
01 16 2017,79.285,79.18,79.465,78.9,-0.03,1.219769231,1.218153846,1.222538462,1.213846154
01 17 2017,79.225,79.16,79.345,78.71,-0.08,1.218846154,1.217846154,1.220692308,1.210923077
01 18 2017,79.345,79.02,79.385,79,0.15,1.220692308,1.215692308,1.221307692,1.215384615
01 19 2017,79.205,79.22,79.535,79,-0.18,1.218538462,1.218769231,1.223615385,1.215384615
01 20 2017,79.325,79.3,79.515,79.2,0.15,1.220384615,1.22,1.223307692,1.218461538
01 23 2017,79.48,79.2,79.51,78.61,0.2,1.222769231,1.218461538,1.223230769,1.209384615
01 24 2017,79.44,79.32,79.55,78.9,-0.05,1.222153846,1.220307692,1.223846154,1.213846154
01 25 2017,79.375,79.34,79.675,79.12,-0.08,1.221153846,1.220615385,1.225769231,1.217230769
01 26 2017,79.375,79.4,79.655,79.12,0,1.221153846,1.221538462,1.225461538,1.217230769
01 27 2017,79.455,79.32,79.495,79.25,0.1,1.222384615,1.220307692,1.223,1.219230769
01 30 2017,79.455,79.33,79.715,79.15,0,1.222384615,1.220461538,1.226384615,1.217692308
01 31 2017,79.615,79.27,79.625,79.27,0.2,1.224846154,1.219538462,1.225,1.219538462
02 01 2017,79.605,79.17,79.655,79.17,-0.01,1.224692308,1.218,1.225461538,1.218
02 02 2017,79.68,79.48,79.68,79.4,0.09,1.225846154,1.222769231,1.225846154,1.221538462
02 03 2017,79.675,79.5,79.675,79.5,-0.01,1.225769231,1.223076923,1.225769231,1.223076923
02 06 2017,79.68,79.55,79.74,79.41,0.01,1.225846154,1.223846154,1.226769231,1.221692308
02 07 2017,79.665,79.58,79.875,79.37,-0.02,1.225615385,1.224307692,1.228846154,1.221076923
02 08 2017,79.92,79.54,80.1,79.37,0.32,1.229538462,1.223692308,1.232307692,1.221076923
02 09 2017,79.795,79.13,79.975,79.13,-0.16,1.227615385,1.217384615,1.230384615,1.217384615
02 10 2017,79.795,79.67,80.005,79.12,0,1.227615385,1.225692308,1.230846154,1.217230769
02 13 2017,79.975,79.67,80.105,79.66,0.23,1.230384615,1.225692308,1.232384615,1.225538462
02 14 2017,79.905,79.82,80.395,79.66,-0.09,1.229307692,1.228,1.236846154,1.225538462
02 15 2017,80.015,79.75,80.705,79.66,0.14,1.231,1.226923077,1.241615385,1.225538462
02 16 2017,80.225,79.75,80.275,79.75,0.26,1.234230769,1.226923077,1.235,1.226923077
02 17 2017,80.225,80.12,80.245,79.86,0,1.234230769,1.232615385,1.234538462,1.228615385
02 20 2017,80.205,80.1,80.455,79.84,-0.02,1.233923077,1.232307692,1.237769231,1.228307692
02 21 2017,80.155,80.08,80.295,79.92,-0.06,1.233153846,1.232,1.235307692,1.229538462
02 22 2017,80.085,80.03,80.365,79.64,-0.09,1.232076923,1.231230769,1.236384615,1.225230769
02 23 2017,79.895,79.98,80.125,79.5,-0.24,1.229153846,1.230461538,1.232692308,1.223076923
02 24 2017,79.895,79.78,79.995,79.52,0,1.229153846,1.227384615,1.230692308,1.223384615
02 27 2017,79.995,79.77,80.235,79.6,0.13,1.230692308,1.227230769,1.234384615,1.224615385
02 28 2017,79.695,79.87,80.065,79.57,-0.38,1.226076923,1.228769231,1.231769231,1.224153846
03 01 2017,80.045,79.57,80.075,79.56,0.44,1.231461538,1.224153846,1.231923077,1.224
03 02 2017,80.085,79.95,80.265,79.84,0.05,1.232076923,1.23,1.234846154,1.228307692
03 03 2017,80.125,79.86,80.145,79.86,0.05,1.232692308,1.228615385,1.233,1.228615385
03 06 2017,80.05,80,80.36,79.79,-0.09,1.231538462,1.230769231,1.236307692,1.227538462
03 07 2017,80.16,80.07,80.27,79.99,0.14,1.233230769,1.231846154,1.234923077,1.230615385
03 08 2017,80.265,80.14,80.295,79.75,0.13,1.234846154,1.232923077,1.235307692,1.226923077
03 09 2017,80.2,80.29,80.51,79.75,-0.08,1.233846154,1.235230769,1.238615385,1.226923077
03 10 2017,80.225,79.98,80.265,79.98,0.03,1.234230769,1.230461538,1.234846154,1.230461538
03 13 2017,80.275,80.1,80.305,80.02,0.06,1.235,1.232307692,1.235461538,1.231076923
03 14 2017,80.295,80.15,80.395,80.15,0.02,1.235307692,1.233076923,1.236846154,1.233076923
03 15 2017,80.21,80.17,80.54,80,-0.11,1.234,1.233384615,1.239076923,1.230769231
03 16 2017,79.645,80.23,80.385,79.41,-0.7,1.225307692,1.234307692,1.236692308,1.221692308
03 17 2017,80.265,79.52,80.325,79.52,0.78,1.234846154,1.223384615,1.235769231,1.223384615
03 20 2017,80.245,80.14,80.275,79.8,-0.02,1.234538462,1.232923077,1.235,1.227692308
03 21 2017,80.205,80.12,80.365,80.08,-0.05,1.233923077,1.232615385,1.236384615,1.232
03 22 2017,79.825,80.08,80.355,79.55,-0.47,1.228076923,1.232,1.236230769,1.223846154
03 23 2017,80.28,79.7,80.39,79.63,0.57,1.235076923,1.226153846,1.236769231,1.225076923
03 24 2017,80.325,80.19,80.455,80.18,0.06,1.235769231,1.233692308,1.237769231,1.233538462
03 27 2017,80.285,80.2,80.375,79.75,-0.05,1.235153846,1.233846154,1.236538462,1.226923077
03 28 2017,80.325,80.19,80.355,80.12,0.05,1.235769231,1.233692308,1.236230769,1.232615385
03 29 2017,80.325,80.2,80.595,80.12,0,1.235769231,1.233846154,1.239923077,1.232615385
03 30 2017,80.245,80.39,80.515,79.67,-0.1,1.234538462,1.236769231,1.238692308,1.225692308
03 31 2017,80.325,80.68,80.805,79.92,0.1,1.235769231,1.241230769,1.243153846,1.229538462
04 03 2017,80.375,80.2,80.425,80.09,0.06,1.236538462,1.233846154,1.237307692,1.232153846
04 04 2017,80.31,80.25,80.47,80.06,-0.08,1.235538462,1.234615385,1.238,1.231692308
04 05 2017,80.445,80.22,80.565,79.68,0.17,1.237615385,1.234153846,1.239461538,1.225846154
04 06 2017,80.64,80.41,80.64,79.7,0.24,1.240615385,1.237076923,1.240615385,1.226153846
04 07 2017,80.475,80.36,80.695,80.33,-0.2,1.238076923,1.236307692,1.241461538,1.235846154
04 10 2017,80.645,80.35,80.835,80.34,0.21,1.240692308,1.236153846,1.243615385,1.236
04 11 2017,80.645,80.52,81.125,80.52,0,1.240692308,1.238769231,1.248076923,1.238769231
04 12 2017,81.045,80.53,81.325,80.52,0.5,1.246846154,1.238923077,1.251153846,1.238769231
04 13 2017,81.025,80.92,81.095,80.82,-0.02,1.246538462,1.244923077,1.247615385,1.243384615
04 14 2017,81.005,80.97,81.095,80.8,-0.02,1.246230769,1.245692308,1.247615385,1.243076923
04 17 2017,81.09,80.88,81.95,80.74,0.1,1.247538462,1.244307692,1.260769231,1.242153846
04 18 2017,81.775,80.77,82.135,80.77,0.84,1.258076923,1.242615385,1.263615385,1.242615385
04 19 2017,81.895,81.61,82.225,81.54,0.15,1.259923077,1.255538462,1.265,1.254461538
04 20 2017,82.795,81.82,82.845,81.77,1.1,1.273769231,1.258769231,1.274538462,1.258
04 21 2017,82.815,82.67,82.845,82.67,0.02,1.274076923,1.271846154,1.274538462,1.271846154
04 24 2017,82.935,82.69,82.945,82.12,0.14,1.275923077,1.272153846,1.276076923,1.263384615
04 25 2017,83.65,82.81,83.69,82.32,0.86,1.286923077,1.274,1.287538462,1.266461538
04 26 2017,84.225,82.32,84.595,82.32,0.69,1.295769231,1.266461538,1.301461538,1.266461538
04 27 2017,82.295,84.1,84.245,82.09,-2.29,1.266076923,1.293846154,1.296076923,1.262923077
04 28 2017,81.86,82.27,82.67,81.46,-0.53,1.259384615,1.265692308,1.271846154,1.253230769
05 01 2017,82.245,82.1,83.435,82.1,0.47,1.265307692,1.263076923,1.283615385,1.263076923
05 02 2017,82.445,82.12,82.565,82.09,0.24,1.268384615,1.263384615,1.270230769,1.262923077
05 03 2017,82.67,82.32,83.14,81.66,0.27,1.271846154,1.266461538,1.279076923,1.256307692
05 04 2017,81.575,82.58,82.745,81.45,-1.32,1.255,1.270461538,1.273,1.253076923
05 05 2017,81.555,81.45,82.745,81.39,-0.02,1.254692308,1.253076923,1.273,1.252153846
05 08 2017,81.55,81.44,81.65,80.4,-0.01,1.254615385,1.252923077,1.256153846,1.236923077
05 09 2017,81.365,81.43,81.575,80.4,-0.23,1.251769231,1.252769231,1.255,1.236923077
05 10 2017,81.6,81.24,81.6,81.2,0.29,1.255384615,1.249846154,1.255384615,1.249230769
05 11 2017,81.425,81.2,81.715,80.45,-0.21,1.252692308,1.249230769,1.257153846,1.237692308
05 12 2017,81.425,81.3,81.525,81.3,0,1.252692308,1.250769231,1.254230769,1.250769231
05 15 2017,81.405,81.3,81.655,80.45,-0.02,1.252384615,1.250769231,1.256230769,1.237692308
05 16 2017,81.36,80.6,81.47,80.5,-0.06,1.251692308,1.24,1.253384615,1.238461538
05 17 2017,80.795,81.27,81.395,80.55,-0.69,1.243,1.250307692,1.252230769,1.239230769
05 18 2017,80.685,81.19,81.405,80.47,-0.14,1.241307692,1.249076923,1.252384615,1.238
05 19 2017,80.755,80.57,80.785,80.47,0.09,1.242384615,1.239538462,1.242846154,1.238
05 22 2017,80.72,80.63,80.84,80.46,-0.04,1.241846154,1.240461538,1.243692308,1.237846154
05 23 2017,80.73,80.57,80.83,80.45,0.01,1.242,1.239538462,1.243538462,1.237692308
05 24 2017,80.71,80.63,80.88,80.45,-0.02,1.241692308,1.240461538,1.244307692,1.237692308
05 25 2017,80.795,80.63,80.805,80.5,0.11,1.243,1.240461538,1.243153846,1.238461538
05 26 2017,80.775,80.67,80.795,80.59,-0.02,1.242692308,1.241076923,1.243,1.239846154
05 29 2017,80.755,80.65,80.845,80.5,-0.02,1.242384615,1.240769231,1.243769231,1.238461538
05 30 2017,80.735,80.63,80.855,80.53,-0.02,1.242076923,1.240461538,1.243923077,1.238923077
05 31 2017,80.805,80.68,80.895,80.55,0.09,1.243153846,1.241230769,1.244538462,1.239230769
06 01 2017,80.855,80.68,80.885,80.55,0.06,1.243923077,1.241230769,1.244384615,1.239230769
06 02 2017,80.845,80.71,80.865,80.66,-0.01,1.243769231,1.241692308,1.244076923,1.240923077
06 05 2017,80.815,80.73,80.915,80.48,-0.04,1.243307692,1.242,1.244846154,1.238153846
06 06 2017,80.825,80.69,80.855,80.57,0.01,1.243461538,1.241384615,1.243923077,1.239538462
06 07 2017,80.895,80.7,80.905,80.58,0.09,1.244538462,1.241538462,1.244692308,1.239692308
06 08 2017,80.905,80.77,80.915,80.59,0.01,1.244692308,1.242615385,1.244846154,1.239846154
06 09 2017,80.905,80.78,80.905,80.7,0,1.244692308,1.242769231,1.244692308,1.241538462
06 12 2017,80.7,80.78,80.97,80.51,-0.25,1.241538462,1.242769231,1.245692308,1.238615385
06 13 2017,80.845,80.62,80.875,80.55,0.18,1.243769231,1.240307692,1.244230769,1.239230769
06 14 2017,80.84,80.72,80.96,80.51,-0.01,1.243692308,1.241846154,1.245538462,1.238615385
06 15 2017,80.795,80.73,80.885,80.51,-0.06,1.243,1.242,1.244384615,1.238615385
06 16 2017,80.865,80.7,80.875,80.67,0.09,1.244076923,1.241538462,1.244230769,1.241076923
06 19 2017,80.785,80.74,80.895,80.5,-0.1,1.242846154,1.242153846,1.244538462,1.238461538
06 20 2017,80.775,80.68,80.855,80.48,-0.01,1.242692308,1.241230769,1.243923077,1.238153846
06 21 2017,80.815,80.65,80.845,80.48,0.05,1.243307692,1.240769231,1.243769231,1.238153846
06 22 2017,80.81,80.69,80.92,80.48,-0.01,1.243230769,1.241384615,1.244923077,1.238153846
06 23 2017,80.825,80.65,80.845,80.64,0.02,1.243461538,1.240769231,1.243769231,1.240615385
06 26 2017,80.825,80.7,80.905,80.54,0,1.243461538,1.241538462,1.244692308,1.239076923
06 27 2017,80.8,80.7,80.88,80.64,-0.03,1.243076923,1.241538462,1.244307692,1.240615385
06 28 2017,80.855,80.7,80.885,80.56,0.07,1.243923077,1.241538462,1.244384615,1.239384615
06 29 2017,80.83,80.73,80.95,80.57,-0.03,1.243538462,1.242,1.245384615,1.239538462
06 30 2017,80.695,80.66,80.845,80.5,-0.17,1.241461538,1.240923077,1.243769231,1.238461538
07 03 2017,80.8,80.7,80.8,80.7,0.13,1.243076923,1.241538462,1.243076923,1.241538462
07 04 2017,80.675,80.7,80.905,80.55,-0.15,1.241153846,1.241538462,1.244692308,1.239230769
07 05 2017,80.885,80.55,80.965,80.55,0.26,1.244384615,1.239230769,1.245615385,1.239230769
07 06 2017,81.205,80.78,81.335,80.59,0.4,1.249307692,1.242769231,1.251307692,1.239846154
07 07 2017,81.145,81.08,81.275,80.95,-0.07,1.248384615,1.247384615,1.250384615,1.245384615
07 10 2017,81.45,81.07,81.53,80.59,0.38,1.253076923,1.247230769,1.254307692,1.239846154
07 11 2017,81.465,81.32,81.615,80.59,0.02,1.253307692,1.251076923,1.255615385,1.239846154
07 12 2017,81.395,81.3,81.545,80.62,-0.09,1.252230769,1.250769231,1.254538462,1.240307692
07 13 2017,81.355,81.27,81.395,81,-0.05,1.251615385,1.250307692,1.252230769,1.246153846
07 14 2017,81.265,81.23,81.515,81.05,-0.11,1.250230769,1.249692308,1.254076923,1.246923077
07 17 2017,80.895,81.21,81.335,80.73,-0.46,1.244538462,1.249384615,1.251307692,1.242
07 18 2017,80.745,80.77,80.925,80.55,-0.19,1.242230769,1.242615385,1.245,1.239230769
07 19 2017,80.765,80.62,80.875,80.59,0.02,1.242538462,1.240307692,1.244230769,1.239846154
07 20 2017,80.705,80.67,80.835,80.54,-0.07,1.241615385,1.241076923,1.243615385,1.239076923
07 21 2017,80.695,80.6,80.725,80.57,-0.01,1.241461538,1.24,1.241923077,1.239538462
07 24 2017,80.82,80.57,80.9,80.57,0.15,1.243384615,1.239538462,1.244615385,1.239538462
07 25 2017,81.22,80.67,81.42,80.62,0.49,1.249538462,1.241076923,1.252615385,1.240307692
07 26 2017,81.115,80.66,81.535,80.63,-0.13,1.247923077,1.240923077,1.254384615,1.240461538
07 27 2017,80.71,81.15,81.3,80.56,-0.5,1.241692308,1.248461538,1.250769231,1.239384615
07 28 2017,80.695,80.6,80.725,80.56,-0.02,1.241461538,1.24,1.241923077,1.239384615
07 31 2017,81.325,80.57,81.375,80,0.78,1.251153846,1.239538462,1.251923077,1.230769231
08 01 2017,81.225,81.2,81.375,80.56,-0.12,1.249615385,1.249230769,1.251923077,1.239384615
08 02 2017,80.755,81.1,81.295,80.63,-0.58,1.242384615,1.247692308,1.250692308,1.240461538
08 03 2017,80.925,80.8,81.115,80.6,0.21,1.245,1.243076923,1.247923077,1.24
08 04 2017,80.955,80.87,80.995,80.71,0.04,1.245461538,1.244153846,1.246076923,1.241692308
08 07 2017,80.755,80.83,81.035,80.63,-0.25,1.242384615,1.243538462,1.246692308,1.240461538
08 08 2017,80.965,80.63,81.075,80.63,0.26,1.245615385,1.240461538,1.247307692,1.240461538
08 09 2017,80.98,80.84,81.06,80.69,0.02,1.245846154,1.243692308,1.247076923,1.241384615
08 10 2017,80.875,80.77,80.995,80.71,-0.13,1.244230769,1.242615385,1.246076923,1.241692308
08 11 2017,80.855,80.75,80.875,80.73,-0.02,1.243923077,1.242307692,1.244230769,1.242
08 14 2017,80.945,80.73,81.105,80.67,0.11,1.245307692,1.242,1.247769231,1.241076923
08 15 2017,80.755,80.755,80.915,80.755,-0.23,1.242384615,1.242384615,1.244846154,1.242384615
08 16 2017,80.945,80.865,81.105,80.865,0.24,1.245307692,1.244076923,1.247769231,1.244076923
08 17 2017,81.15,80.97,81.23,80.87,0.25,1.248461538,1.245692308,1.249692308,1.244153846
08 18 2017,81.155,81.205,81.205,81.155,0.01,1.248538462,1.249307692,1.249307692,1.248538462
08 21 2017,81.26,81.15,81.37,80.86,0.13,1.250153846,1.248461538,1.251846154,1.244
08 22 2017,81.19,81.43,81.51,80.95,-0.09,1.249076923,1.252769231,1.254,1.245384615
08 23 2017,81.12,81.56,81.56,81.04,-0.09,1.248,1.254769231,1.254769231,1.246769231
08 24 2017,81.195,81.145,81.225,80.815,0.09,1.249153846,1.248384615,1.249615385,1.243307692
08 25 2017,81.165,81.415,81.415,81.165,-0.04,1.248692308,1.252538462,1.252538462,1.248692308
08 28 2017,81.125,81.175,81.375,80.815,-0.05,1.248076923,1.248846154,1.251923077,1.243307692
08 29 2017,81.195,81.125,81.225,80.945,0.09,1.249153846,1.248076923,1.249615385,1.245307692
08 30 2017,81.33,81.28,81.41,80.9,0.17,1.251230769,1.250461538,1.252461538,1.244615385
08 31 2017,81.225,81.405,81.465,81.025,-0.13,1.249615385,1.252384615,1.253307692,1.246538462
09 01 2017,80.795,80.805,81.005,80.795,-0.53,1.243,1.243153846,1.246230769,1.243
09 04 2017,81.305,80.795,81.325,80.795,0.63,1.250846154,1.243,1.251153846,1.243
09 05 2017,81.345,81.305,81.475,80.815,0.05,1.251461538,1.250846154,1.253461538,1.243307692
09 06 2017,81.37,81.47,81.65,80.94,0.03,1.251846154,1.253384615,1.256153846,1.245230769
09 07 2017,81.57,81.34,81.65,80.84,0.25,1.254923077,1.251384615,1.256153846,1.243692308
09 08 2017,81.555,81.595,81.595,81.545,-0.02,1.254692308,1.255307692,1.255307692,1.254538462
09 11 2017,82.075,81.555,82.075,80.815,0.64,1.262692308,1.254692308,1.262692308,1.243307692
09 12 2017,81.8,82.06,82.11,80.8,-0.34,1.258461538,1.262461538,1.263230769,1.243076923
09 13 2017,82.045,82.055,82.225,80.815,0.3,1.262230769,1.262384615,1.265,1.243307692
09 14 2017,80.795,82.045,82.045,80.795,-1.52,1.243,1.262230769,1.262230769,1.243
09 15 2017,80.755,80.795,81.975,80.755,-0.05,1.242384615,1.243,1.261153846,1.242384615
09 18 2017,80.815,80.755,81.815,80.755,0.07,1.243307692,1.242384615,1.258692308,1.242384615
09 19 2017,82.125,80.815,82.155,80.815,1.62,1.263461538,1.243307692,1.263923077,1.243307692
09 20 2017,80.845,82.055,82.125,80.845,-1.56,1.243769231,1.262384615,1.263461538,1.243769231
09 21 2017,81.975,81.415,82.025,80.845,1.4,1.261153846,1.252538462,1.261923077,1.243769231
09 22 2017,81.965,81.975,81.975,81.255,-0.01,1.261,1.261153846,1.261153846,1.250076923
09 25 2017,81.975,81.995,82.205,80.945,0.01,1.261153846,1.261461538,1.264692308,1.245307692
09 26 2017,81.47,81.98,81.98,80.74,-0.62,1.253384615,1.261230769,1.261230769,1.242153846
09 27 2017,82.205,80.895,82.375,80.895,0.9,1.264692308,1.244538462,1.267307692,1.244538462
09 28 2017,81.955,82.205,82.205,80.915,-0.3,1.260846154,1.264692308,1.264692308,1.244846154
09 29 2017,82.28,82.04,82.36,81.57,0.4,1.265846154,1.262153846,1.267076923,1.254923077
10 02 2017,81.955,82.235,82.265,80.915,-0.39,1.260846154,1.265153846,1.265615385,1.244846154
10 03 2017,81.5,81.93,81.95,80.89,-0.56,1.253846154,1.260461538,1.260769231,1.244461538
10 04 2017,82.11,81.5,82.22,80.96,0.75,1.263230769,1.253846154,1.264923077,1.245538462
10 05 2017,80.885,82.145,82.145,80.885,-1.49,1.244384615,1.263769231,1.263769231,1.244384615
10 06 2017,81.395,80.885,81.425,80.885,0.63,1.252230769,1.244384615,1.252692308,1.244384615
10 09 2017,82.045,81.395,82.075,80.915,0.8,1.262230769,1.252230769,1.262692308,1.244846154
10 10 2017,82.06,82.04,82.22,80.91,0.02,1.262461538,1.262153846,1.264923077,1.244769231
10 11 2017,81.555,81.395,82.525,80.915,-0.62,1.254692308,1.252230769,1.269615385,1.244846154
10 12 2017,80.895,81.555,82.475,80.895,-0.81,1.244538462,1.254692308,1.268846154,1.244538462
10 13 2017,80.875,80.895,80.915,80.825,-0.02,1.244230769,1.244538462,1.244846154,1.243461538
10 16 2017,80.915,80.875,81.185,80.875,0.05,1.244846154,1.244230769,1.249,1.244230769
10 17 2017,80.89,80.95,82.45,80.89,-0.03,1.244461538,1.245384615,1.268461538,1.244461538
10 18 2017,82.435,80.905,82.525,80.905,1.91,1.268230769,1.244692308,1.269615385,1.244692308
10 19 2017,82.55,82.46,82.55,82.37,0.14,1.27,1.268615385,1.27,1.267230769
10 20 2017,82.575,82.445,82.575,82.285,0.03,1.270384615,1.268384615,1.270384615,1.265923077
10 23 2017,83.1,82.85,83.1,82.66,0.64,1.278461538,1.274615385,1.278461538,1.271692308
10 24 2017,82.89,82.87,82.97,81.01,-0.25,1.275230769,1.274923077,1.276461538,1.246307692
10 25 2017,83.1,83.2,83.25,82.5,0.25,1.278461538,1.28,1.280769231,1.269230769
10 26 2017,82.895,82.825,83.025,82.765,-0.25,1.275307692,1.274230769,1.277307692,1.273307692
10 27 2017,82.895,82.895,82.925,82.225,0,1.275307692,1.275307692,1.275769231,1.265
10 30 2017,83.16,83.11,83.19,83.06,0.32,1.279384615,1.278615385,1.279846154,1.277846154
10 31 2017,83.16,83.08,83.24,82.44,0,1.279384615,1.278153846,1.280615385,1.268307692
11 01 2017,82.805,82.915,83.075,82.765,-0.43,1.273923077,1.275615385,1.278076923,1.273307692
11 02 2017,83.175,82.925,83.275,82.845,0.45,1.279615385,1.275769231,1.281153846,1.274538462
11 03 2017,83.175,83.115,83.175,82.925,0,1.279615385,1.278692308,1.279615385,1.275769231
11 06 2017,83.175,81.145,83.235,81.145,0,1.279615385,1.248384615,1.280538462,1.248384615
11 07 2017,82.84,83.33,83.68,81.28,-0.4,1.274461538,1.282,1.287384615,1.250461538
11 08 2017,83.25,83.1,83.25,81.19,0.49,1.280769231,1.278461538,1.280769231,1.249076923
11 09 2017,82.985,83.365,83.515,81.355,-0.32,1.276692308,1.282538462,1.284846154,1.251615385
11 10 2017,83.325,83.325,83.325,82.775,0.41,1.281923077,1.281923077,1.281923077,1.273461538
,,,,,,,,,
,Highest:84.595,Lowest:76.970,Difference:7.625,Average:78.681,Change %:7.641,,,,
